DATE,TIME,datetime,ENTX,ENTY,ENTZ,ENTF,ENTX_filtered,ENTY_filtered,ENTZ_filtered,ENTF_filtered
2026-04-26,00:00:00.000,2026-04-26 00:00:00,35331.66,1376.97,2408.27,35449.88,35333.99562500003,1376.351718750001,2408.087812500002,35452.19187500001
2026-04-26,00:01:00.000,2026-04-26 00:01:00,35331.83,1376.85,2408.27,35450.05,35334.16562500003,1376.2317187500007,2408.087812500002,35452.361875000024
2026-04-26,00:02:00.000,2026-04-26 00:02:00,35331.99,1376.66,2408.21,35450.21,35334.32562500003,1376.0417187500009,2408.0278125000027,35452.52187500002
2026-04-26,00:03:00.000,2026-04-26 00:03:00,35332.1,1376.53,2408.15,35450.3,35334.43562500003,1375.9117187500008,2407.967812500003,35452.61187500002
2026-04-26,00:04:00.000,2026-04-26 00:04:00,35332.37,1376.42,2408.17,35450.58,35334.70562500003,1375.801718750001,2407.9878125000023,35452.89187500004
2026-04-26,00:05:00.000,2026-04-26 00:05:00,35332.55,1376.32,2408.14,35450.75,35334.88562500004,1375.7017187500007,2407.9578125000016,35453.061875000036
2026-04-26,00:06:00.000,2026-04-26 00:06:00,35332.83,1376.23,2408.12,35451.01,35335.16562500003,1375.6117187500013,2407.937812500002,35453.32187500002
2026-04-26,00:07:00.000,2026-04-26 00:07:00,35333.07,1376.08,2408.1,35451.26,35335.40562500002,1375.4617187500012,2407.9178125000017,35453.57187500002
2026-04-26,00:08:00.000,2026-04-26 00:08:00,35333.25,1375.88,2408.08,35451.43,35334.01937500003,1376.2217187500012,2408.1065625000024,35452.21062500002
2026-04-26,00:09:00.000,2026-04-26 00:09:00,35333.61,1375.7,2408.06,35451.8,35334.37937500003,1376.0417187500009,2408.086562500002,35452.58062500003
2026-04-26,00:10:00.000,2026-04-26 00:10:00,35333.87,1375.53,2408.04,35452.04,35334.639375000035,1375.871718750001,2408.0665625000024,35452.82062500003
2026-04-26,00:11:00.000,2026-04-26 00:11:00,35334.06,1375.42,2408.02,35452.23,35334.82937500002,1375.761718750001,2408.046562500002,35453.01062500003
2026-04-26,00:12:00.000,2026-04-26 00:12:00,35334.07,1375.37,2407.96,35452.23,35334.839375000025,1375.7117187500007,2407.986562500002,35453.01062500003
2026-04-26,00:13:00.000,2026-04-26 00:13:00,35333.91,1375.43,2407.88,35452.07,35334.679375000036,1375.7717187500007,2407.906562500002,35452.85062500003
2026-04-26,00:14:00.000,2026-04-26 00:14:00,35334.04,1375.53,2407.86,35452.21,35334.809375000026,1375.8717187500008,2407.886562500002,35452.99062500001
2026-04-26,00:15:00.000,2026-04-26 00:15:00,35334.12,1375.52,2407.86,35452.28,35334.88937500003,1375.861718750001,2407.886562500002,35453.06062500002
2026-04-26,00:16:00.000,2026-04-26 00:16:00,35334.31,1375.53,2407.89,35452.48,35334.58687500003,1375.6104687500006,2408.012812500002,35452.754375000026
2026-04-26,00:17:00.000,2026-04-26 00:17:00,35334.41,1375.63,2407.88,35452.58,35334.686875000036,1375.710468750001,2408.0028125000026,35452.85437500002
2026-04-26,00:18:00.000,2026-04-26 00:18:00,35334.43,1375.76,2407.88,35452.61,35334.706875000025,1375.8404687500008,2408.0028125000026,35452.88437500002
2026-04-26,00:19:00.000,2026-04-26 00:19:00,35334.45,1375.82,2407.89,35452.64,35334.72687500003,1375.9004687500008,2408.012812500002,35452.91437500002
2026-04-26,00:20:00.000,2026-04-26 00:20:00,35334.32,1375.86,2407.88,35452.5,35334.59687500003,1375.940468750001,2408.002812500002,35452.77437500002
2026-04-26,00:21:00.000,2026-04-26 00:21:00,35334.29,1375.95,2407.85,35452.48,35334.56687500003,1376.030468750001,2407.9728125000015,35452.75437500003
2026-04-26,00:22:00.000,2026-04-26 00:22:00,35334.31,1375.97,2407.84,35452.51,35334.58687500002,1376.0504687500013,2407.9628125000027,35452.784375000025
2026-04-26,00:23:00.000,2026-04-26 00:23:00,35334.35,1375.95,2407.88,35452.54,35334.626875000016,1376.0304687500013,2408.0028125000026,35452.81437500002
2026-04-26,00:24:00.000,2026-04-26 00:24:00,35334.5,1375.9,2407.87,35452.69,35334.16812500003,1375.9104687500007,2407.929062500002,35452.339375000025
2026-04-26,00:25:00.000,2026-04-26 00:25:00,35334.54,1375.84,2407.88,35452.74,35334.20812500003,1375.8504687500008,2407.9390625000024,35452.38937500001
2026-04-26,00:26:00.000,2026-04-26 00:26:00,35334.72,1375.77,2407.91,35452.92,35334.38812500003,1375.7804687500009,2407.9690625000017,35452.56937500002
2026-04-26,00:27:00.000,2026-04-26 00:27:00,35335.01,1375.75,2407.94,35453.2,35334.678125000035,1375.7604687500009,2407.9990625000023,35452.84937500002
2026-04-26,00:28:00.000,2026-04-26 00:28:00,35335.06,1375.81,2407.96,35453.26,35334.72812500002,1375.8204687500008,2408.019062500002,35452.90937500003
2026-04-26,00:29:00.000,2026-04-26 00:29:00,35335.23,1375.93,2407.98,35453.42,35334.898125000036,1375.9404687500012,2408.0390625000023,35453.06937500002
2026-04-26,00:30:00.000,2026-04-26 00:30:00,35335.28,1376.0,2407.97,35453.5,35334.94812500003,1376.0104687500009,2408.029062500002,35453.14937500003
2026-04-26,00:31:00.000,2026-04-26 00:31:00,35335.4,1376.03,2407.99,35453.61,35335.06812500003,1376.040468750001,2408.0490625000025,35453.25937500003
2026-04-26,00:32:00.000,2026-04-26 00:32:00,35335.49,1376.03,2407.99,35453.7,35334.75812500003,1376.027968750001,2408.070312500002,35452.97062500002
2026-04-26,00:33:00.000,2026-04-26 00:33:00,35335.49,1376.05,2407.96,35453.69,35334.75812500003,1376.047968750001,2408.040312500002,35452.96062500003
2026-04-26,00:34:00.000,2026-04-26 00:34:00,35335.33,1376.06,2407.94,35453.52,35334.59812500004,1376.0579687500008,2408.020312500003,35452.79062500002
2026-04-26,00:35:00.000,2026-04-26 00:35:00,35335.27,1376.04,2407.89,35453.45,35334.53812500003,1376.0379687500008,2407.970312500003,35452.720625000016
2026-04-26,00:36:00.000,2026-04-26 00:36:00,35335.23,1375.95,2407.89,35453.4,35334.49812500003,1375.9479687500009,2407.9703125000015,35452.67062500003
2026-04-26,00:37:00.000,2026-04-26 00:37:00,35335.29,1375.77,2407.9,35453.47,35334.558125000025,1375.767968750001,2407.9803125000017,35452.740625000035
2026-04-26,00:38:00.000,2026-04-26 00:38:00,35335.35,1375.66,2407.87,35453.51,35334.61812500003,1375.657968750001,2407.950312500002,35452.78062500002
2026-04-26,00:39:00.000,2026-04-26 00:39:00,35335.49,1375.57,2407.89,35453.63,35334.75812500003,1375.5679687500008,2407.9703125000015,35452.90062500002
2026-04-26,00:40:00.000,2026-04-26 00:40:00,35335.63,1375.46,2407.92,35453.77,35334.60062500003,1375.840468750001,2407.972812500002,35452.77562500002
2026-04-26,00:41:00.000,2026-04-26 00:41:00,35335.84,1375.38,2407.97,35453.98,35334.81062500002,1375.760468750001,2408.022812500002,35452.98562500002
2026-04-26,00:42:00.000,2026-04-26 00:42:00,35335.84,1375.37,2407.97,35453.98,35334.81062500003,1375.7504687500007,2408.0228125000017,35452.98562500003
2026-04-26,00:43:00.000,2026-04-26 00:43:00,35335.78,1375.44,2407.95,35453.92,35334.75062500003,1375.8204687500008,2408.002812500002,35452.92562500002
2026-04-26,00:44:00.000,2026-04-26 00:44:00,35335.8,1375.5,2407.97,35453.95,35334.770625000034,1375.880468750001,2408.0228125000017,35452.95562500003
2026-04-26,00:45:00.000,2026-04-26 00:45:00,35335.57,1375.58,2407.94,35453.72,35334.54062500002,1375.960468750001,2407.992812500002,35452.725625000036
2026-04-26,00:46:00.000,2026-04-26 00:46:00,35335.42,1375.65,2407.9,35453.58,35334.39062500003,1376.030468750001,2407.9528125000024,35452.58562500002
2026-04-26,00:47:00.000,2026-04-26 00:47:00,35335.44,1375.69,2407.93,35453.59,35334.41062500003,1376.070468750001,2407.982812500002,35452.595625000016
2026-04-26,00:48:00.000,2026-04-26 00:48:00,35335.3,1375.74,2407.9,35453.45,35334.50562500003,1375.661718750001,2407.861562500002,35452.658125000016
2026-04-26,00:49:00.000,2026-04-26 00:49:00,35335.36,1375.79,2407.95,35453.54,35334.565625000025,1375.7117187500012,2407.911562500002,35452.74812500003
2026-04-26,00:50:00.000,2026-04-26 00:50:00,35335.44,1375.8,2407.99,35453.62,35334.64562500003,1375.7217187500014,2407.951562500002,35452.82812500002
2026-04-26,00:51:00.000,2026-04-26 00:51:00,35335.55,1375.85,2408.04,35453.72,35334.75562500003,1375.7717187500011,2408.0015625000024,35452.92812500003
2026-04-26,00:52:00.000,2026-04-26 00:52:00,35335.49,1375.95,2408.05,35453.67,35334.69562500003,1375.8717187500008,2408.011562500002,35452.878125000025
2026-04-26,00:53:00.000,2026-04-26 00:53:00,35335.4,1376.1,2408.08,35453.58,35334.60562500003,1376.021718750001,2408.041562500002,35452.78812500003
2026-04-26,00:54:00.000,2026-04-26 00:54:00,35335.47,1376.21,2408.12,35453.66,35334.675625000025,1376.1317187500008,2408.081562500002,35452.86812500003
2026-04-26,00:55:00.000,2026-04-26 00:55:00,35335.43,1376.3,2408.15,35453.63,35334.63562500003,1376.2217187500005,2408.1115625000025,35452.83812500003
2026-04-26,00:56:00.000,2026-04-26 00:56:00,35335.37,1376.31,2408.14,35453.58,35334.87562500004,1376.195468750001,2408.0190625000023,35453.07937500002
2026-04-26,00:57:00.000,2026-04-26 00:57:00,35335.4,1376.18,2408.14,35453.6,35334.905625000036,1376.065468750001,2408.0190625000023,35453.09937500001
2026-04-26,00:58:00.000,2026-04-26 00:58:00,35335.22,1376.04,2408.14,35453.41,35334.72562500003,1375.9254687500008,2408.019062500002,35452.90937500003
2026-04-26,00:59:00.000,2026-04-26 00:59:00,35335.1,1375.96,2408.1,35453.28,35334.60562500003,1375.845468750001,2407.979062500002,35452.77937500003
2026-04-26,01:00:00.000,2026-04-26 01:00:00,35335.03,1375.9,2408.11,35453.21,35334.53562500002,1375.785468750001,2407.9890625000025,35452.70937500002
2026-04-26,01:01:00.000,2026-04-26 01:01:00,35334.98,1375.87,2408.11,35453.15,35334.48562500003,1375.7554687500008,2407.9890625000025,35452.64937500002
2026-04-26,01:02:00.000,2026-04-26 01:02:00,35334.94,1375.87,2408.09,35453.12,35334.44562500003,1375.7554687500008,2407.969062500002,35452.61937500002
2026-04-26,01:03:00.000,2026-04-26 01:03:00,35335.0,1375.9,2408.11,35453.19,35334.50562500003,1375.785468750001,2407.9890625000025,35452.68937500002
2026-04-26,01:04:00.000,2026-04-26 01:04:00,35335.21,1376.04,2408.17,35453.39,35337.94250000003,1375.453125000001,2408.640156250001,35456.03843750002
2026-04-26,01:05:00.000,2026-04-26 01:05:00,35335.41,1376.15,2408.22,35453.59,35338.14250000002,1375.563125000001,2408.690156250001,35456.23843750002
2026-04-26,01:06:00.000,2026-04-26 01:06:00,35335.54,1376.24,2408.29,35453.73,35338.27250000003,1375.6531250000012,2408.760156250001,35456.37843750003
2026-04-26,01:07:00.000,2026-04-26 01:07:00,35335.75,1376.28,2408.32,35453.94,35338.48250000002,1375.6931250000011,2408.7901562500015,35456.588437500024
2026-04-26,01:08:00.000,2026-04-26 01:08:00,35335.9,1376.31,2408.37,35454.08,35338.63250000002,1375.7231250000013,2408.8401562500017,35456.72843750003
2026-04-26,01:09:00.000,2026-04-26 01:09:00,35336.11,1376.23,2408.38,35454.28,35338.84250000003,1375.6431250000014,2408.850156250002,35456.92843750003
2026-04-26,01:10:00.000,2026-04-26 01:10:00,35336.25,1376.12,2408.39,35454.42,35338.98250000001,1375.5331250000013,2408.860156250002,35457.06843750003
2026-04-26,01:11:00.000,2026-04-26 01:11:00,35336.44,1376.0,2408.39,35454.58,35339.172500000015,1375.4131250000014,2408.860156250002,35457.22843750003
2026-04-26,01:12:00.000,2026-04-26 01:12:00,35336.59,1375.95,2408.42,35454.73,35338.062500000015,1375.6543750000014,2408.765156250002,35456.16218750003
2026-04-26,01:13:00.000,2026-04-26 01:13:00,35336.75,1375.97,2408.44,35454.88,35338.22250000002,1375.6743750000014,2408.7851562500014,35456.31218750002
2026-04-26,01:14:00.000,2026-04-26 01:14:00,35336.91,1375.99,2408.42,35455.05,35338.38250000002,1375.6943750000012,2408.765156250002,35456.48218750003
2026-04-26,01:15:00.000,2026-04-26 01:15:00,35337.14,1375.99,2408.46,35455.28,35338.61250000002,1375.6943750000012,2408.805156250002,35456.71218750002
2026-04-26,01:16:00.000,2026-04-26 01:16:00,35337.23,1375.91,2408.45,35455.36,35338.70250000002,1375.6143750000012,2408.795156250001,35456.79218750004
2026-04-26,01:17:00.000,2026-04-26 01:17:00,35337.3,1375.83,2408.45,35455.42,35338.77250000003,1375.5343750000013,2408.795156250001,35456.85218750004
2026-04-26,01:18:00.000,2026-04-26 01:18:00,35337.41,1375.7,2408.45,35455.53,35338.88250000003,1375.4043750000012,2408.7951562500016,35456.96218750002
2026-04-26,01:19:00.000,2026-04-26 01:19:00,35337.36,1375.7,2408.44,35455.49,35338.832500000026,1375.4043750000012,2408.7851562500023,35456.92218750003
2026-04-26,01:20:00.000,2026-04-26 01:20:00,35337.33,1375.84,2408.44,35455.45,35338.15250000003,1375.3318750000008,2408.698906250001,35456.23093750002
2026-04-26,01:21:00.000,2026-04-26 01:21:00,35337.49,1375.94,2408.47,35455.63,35338.31250000002,1375.4318750000011,2408.728906250001,35456.410937500026
2026-04-26,01:22:00.000,2026-04-26 01:22:00,35337.63,1376.09,2408.51,35455.77,35338.45250000003,1375.5818750000012,2408.7689062500012,35456.550937500026
2026-04-26,01:23:00.000,2026-04-26 01:23:00,35337.77,1376.21,2408.53,35455.9,35338.59250000003,1375.701875000001,2408.7889062500017,35456.68093750003
2026-04-26,01:24:00.000,2026-04-26 01:24:00,35337.9,1376.24,2408.58,35456.04,35338.72250000002,1375.7318750000015,2408.8389062500014,35456.82093750002
2026-04-26,01:25:00.000,2026-04-26 01:25:00,35337.98,1376.2,2408.59,35456.11,35338.80250000002,1375.6918750000016,2408.8489062500016,35456.89093750003
2026-04-26,01:26:00.000,2026-04-26 01:26:00,35337.93,1376.12,2408.56,35456.06,35338.752500000024,1375.6118750000012,2408.818906250001,35456.840937500034
2026-04-26,01:27:00.000,2026-04-26 01:27:00,35337.86,1376.1,2408.54,35455.99,35338.68250000002,1375.5918750000012,2408.7989062500014,35456.77093750003
2026-04-26,01:28:00.000,2026-04-26 01:28:00,35337.79,1376.13,2408.54,35455.91,35338.71750000002,1375.8718750000012,2408.770156250002,35456.827187500036
2026-04-26,01:29:00.000,2026-04-26 01:29:00,35337.73,1376.12,2408.55,35455.84,35338.65750000002,1375.861875000001,2408.780156250002,35456.75718750003
2026-04-26,01:30:00.000,2026-04-26 01:30:00,35337.74,1376.06,2408.6,35455.86,35338.66750000002,1375.8018750000012,2408.8301562500014,35456.77718750003
2026-04-26,01:31:00.000,2026-04-26 01:31:00,35337.7,1375.98,2408.57,35455.8,35338.627500000024,1375.7218750000013,2408.8001562500017,35456.717187500035
2026-04-26,01:32:00.000,2026-04-26 01:32:00,35337.65,1375.84,2408.57,35455.75,35338.57750000003,1375.5818750000012,2408.800156250001,35456.66718750003
2026-04-26,01:33:00.000,2026-04-26 01:33:00,35337.59,1375.68,2408.56,35455.68,35338.517500000016,1375.4218750000014,2408.7901562500006,35456.597187500025
2026-04-26,01:34:00.000,2026-04-26 01:34:00,35337.48,1375.54,2408.54,35455.56,35338.40750000003,1375.2818750000013,2408.7701562500015,35456.47718750003
2026-04-26,01:35:00.000,2026-04-26 01:35:00,35337.37,1375.39,2408.52,35455.46,35338.29750000003,1375.1318750000012,2408.750156250001,35456.377187500024
2026-04-26,01:36:00.000,2026-04-26 01:36:00,35337.23,1375.39,2408.49,35455.3,35338.20375000002,1375.3106250000014,2408.6101562500016,35456.29218750003
2026-04-26,01:37:00.000,2026-04-26 01:37:00,35337.14,1375.46,2408.51,35455.2,35338.113750000026,1375.3806250000011,2408.630156250002,35456.192187500026
2026-04-26,01:38:00.000,2026-04-26 01:38:00,35337.17,1375.57,2408.55,35455.23,35338.143750000025,1375.490625000001,2408.6701562500016,35456.22218750003
2026-04-26,01:39:00.000,2026-04-26 01:39:00,35337.36,1375.65,2408.6,35455.44,35338.33375000003,1375.570625000001,2408.7201562500018,35456.432187500024
2026-04-26,01:40:00.000,2026-04-26 01:40:00,35337.53,1375.7,2408.67,35455.61,35338.503750000025,1375.620625000001,2408.790156250002,35456.60218750003
2026-04-26,01:41:00.000,2026-04-26 01:41:00,35337.76,1375.77,2408.75,35455.83,35338.73375000002,1375.690625000001,2408.870156250002,35456.82218750003
2026-04-26,01:42:00.000,2026-04-26 01:42:00,35338.04,1375.87,2408.82,35456.12,35339.01375000003,1375.7906250000012,2408.940156250001,35457.11218750002
2026-04-26,01:43:00.000,2026-04-26 01:43:00,35338.45,1375.9,2408.94,35456.53,35339.423750000016,1375.8206250000014,2409.060156250001,35457.52218750002
2026-04-26,01:44:00.000,2026-04-26 01:44:00,35338.88,1375.83,2409.07,35456.96,35337.19250000002,1376.0081250000014,2408.5914062500015,35455.28718750001
2026-04-26,01:45:00.000,2026-04-26 01:45:00,35339.37,1375.69,2409.15,35457.45,35337.682500000024,1375.8681250000016,2408.6714062500014,35455.77718750002
2026-04-26,01:46:00.000,2026-04-26 01:46:00,35339.92,1375.51,2409.2,35458.0,35338.23250000002,1375.688125000001,2408.721406250001,35456.32718750002
2026-04-26,01:47:00.000,2026-04-26 01:47:00,35340.27,1375.36,2409.28,35458.33,35338.582500000026,1375.538125000001,2408.801406250001,35456.65718750002
2026-04-26,01:48:00.000,2026-04-26 01:48:00,35340.64,1375.23,2409.32,35458.72,35338.95250000003,1375.408125000001,2408.8414062500015,35457.04718750004
2026-04-26,01:49:00.000,2026-04-26 01:49:00,35340.89,1375.25,2409.37,35458.96,35339.20250000003,1375.428125000001,2408.8914062500016,35457.28718750003
2026-04-26,01:50:00.000,2026-04-26 01:50:00,35340.94,1375.24,2409.36,35459.02,35339.25250000003,1375.4181250000013,2408.8814062500023,35457.34718750003
2026-04-26,01:51:00.000,2026-04-26 01:51:00,35341.06,1375.14,2409.37,35459.14,35339.37250000003,1375.3181250000014,2408.8914062500016,35457.46718750003
2026-04-26,01:52:00.000,2026-04-26 01:52:00,35341.06,1374.99,2409.35,35459.12,35338.88125000003,1375.5581250000012,2408.9389062500013,35456.98718750003
2026-04-26,01:53:00.000,2026-04-26 01:53:00,35340.94,1374.93,2409.28,35459.01,35338.76125000003,1375.4981250000012,2408.8689062500016,35456.87718750003
2026-04-26,01:54:00.000,2026-04-26 01:54:00,35340.75,1374.97,2409.22,35458.8,35338.57125000002,1375.5381250000014,2408.8089062500007,35456.667187500025
2026-04-26,01:55:00.000,2026-04-26 01:55:00,35340.59,1375.04,2409.15,35458.64,35338.41125000002,1375.608125000001,2408.738906250001,35456.50718750002
2026-04-26,01:56:00.000,2026-04-26 01:56:00,35340.55,1375.07,2409.13,35458.59,35338.371250000026,1375.6381250000013,2408.718906250002,35456.45718750002
2026-04-26,01:57:00.000,2026-04-26 01:57:00,35340.61,1375.04,2409.15,35458.65,35338.43125000002,1375.608125000001,2408.7389062500015,35456.51718750003
2026-04-26,01:58:00.000,2026-04-26 01:58:00,35340.59,1375.05,2409.13,35458.62,35338.41125000001,1375.6181250000013,2408.7189062500015,35456.487187500024
2026-04-26,01:59:00.000,2026-04-26 01:59:00,35340.81,1375.04,2409.17,35458.83,35338.63125000001,1375.608125000001,2408.7589062500015,35456.69718750003
2026-04-26,02:00:00.000,2026-04-26 02:00:00,35340.94,1375.0,2409.22,35458.95,35337.87750000003,1375.9818750000013,2408.685156250002,35455.98468750002
2026-04-26,02:01:00.000,2026-04-26 02:01:00,35341.01,1374.81,2409.23,35459.02,35337.947500000024,1375.7918750000013,2408.695156250002,35456.05468750003
2026-04-26,02:02:00.000,2026-04-26 02:02:00,35341.23,1374.74,2409.25,35459.23,35338.167500000025,1375.7218750000013,2408.715156250001,35456.26468750003
2026-04-26,02:03:00.000,2026-04-26 02:03:00,35341.36,1374.68,2409.28,35459.36,35338.29750000003,1375.6618750000014,2408.745156250002,35456.39468750003
2026-04-26,02:04:00.000,2026-04-26 02:04:00,35341.61,1374.57,2409.31,35459.61,35338.547500000015,1375.551875000001,2408.775156250001,35456.644687500026
2026-04-26,02:05:00.000,2026-04-26 02:05:00,35341.79,1374.46,2409.35,35459.77,35338.72750000002,1375.441875000001,2408.815156250001,35456.804687500015
2026-04-26,02:06:00.000,2026-04-26 02:06:00,35342.27,1374.36,2409.43,35460.24,35339.20750000002,1375.341875000001,2408.8951562500006,35457.27468750003
2026-04-26,02:07:00.000,2026-04-26 02:07:00,35342.76,1374.2,2409.5,35460.74,35339.697500000024,1375.1818750000011,2408.965156250001,35457.77468750003
2026-04-26,02:08:00.000,2026-04-26 02:08:00,35342.83,1374.05,2409.52,35460.82,35344.96562500003,1374.2079687500013,2410.396406250002,35463.02046875003
2026-04-26,02:09:00.000,2026-04-26 02:09:00,35343.14,1373.9,2409.5,35461.1,35345.27562500003,1374.0579687500012,2410.3764062500018,35463.30046875003
2026-04-26,02:10:00.000,2026-04-26 02:10:00,35343.73,1373.71,2409.57,35461.69,35345.86562500004,1373.8679687500014,2410.4464062500024,35463.890468750025
2026-04-26,02:11:00.000,2026-04-26 02:11:00,35344.42,1373.38,2409.66,35462.38,35346.555625000045,1373.5379687500015,2410.5364062500025,35464.58046875003
2026-04-26,02:12:00.000,2026-04-26 02:12:00,35344.98,1373.11,2409.71,35462.92,35347.11562500003,1373.2679687500013,2410.5864062500023,35465.12046875004
2026-04-26,02:13:00.000,2026-04-26 02:13:00,35345.04,1372.89,2409.63,35462.98,35347.175625000025,1373.0479687500015,2410.5064062500023,35465.180468750055
2026-04-26,02:14:00.000,2026-04-26 02:14:00,35345.12,1372.77,2409.59,35463.04,35347.25562500002,1372.9279687500014,2410.466406250002,35465.240468750046
2026-04-26,02:15:00.000,2026-04-26 02:15:00,35345.12,1372.69,2409.52,35463.04,35347.25562500002,1372.8479687500014,2410.396406250002,35465.240468750046
2026-04-26,02:16:00.000,2026-04-26 02:16:00,35344.65,1372.73,2409.36,35462.57,35347.575625000034,1372.6092187500012,2410.5926562500017,35465.55546875005
2026-04-26,02:17:00.000,2026-04-26 02:17:00,35344.09,1373.05,2409.24,35462.02,35347.01562500004,1372.9292187500014,2410.472656250002,35465.005468750045
2026-04-26,02:18:00.000,2026-04-26 02:18:00,35343.78,1373.27,2409.19,35461.72,35346.70562500004,1373.1492187500012,2410.4226562500025,35464.70546875004
2026-04-26,02:19:00.000,2026-04-26 02:19:00,35343.4,1373.54,2409.16,35461.35,35346.325625000034,1373.4192187500012,2410.392656250002,35464.33546875003
2026-04-26,02:20:00.000,2026-04-26 02:20:00,35343.18,1373.8,2409.16,35461.14,35346.105625000026,1373.6792187500014,2410.3926562500023,35464.12546875004
2026-04-26,02:21:00.000,2026-04-26 02:21:00,35343.03,1373.96,2409.17,35461.0,35345.95562500003,1373.8392187500017,2410.4026562500026,35463.98546875004
2026-04-26,02:22:00.000,2026-04-26 02:22:00,35342.92,1374.11,2409.24,35460.89,35345.84562500003,1373.9892187500016,2410.4726562500023,35463.87546875004
2026-04-26,02:23:00.000,2026-04-26 02:23:00,35343.01,1374.27,2409.33,35461.0,35345.93562500003,1374.1492187500014,2410.5626562500024,35463.98546875004
2026-04-26,02:24:00.000,2026-04-26 02:24:00,35343.01,1374.24,2409.41,35461.01,35345.08812500003,1374.2379687500015,2410.147656250002,35463.129218750044
2026-04-26,02:25:00.000,2026-04-26 02:25:00,35343.39,1374.31,2409.51,35461.4,35345.468125000036,1374.3079687500012,2410.2476562500024,35463.51921875004
2026-04-26,02:26:00.000,2026-04-26 02:26:00,35343.86,1374.07,2409.65,35461.87,35345.93812500003,1374.0679687500012,2410.3876562500022,35463.98921875004
2026-04-26,02:27:00.000,2026-04-26 02:27:00,35344.26,1373.76,2409.78,35462.25,35346.338125000024,1373.7579687500013,2410.5176562500023,35464.36921875004
2026-04-26,02:28:00.000,2026-04-26 02:28:00,35344.54,1373.28,2409.8,35462.51,35346.61812500003,1373.2779687500015,2410.5376562500023,35464.62921875003
2026-04-26,02:29:00.000,2026-04-26 02:29:00,35344.96,1372.84,2409.87,35462.91,35347.03812500003,1372.8379687500014,2410.607656250002,35465.02921875004
2026-04-26,02:30:00.000,2026-04-26 02:30:00,35345.27,1372.7,2409.89,35463.2,35347.34812500002,1372.6979687500016,2410.627656250002,35465.31921875004
2026-04-26,02:31:00.000,2026-04-26 02:31:00,35345.55,1372.58,2409.9,35463.47,35347.62812500003,1372.5779687500012,2410.6376562500022,35465.58921875004
2026-04-26,02:32:00.000,2026-04-26 02:32:00,35345.6,1372.61,2409.9,35463.52,35346.46687500003,1372.8692187500012,2410.4676562500026,35464.456718750036
2026-04-26,02:33:00.000,2026-04-26 02:33:00,35345.47,1372.59,2409.88,35463.4,35346.33687500002,1372.8492187500012,2410.447656250002,35464.33671875004
2026-04-26,02:34:00.000,2026-04-26 02:34:00,35345.46,1372.79,2409.85,35463.38,35346.32687500002,1373.0492187500013,2410.4176562500015,35464.316718750044
2026-04-26,02:35:00.000,2026-04-26 02:35:00,35345.34,1373.11,2409.83,35463.27,35346.206875000025,1373.3692187500014,2410.397656250002,35464.20671875004
2026-04-26,02:36:00.000,2026-04-26 02:36:00,35345.45,1373.34,2409.85,35463.4,35346.31687500003,1373.5992187500012,2410.417656250002,35464.33671875004
2026-04-26,02:37:00.000,2026-04-26 02:37:00,35345.7,1373.58,2409.92,35463.65,35346.56687500003,1373.8392187500015,2410.4876562500026,35464.58671875004
2026-04-26,02:38:00.000,2026-04-26 02:38:00,35345.73,1373.76,2409.96,35463.7,35346.59687500003,1374.0192187500013,2410.527656250002,35464.63671875003
2026-04-26,02:39:00.000,2026-04-26 02:39:00,35345.78,1373.91,2409.98,35463.76,35346.646875000035,1374.1692187500014,2410.5476562500025,35464.69671875004
2026-04-26,02:40:00.000,2026-04-26 02:40:00,35346.08,1374.07,2410.02,35464.07,35345.40062500004,1373.7267187500013,2410.282137347111,35463.41921875004
2026-04-26,02:41:00.000,2026-04-26 02:41:00,35346.34,1374.19,2410.09,35464.33,35345.66062500003,1373.8467187500016,2410.3521373471117,35463.67921875005
2026-04-26,02:42:00.000,2026-04-26 02:42:00,35346.75,1374.19,2410.12,35464.75,35346.07062500003,1373.8467187500016,2410.3821373471114,35464.09921875003
2026-04-26,02:43:00.000,2026-04-26 02:43:00,35347.16,1373.99,2410.19,35465.15,35346.48062500003,1373.6467187500014,2410.452137347111,35464.49921875004
2026-04-26,02:44:00.000,2026-04-26 02:44:00,35347.39,1373.69,2410.21,35465.37,35346.71062500003,1373.3467187500012,2410.472137347111,35464.71921875003
2026-04-26,02:45:00.000,2026-04-26 02:45:00,35347.58,1373.49,2410.23,35465.55,35346.90062500003,1373.1467187500014,2410.4921373471107,35464.89921875004
2026-04-26,02:46:00.000,2026-04-26 02:46:00,35347.9,1373.45,2410.23,35465.88,35347.22062500004,1373.1067187500014,2410.492137347111,35465.22921875004
2026-04-26,02:47:00.000,2026-04-26 02:47:00,35347.7,1373.44,2410.19,35465.68,35347.02062500003,1373.0967187500012,2410.452137347111,35465.029218750045
2026-04-26,02:48:00.000,2026-04-26 02:48:00,35347.22,1373.72,2410.06,35465.21,35347.35312500003,1373.1267187500014,2410.4396373471113,35465.34796875004
2026-04-26,02:49:00.000,2026-04-26 02:49:00,35346.7,1374.28,2409.94,35464.71,35346.83312500003,1373.6867187500013,2410.3196373471114,35464.84796875004
2026-04-26,02:50:00.000,2026-04-26 02:50:00,35346.46,1374.56,2409.93,35464.47,35346.59312500003,1373.966718750001,2410.309637347111,35464.60796875003
2026-04-26,02:51:00.000,2026-04-26 02:51:00,35346.26,1374.3,2409.98,35464.27,35346.39312500003,1373.7067187500013,2410.3596373471114,35464.407968750034
2026-04-26,02:52:00.000,2026-04-26 02:52:00,35346.1,1374.13,2410.01,35464.12,35346.23312500003,1373.5367187500015,2410.3896373471116,35464.25796875005
2026-04-26,02:53:00.000,2026-04-26 02:53:00,35345.9,1374.05,2410.03,35463.91,35346.03312500003,1373.4567187500015,2410.409637347112,35464.04796875004
2026-04-26,02:54:00.000,2026-04-26 02:54:00,35345.87,1373.88,2410.13,35463.89,35346.00312500003,1373.2867187500017,2410.509637347111,35464.027968750044
2026-04-26,02:55:00.000,2026-04-26 02:55:00,35345.89,1373.59,2410.26,35463.89,35346.02312500002,1372.9967187500013,2410.639637347111,35464.027968750044
2026-04-26,02:56:00.000,2026-04-26 02:56:00,35345.93,1373.53,2410.37,35463.94,35344.71187500003,1373.8567187500014,2409.066072669573,35462.67171875005
2026-04-26,02:57:00.000,2026-04-26 02:57:00,35345.98,1373.26,2410.54,35463.99,35344.76187500003,1373.5867187500014,2409.236072669573,35462.721718750036
2026-04-26,02:58:00.000,2026-04-26 02:58:00,35346.32,1373.14,2410.72,35464.35,35345.10187500003,1373.4667187500015,2409.4160726695727,35463.08171875004
2026-04-26,02:59:00.000,2026-04-26 02:59:00,35346.64,1373.08,2410.99,35464.69,35345.42187500002,1373.4067187500016,2409.6860726695722,35463.42171875004
2026-04-26,03:00:00.000,2026-04-26 03:00:00,35347.27,1373.04,2411.31,35465.33,35346.05187500002,1373.366718750001,2410.0060726695724,35464.06171875003
2026-04-26,03:01:00.000,2026-04-26 03:01:00,35348.58,1373.05,2411.74,35466.67,35347.36187500003,1373.3767187500011,2410.4360726695727,35465.40171875003
2026-04-26,03:02:00.000,2026-04-26 03:02:00,35349.73,1373.04,2412.18,35467.84,35348.51187500004,1373.3667187500012,2410.8760726695723,35466.57171875003
2026-04-26,03:03:00.000,2026-04-26 03:03:00,35350.76,1373.01,2412.6,35468.91,35349.54187500004,1373.3367187500014,2411.2960726695724,35467.641718750034
2026-04-26,03:04:00.000,2026-04-26 03:04:00,35351.43,1373.54,2412.96,35469.63,35345.18812500003,1373.8554687500014,2410.2077776362135,35463.16921875003
2026-04-26,03:05:00.000,2026-04-26 03:05:00,35351.91,1373.58,2413.26,35470.11,35345.66812500004,1373.8954687500013,2410.5077776362136,35463.64921875004
2026-04-26,03:06:00.000,2026-04-26 03:06:00,35351.75,1373.47,2413.4,35469.97,35345.50812500004,1373.7854687500017,2410.647777636213,35463.50921875004
2026-04-26,03:07:00.000,2026-04-26 03:07:00,35351.63,1373.22,2413.57,35469.86,35345.38812500003,1373.5354687500017,2410.817777636213,35463.39921875004
2026-04-26,03:08:00.000,2026-04-26 03:08:00,35352.55,1373.0,2413.91,35470.8,35346.30812500003,1373.315468750001,2411.1577776362133,35464.33921875004
2026-04-26,03:09:00.000,2026-04-26 03:09:00,35353.82,1372.7,2414.25,35472.06,35347.57812500002,1373.0154687500012,2411.4977776362134,35465.59921875004
2026-04-26,03:10:00.000,2026-04-26 03:10:00,35354.22,1372.79,2414.37,35472.48,35347.97812500002,1373.1054687500011,2411.6177776362133,35466.01921875004
2026-04-26,03:11:00.000,2026-04-26 03:11:00,35354.09,1372.94,2414.37,35472.35,35347.84812500002,1373.2554687500012,2411.6177776362133,35465.88921875004
2026-04-26,03:12:00.000,2026-04-26 03:12:00,35353.96,1372.9,2414.34,35472.24,35355.283750000024,1376.510208024463,2414.2064062500026,35473.75375000001
2026-04-26,03:13:00.000,2026-04-26 03:13:00,35353.51,1372.6,2414.19,35471.77,35354.83375000003,1376.2102080244629,2414.056406250002,35473.28375000001
2026-04-26,03:14:00.000,2026-04-26 03:14:00,35353.74,1372.63,2414.12,35471.98,35355.06375000003,1376.2402080244628,2413.986406250003,35473.493750000016
2026-04-26,03:15:00.000,2026-04-26 03:15:00,35354.37,1373.12,2414.14,35472.65,35355.693750000035,1376.7302080244626,2414.0064062500023,35474.163750000014
2026-04-26,03:16:00.000,2026-04-26 03:16:00,35353.78,1373.37,2414.0,35472.05,35355.103750000024,1376.980208024463,2413.866406250003,35473.56375000002
2026-04-26,03:17:00.000,2026-04-26 03:17:00,35353.76,1373.74,2413.97,35472.04,35355.083750000034,1377.350208024463,2413.8364062500023,35473.553750000014
2026-04-26,03:18:00.000,2026-04-26 03:18:00,35353.76,1373.24,2413.93,35472.03,35355.08375000003,1376.8502080244634,2413.7964062500023,35473.54375000002
2026-04-26,03:19:00.000,2026-04-26 03:19:00,35353.04,1372.52,2413.85,35471.3,35354.363750000026,1376.1302080244632,2413.7164062500024,35472.81375000002
2026-04-26,03:20:00.000,2026-04-26 03:20:00,35353.65,1372.13,2413.9,35471.89,35355.13250000002,1375.707708024463,2413.9789062500035,35473.563750000016
2026-04-26,03:21:00.000,2026-04-26 03:21:00,35353.41,1371.74,2413.91,35471.62,35354.89250000003,1375.3177080244627,2413.988906250003,35473.29375000001
2026-04-26,03:22:00.000,2026-04-26 03:22:00,35353.94,1371.95,2414.0,35472.15,35355.42250000003,1375.527708024463,2414.078906250003,35473.82375000001
2026-04-26,03:23:00.000,2026-04-26 03:23:00,35353.89,1372.62,2413.95,35472.15,35355.37250000003,1376.197708024463,2414.028906250003,35473.82375000001
2026-04-26,03:24:00.000,2026-04-26 03:24:00,35353.65,1373.38,2413.88,35471.94,35355.132500000036,1376.9577080244628,2413.958906250002,35473.613750000026
2026-04-26,03:25:00.000,2026-04-26 03:25:00,35353.81,1374.02,2413.83,35472.11,35355.292500000025,1377.5977080244627,2413.908906250002,35473.783750000024
2026-04-26,03:26:00.000,2026-04-26 03:26:00,35353.34,1374.38,2413.72,35471.67,35354.82250000002,1377.9577080244633,2413.798906250002,35473.343750000015
2026-04-26,03:27:00.000,2026-04-26 03:27:00,35352.96,1374.16,2413.65,35471.25,35354.44250000003,1377.737708024463,2413.728906250002,35472.923750000016
2026-04-26,03:28:00.000,2026-04-26 03:28:00,35353.58,1374.2,2413.7,35471.89,35354.14625000002,1376.2171427909561,2413.6751562500026,35472.596250000024
2026-04-26,03:29:00.000,2026-04-26 03:29:00,35353.98,1373.92,2413.77,35472.27,35354.54625000003,1375.9371427909564,2413.7451562500023,35472.97625000003
2026-04-26,03:30:00.000,2026-04-26 03:30:00,35353.75,1373.59,2413.83,35472.05,35354.316250000025,1375.607142790956,2413.8051562500023,35472.75625000003
2026-04-26,03:31:00.000,2026-04-26 03:31:00,35354.13,1374.12,2413.88,35472.45,35354.696250000015,1376.1371427909562,2413.8551562500024,35473.15625000002
2026-04-26,03:32:00.000,2026-04-26 03:32:00,35354.9,1374.48,2414.09,35473.25,35355.466250000034,1376.4971427909566,2414.065156250003,35473.95625000001
2026-04-26,03:33:00.000,2026-04-26 03:33:00,35355.07,1374.02,2414.15,35473.38,35355.63625000003,1376.0371427909565,2414.1251562500024,35474.086250000015
2026-04-26,03:34:00.000,2026-04-26 03:34:00,35355.32,1374.19,2414.15,35473.65,35355.88625000003,1376.2071427909564,2414.125156250003,35474.35625000001
2026-04-26,03:35:00.000,2026-04-26 03:35:00,35355.25,1374.52,2414.1,35473.58,35355.816250000025,1376.5371427909563,2414.0751562500027,35474.286250000005
2026-04-26,03:36:00.000,2026-04-26 03:36:00,35355.46,1375.36,2414.06,35473.83,35354.52500000003,1375.1532732579697,2414.0276562500026,35472.931250000016
2026-04-26,03:37:00.000,2026-04-26 03:37:00,35355.32,1375.96,2414.02,35473.71,35354.38500000003,1375.75327325797,2413.9876562500026,35472.81125000002
2026-04-26,03:38:00.000,2026-04-26 03:38:00,35355.28,1376.17,2414.02,35473.66,35354.34500000003,1375.9632732579698,2413.987656250002,35472.76125000002
2026-04-26,03:39:00.000,2026-04-26 03:39:00,35355.91,1376.98,2414.0,35474.32,35354.975000000035,1376.7732732579698,2413.9676562500026,35473.42125000002
2026-04-26,03:40:00.000,2026-04-26 03:40:00,35355.9,1377.43,2413.97,35474.32,35354.965000000026,1377.2232732579696,2413.9376562500024,35473.421250000014
2026-04-26,03:41:00.000,2026-04-26 03:41:00,35356.04,1378.04,2413.92,35474.49,35355.105000000025,1377.8332732579693,2413.8876562500022,35473.59125000001
2026-04-26,03:42:00.000,2026-04-26 03:42:00,35356.41,1378.65,2413.89,35474.87,35355.47500000003,1378.4432732579696,2413.8576562500025,35473.971250000024
2026-04-26,03:43:00.000,2026-04-26 03:43:00,35357.67,1379.89,2413.85,35476.16,35356.73500000002,1379.6832732579694,2413.8176562500025,35475.26125000003
2026-04-26,03:44:00.000,2026-04-26 03:44:00,35358.52,1380.99,2413.77,35477.05,35355.90500000002,1379.585729475539,2414.1039062500026,35474.32625000002
2026-04-26,03:45:00.000,2026-04-26 03:45:00,35358.23,1381.4,2413.52,35476.78,35355.61500000003,1379.9957294755388,2413.8539062500026,35474.056250000016
2026-04-26,03:46:00.000,2026-04-26 03:46:00,35356.61,1381.08,2413.38,35475.14,35353.995000000024,1379.6757294755391,2413.7139062500028,35472.41625000001
2026-04-26,03:47:00.000,2026-04-26 03:47:00,35356.82,1381.49,2413.51,35475.35,35354.20500000003,1380.085729475539,2413.843906250003,35472.626250000016
2026-04-26,03:48:00.000,2026-04-26 03:48:00,35358.21,1382.05,2413.73,35476.78,35355.59500000003,1380.6457294755387,2414.063906250002,35474.05625000002
2026-04-26,03:49:00.000,2026-04-26 03:49:00,35358.61,1382.78,2413.76,35477.22,35355.995000000024,1381.3757294755387,2414.093906250002,35474.496250000026
2026-04-26,03:50:00.000,2026-04-26 03:50:00,35358.06,1382.98,2413.67,35476.67,35355.44500000002,1381.575729475539,2414.0039062500023,35473.94625000001
2026-04-26,03:51:00.000,2026-04-26 03:51:00,35356.37,1382.79,2413.46,35474.97,35353.755000000034,1381.385729475539,2413.7939062500022,35472.24625000001
2026-04-26,03:52:00.000,2026-04-26 03:52:00,35355.38,1382.64,2413.48,35473.95,35355.297500000015,1380.7407294755387,2413.507656250003,35473.727500000015
2026-04-26,03:53:00.000,2026-04-26 03:53:00,35355.64,1382.65,2413.67,35474.23,35355.557500000024,1380.750729475539,2413.6976562500026,35474.007500000014
2026-04-26,03:54:00.000,2026-04-26 03:54:00,35355.58,1382.46,2413.76,35474.17,35355.49750000002,1380.5607294755391,2413.787656250003,35473.94750000001
2026-04-26,03:55:00.000,2026-04-26 03:55:00,35355.46,1382.35,2413.87,35474.05,35355.377500000024,1380.450729475539,2413.8976562500025,35473.827500000014
2026-04-26,03:56:00.000,2026-04-26 03:56:00,35354.57,1382.0,2413.89,35473.17,35354.48750000003,1380.1007294755389,2413.917656250002,35472.94750000002
2026-04-26,03:57:00.000,2026-04-26 03:57:00,35354.97,1382.46,2414.04,35473.57,35354.88750000004,1380.560729475539,2414.0676562500025,35473.347500000025
2026-04-26,03:58:00.000,2026-04-26 03:58:00,35354.52,1382.14,2414.22,35473.12,35354.43750000004,1380.240729475539,2414.247656250002,35472.89750000003
2026-04-26,03:59:00.000,2026-04-26 03:59:00,35355.05,1382.82,2414.32,35473.69,35354.967500000035,1380.9207294755388,2414.3476562500023,35473.46750000002
2026-04-26,04:00:00.000,2026-04-26 04:00:00,35355.02,1382.83,2414.29,35473.66,35354.73250000003,1380.695729475539,2414.1814062500025,35473.23125000002
2026-04-26,04:01:00.000,2026-04-26 04:01:00,35354.76,1381.86,2414.13,35473.35,35354.47250000003,1379.7257294755389,2414.0214062500027,35472.92125000002
2026-04-26,04:02:00.000,2026-04-26 04:02:00,35355.66,1381.9,2414.11,35474.23,35355.37250000003,1379.765729475539,2414.001406250003,35473.801250000026
2026-04-26,04:03:00.000,2026-04-26 04:03:00,35356.44,1382.28,2414.06,35475.02,35356.152500000026,1380.1457294755387,2413.951406250003,35474.59125000002
2026-04-26,04:04:00.000,2026-04-26 04:04:00,35356.31,1382.58,2413.99,35474.89,35356.02250000002,1380.4457294755387,2413.8814062500014,35474.461250000015
2026-04-26,04:05:00.000,2026-04-26 04:05:00,35355.65,1383.09,2413.93,35474.25,35355.36250000003,1380.9557294755389,2413.821406250002,35473.821250000015
2026-04-26,04:06:00.000,2026-04-26 04:06:00,35354.63,1383.35,2413.88,35473.25,35354.34250000003,1381.2157294755386,2413.771406250002,35472.821250000015
2026-04-26,04:07:00.000,2026-04-26 04:07:00,35354.34,1383.51,2413.95,35472.95,35354.05250000002,1381.375729475539,2413.841406250002,35472.52125000001
2026-04-26,04:08:00.000,2026-04-26 04:08:00,35354.39,1383.94,2414.02,35473.03,35354.93750000003,1380.379479475539,2413.8789062500027,35473.41000000001
2026-04-26,04:09:00.000,2026-04-26 04:09:00,35354.34,1384.34,2414.08,35472.99,35354.887500000026,1380.7794794755391,2413.938906250003,35473.37000000002
2026-04-26,04:10:00.000,2026-04-26 04:10:00,35354.04,1384.28,2414.21,35472.69,35354.58750000002,1380.719479475539,2414.068906250003,35473.07000000003
2026-04-26,04:11:00.000,2026-04-26 04:11:00,35353.63,1384.15,2414.2,35472.27,35354.17750000002,1380.5894794755388,2414.0589062500026,35472.650000000016
2026-04-26,04:12:00.000,2026-04-26 04:12:00,35354.0,1384.17,2414.18,35472.63,35354.54750000004,1380.609479475539,2414.0389062500017,35473.01000000002
2026-04-26,04:13:00.000,2026-04-26 04:13:00,35354.76,1383.84,2414.12,35473.35,35355.30750000003,1380.2794794755387,2413.978906250002,35473.73000000002
2026-04-26,04:14:00.000,2026-04-26 04:14:00,35355.64,1384.07,2414.01,35474.24,35356.18750000003,1380.5094794755387,2413.8689062500025,35474.62000000001
2026-04-26,04:15:00.000,2026-04-26 04:15:00,35355.33,1384.02,2413.78,35473.93,35355.87750000003,1380.459479475539,2413.638906250003,35474.31000000001
2026-04-26,04:16:00.000,2026-04-26 04:16:00,35355.57,1384.03,2413.63,35474.14,35364.03315580985,1379.3357294755385,2411.91418666605,35482.31574522796
2026-04-26,04:17:00.000,2026-04-26 04:17:00,35355.68,1383.84,2413.5,35474.26,35364.14315580985,1379.1457294755385,2411.78418666605,35482.43574522796
2026-04-26,04:18:00.000,2026-04-26 04:18:00,35354.92,1383.31,2413.25,35473.45,35363.383155809846,1378.6157294755387,2411.5341866660506,35481.625745227946
2026-04-26,04:19:00.000,2026-04-26 04:19:00,35354.55,1383.28,2413.13,35473.08,35363.01315580985,1378.5857294755385,2411.4141866660507,35481.25574522795
2026-04-26,04:20:00.000,2026-04-26 04:20:00,35354.31,1383.35,2413.03,35472.85,35362.77315580984,1378.6557294755387,2411.3141866660503,35481.02574522796
2026-04-26,04:21:00.000,2026-04-26 04:21:00,35354.53,1383.21,2413.02,35473.05,35362.99315580984,1378.5157294755388,2411.30418666605,35481.22574522796
2026-04-26,04:22:00.000,2026-04-26 04:22:00,35354.48,1382.9,2412.92,35472.99,35362.94315580984,1378.205729475539,2411.2041866660497,35481.16574522796
2026-04-26,04:23:00.000,2026-04-26 04:23:00,35354.23,1382.55,2412.87,35472.72,35362.69315580984,1377.8557294755387,2411.1541866660496,35480.89574522796
2026-04-26,04:24:00.000,2026-04-26 04:24:00,35354.37,1382.37,2412.88,35472.85,35364.34940580984,1379.0632294755385,2411.1129366660507,35482.60199522796
2026-04-26,04:25:00.000,2026-04-26 04:25:00,35352.69,1381.87,2412.85,35471.15,35362.669405809844,1378.5632294755385,2411.08293666605,35480.90199522796
2026-04-26,04:26:00.000,2026-04-26 04:26:00,35352.54,1382.27,2413.01,35471.01,35362.51940580985,1378.9632294755386,2411.242936666051,35480.761995227964
2026-04-26,04:27:00.000,2026-04-26 04:27:00,35352.41,1381.78,2413.27,35470.91,35362.389405809845,1378.4732294755388,2411.502936666051,35480.66199522797
2026-04-26,04:28:00.000,2026-04-26 04:28:00,35352.93,1381.99,2413.43,35471.41,35362.90940580984,1378.6832294755386,2411.66293666605,35481.16199522796
2026-04-26,04:29:00.000,2026-04-26 04:29:00,35353.19,1381.8,2413.52,35471.67,35363.16940580985,1378.4932294755386,2411.75293666605,35481.42199522795
2026-04-26,04:30:00.000,2026-04-26 04:30:00,35353.59,1381.9,2413.45,35472.07,35363.56940580984,1378.593229475539,2411.68293666605,35481.82199522795
2026-04-26,04:31:00.000,2026-04-26 04:31:00,35354.42,1381.39,2413.35,35472.86,35364.39940580984,1378.0832294755387,2411.5829366660505,35482.611995227955
2026-04-26,04:32:00.000,2026-04-26 04:32:00,35354.87,1380.97,2413.24,35473.3,35361.28947159931,1379.6094794755388,2411.8041866660496,35479.63079248518
2026-04-26,04:33:00.000,2026-04-26 04:33:00,35355.49,1380.85,2413.1,35473.91,35361.909471599305,1379.4894794755385,2411.66418666605,35480.24079248518
2026-04-26,04:34:00.000,2026-04-26 04:34:00,35355.69,1380.56,2412.91,35474.1,35362.10947159932,1379.1994794755387,2411.47418666605,35480.43079248519
2026-04-26,04:35:00.000,2026-04-26 04:35:00,35355.18,1380.07,2412.7,35473.56,35361.59947159931,1378.709479475539,2411.26418666605,35479.89079248518
2026-04-26,04:36:00.000,2026-04-26 04:36:00,35354.8,1379.73,2412.66,35473.17,35361.21947159932,1378.3694794755388,2411.2241866660506,35479.50079248518
2026-04-26,04:37:00.000,2026-04-26 04:37:00,35354.85,1379.57,2412.71,35473.19,35361.269471599306,1378.2094794755385,2411.274186666051,35479.520792485186
2026-04-26,04:38:00.000,2026-04-26 04:38:00,35354.99,1379.19,2412.82,35473.33,35361.409471599305,1377.8294794755386,2411.3841866660505,35479.66079248519
2026-04-26,04:39:00.000,2026-04-26 04:39:00,35355.71,1378.86,2412.97,35474.03,35362.129471599306,1377.4994794755387,2411.53418666605,35480.36079248519
2026-04-26,04:40:00.000,2026-04-26 04:40:00,35357.85,1378.63,2413.15,35476.16,35356.966840020374,1378.9932294755388,2411.98918666605,35475.238197970735
2026-04-26,04:41:00.000,2026-04-26 04:41:00,35360.61,1378.56,2413.24,35478.93,35359.72684002037,1378.9232294755386,2412.07918666605,35478.008197970725
2026-04-26,04:42:00.000,2026-04-26 04:42:00,35363.15,1378.78,2413.16,35481.46,35362.26684002038,1379.1432294755386,2411.9991866660503,35480.53819797073
2026-04-26,04:43:00.000,2026-04-26 04:43:00,35365.15,1378.57,2412.96,35483.44,35364.26684002038,1378.9332294755386,2411.7991866660504,35482.51819797073
2026-04-26,04:44:00.000,2026-04-26 04:44:00,35366.87,1378.23,2412.66,35485.11,35365.98684002038,1378.5932294755387,2411.49918666605,35484.18819797072
2026-04-26,04:45:00.000,2026-04-26 04:45:00,35368.96,1378.01,2412.34,35487.14,35368.076840020374,1378.373229475539,2411.17918666605,35486.21819797072
2026-04-26,04:46:00.000,2026-04-26 04:46:00,35371.32,1377.83,2411.96,35489.49,35370.436840020375,1378.1932294755386,2410.79918666605,35488.56819797072
2026-04-26,04:47:00.000,2026-04-26 04:47:00,35372.17,1377.4,2411.44,35490.3,35371.286840020366,1377.7632294755388,2410.2791866660505,35489.378197970735
2026-04-26,04:48:00.000,2026-04-26 04:48:00,35372.76,1376.75,2410.95,35490.83,35372.58028169022,1375.7110359525586,2410.571247220164,35490.50800477209
2026-04-26,04:49:00.000,2026-04-26 04:49:00,35372.87,1376.45,2410.49,35490.9,35372.69028169022,1375.411035952559,2410.111247220164,35490.5780047721
2026-04-26,04:50:00.000,2026-04-26 04:50:00,35373.76,1376.23,2410.14,35491.74,35373.58028169022,1375.1910359525587,2409.761247220164,35491.418004772095
2026-04-26,04:51:00.000,2026-04-26 04:51:00,35374.34,1376.14,2409.87,35492.29,35374.16028169021,1375.101035952559,2409.4912472201645,35491.9680047721
2026-04-26,04:52:00.000,2026-04-26 04:52:00,35374.93,1375.79,2409.63,35492.85,35374.75028169021,1374.751035952559,2409.2512472201643,35492.5280047721
2026-04-26,04:53:00.000,2026-04-26 04:53:00,35375.21,1375.49,2409.42,35493.08,35375.03028169021,1374.4510359525593,2409.041247220164,35492.7580047721
2026-04-26,04:54:00.000,2026-04-26 04:54:00,35376.09,1375.32,2409.22,35493.94,35375.910281690216,1374.2810359525588,2408.841247220164,35493.618004772106
2026-04-26,04:55:00.000,2026-04-26 04:55:00,35378.15,1375.69,2409.09,35496.0,35377.97028169021,1374.6510359525591,2408.7112472201648,35495.678004772104
2026-04-26,04:56:00.000,2026-04-26 04:56:00,35379.43,1375.44,2408.81,35497.27,35374.934031690216,1376.6249054855457,2409.8795422535245,35492.8905047721
2026-04-26,04:57:00.000,2026-04-26 04:57:00,35380.1,1375.14,2408.37,35497.89,35375.604031690214,1376.324905485546,2409.439542253525,35493.51050477209
2026-04-26,04:58:00.000,2026-04-26 04:58:00,35380.17,1374.8,2407.9,35497.92,35375.67403169021,1375.9849054855458,2408.969542253525,35493.5405047721
2026-04-26,04:59:00.000,2026-04-26 04:59:00,35380.02,1374.11,2407.5,35497.72,35375.52403169021,1375.2949054855458,2408.5695422535246,35493.3405047721
2026-04-26,05:00:00.000,2026-04-26 05:00:00,35378.83,1373.32,2407.1,35496.48,35374.33403169022,1374.5049054855456,2408.169542253525,35492.10050477211
2026-04-26,05:01:00.000,2026-04-26 05:01:00,35378.14,1372.46,2406.85,35495.74,35373.644031690215,1373.6449054855455,2407.919542253525,35491.36050477211
2026-04-26,05:02:00.000,2026-04-26 05:02:00,35377.75,1371.6,2406.73,35495.32,35373.254031690216,1372.7849054855453,2407.7995422535246,35490.9405047721
2026-04-26,05:03:00.000,2026-04-26 05:03:00,35378.2,1371.39,2406.72,35495.75,35373.70403169021,1372.5749054855453,2407.7895422535244,35491.37050477211
2026-04-26,05:04:00.000,2026-04-26 05:04:00,35378.75,1371.08,2406.76,35496.3,35371.89028169022,1375.2536953298738,2408.9324819310627,35489.72425477211
2026-04-26,05:05:00.000,2026-04-26 05:05:00,35378.79,1370.78,2406.71,35496.32,35371.93028169021,1374.953695329874,2408.8824819310626,35489.7442547721
2026-04-26,05:06:00.000,2026-04-26 05:06:00,35379.09,1370.68,2406.7,35496.62,35372.230281690216,1374.853695329874,2408.872481931062,35490.0442547721
2026-04-26,05:07:00.000,2026-04-26 05:07:00,35379.54,1370.64,2406.7,35497.07,35372.68028169021,1374.813695329874,2408.872481931062,35490.4942547721
2026-04-26,05:08:00.000,2026-04-26 05:08:00,35380.96,1370.4,2406.74,35498.47,35374.10028169022,1374.5736953298742,2408.9124819310623,35491.8942547721
2026-04-26,05:09:00.000,2026-04-26 05:09:00,35383.04,1370.0,2406.73,35500.53,35376.18028169022,1374.1736953298741,2408.902481931063,35493.9542547721
2026-04-26,05:10:00.000,2026-04-26 05:10:00,35385.02,1370.17,2406.65,35502.52,35378.16028169021,1374.3436953298742,2408.8224819310626,35495.94425477209
2026-04-26,05:11:00.000,2026-04-26 05:11:00,35386.36,1370.05,2406.51,35503.83,35379.50028169022,1374.2236953298739,2408.682481931063,35497.2542547721
2026-04-26,05:12:00.000,2026-04-26 05:12:00,35385.71,1369.7,2406.23,35503.17,35373.26653169022,1374.378695329874,2409.4462319310624,35491.1105047721
2026-04-26,05:13:00.000,2026-04-26 05:13:00,35385.04,1370.43,2405.9,35502.51,35372.59653169022,1375.108695329874,2409.1162319310624,35490.45050477211
2026-04-26,05:14:00.000,2026-04-26 05:14:00,35386.02,1370.99,2405.82,35503.48,35373.57653169021,1375.668695329874,2409.0362319310625,35491.42050477211
2026-04-26,05:15:00.000,2026-04-26 05:15:00,35387.79,1370.94,2405.85,35505.24,35375.346531690215,1375.6186953298743,2409.0662319310622,35493.180504772106
2026-04-26,05:16:00.000,2026-04-26 05:16:00,35389.0,1370.4,2405.74,35506.44,35376.556531690214,1375.078695329874,2408.9562319310617,35494.380504772096
2026-04-26,05:17:00.000,2026-04-26 05:17:00,35388.19,1369.85,2405.43,35505.58,35375.746531690216,1374.528695329874,2408.646231931062,35493.520504772096
2026-04-26,05:18:00.000,2026-04-26 05:18:00,35387.35,1369.07,2405.17,35504.69,35374.90653169021,1373.7486953298737,2408.3862319310624,35492.630504772096
2026-04-26,05:19:00.000,2026-04-26 05:19:00,35387.12,1368.38,2405.01,35504.42,35374.67653169022,1373.0586953298741,2408.2262319310626,35492.36050477209
2026-04-26,05:20:00.000,2026-04-26 05:20:00,35386.93,1367.89,2404.93,35504.18,35388.87003080983,1365.3612500000015,2404.5048437500022,35505.990745227966
2026-04-26,05:21:00.000,2026-04-26 05:21:00,35387.27,1367.67,2404.89,35504.5,35389.21003080982,1365.1412500000017,2404.4648437500023,35506.31074522796
2026-04-26,05:22:00.000,2026-04-26 05:22:00,35387.82,1367.49,2404.89,35505.06,35389.760030809826,1364.9612500000014,2404.4648437500023,35506.87074522796
2026-04-26,05:23:00.000,2026-04-26 05:23:00,35388.02,1367.43,2404.8,35505.25,35389.96003080982,1364.9012500000015,2404.374843750002,35507.060745227966
2026-04-26,05:24:00.000,2026-04-26 05:24:00,35388.03,1367.35,2404.7,35505.26,35389.97003080984,1364.821250000001,2404.2748437500027,35507.07074522797
2026-04-26,05:25:00.000,2026-04-26 05:25:00,35387.8,1367.19,2404.58,35505.03,35389.740030809844,1364.6612500000012,2404.154843750003,35506.84074522796
2026-04-26,05:26:00.000,2026-04-26 05:26:00,35387.44,1367.06,2404.45,35504.65,35389.38003080983,1364.5312500000011,2404.024843750002,35506.460745227974
2026-04-26,05:27:00.000,2026-04-26 05:27:00,35386.19,1366.73,2404.3,35503.39,35388.13003080983,1364.2012500000012,2403.8748437500026,35505.200745227965
2026-04-26,05:28:00.000,2026-04-26 05:28:00,35385.22,1366.79,2404.19,35502.43,35391.58628080984,1364.800000000001,2404.0573437500034,35508.66449522797
2026-04-26,05:29:00.000,2026-04-26 05:29:00,35384.83,1366.91,2404.21,35502.04,35391.19628080984,1364.9200000000014,2404.077343750003,35508.27449522797
2026-04-26,05:30:00.000,2026-04-26 05:30:00,35384.42,1366.72,2404.27,35501.65,35390.786280809836,1364.7300000000014,2404.137343750003,35507.88449522797
2026-04-26,05:31:00.000,2026-04-26 05:31:00,35383.4,1366.49,2404.28,35500.62,35389.76628080983,1364.5000000000014,2404.147343750003,35506.85449522797
2026-04-26,05:32:00.000,2026-04-26 05:32:00,35382.47,1366.45,2404.33,35499.69,35388.83628080983,1364.4600000000014,2404.197343750002,35505.924495227955
2026-04-26,05:33:00.000,2026-04-26 05:33:00,35381.62,1366.74,2404.43,35498.85,35387.986280809826,1364.7500000000014,2404.2973437500013,35505.08449522796
2026-04-26,05:34:00.000,2026-04-26 05:34:00,35381.15,1367.08,2404.64,35498.41,35387.51628080983,1365.0900000000015,2404.507343750002,35504.644495227956
2026-04-26,05:35:00.000,2026-04-26 05:35:00,35380.98,1367.32,2404.85,35498.24,35387.346280809834,1365.3300000000013,2404.717343750002,35504.47449522796
2026-04-26,05:36:00.000,2026-04-26 05:36:00,35380.48,1367.12,2405.06,35497.75,35388.54753080983,1364.878750000001,2403.7260937500027,35505.60574522797
2026-04-26,05:37:00.000,2026-04-26 05:37:00,35380.39,1366.88,2405.25,35497.66,35388.457530809836,1364.6387500000012,2403.9160937500023,35505.515745227975
2026-04-26,05:38:00.000,2026-04-26 05:38:00,35380.41,1366.78,2405.42,35497.69,35388.47753080983,1364.5387500000013,2404.0860937500024,35505.54574522796
2026-04-26,05:39:00.000,2026-04-26 05:39:00,35381.12,1366.92,2405.67,35498.43,35389.18753080984,1364.6787500000012,2404.3360937500024,35506.285745227964
2026-04-26,05:40:00.000,2026-04-26 05:40:00,35381.57,1367.18,2405.82,35498.9,35389.637530809836,1364.9387500000014,2404.4860937500025,35506.75574522796
2026-04-26,05:41:00.000,2026-04-26 05:41:00,35382.13,1367.43,2405.88,35499.47,35390.19753080983,1365.1887500000014,2404.546093750002,35507.32574522795
2026-04-26,05:42:00.000,2026-04-26 05:42:00,35382.29,1367.29,2405.89,35499.64,35390.35753080983,1365.048750000001,2404.5560937500018,35507.49574522796
2026-04-26,05:43:00.000,2026-04-26 05:43:00,35382.09,1366.91,2405.82,35499.42,35390.15753080982,1364.6687500000014,2404.486093750002,35507.27574522796
2026-04-26,05:44:00.000,2026-04-26 05:44:00,35382.4,1366.65,2405.78,35499.69,35390.005030809836,1365.3262500000017,2404.3798437500027,35507.12574522797
2026-04-26,05:45:00.000,2026-04-26 05:45:00,35381.99,1366.19,2405.67,35499.28,35389.59503080983,1364.8662500000016,2404.269843750002,35506.715745227964
2026-04-26,05:46:00.000,2026-04-26 05:46:00,35381.33,1366.08,2405.57,35498.59,35388.93503080984,1364.7562500000015,2404.169843750003,35506.02574522797
2026-04-26,05:47:00.000,2026-04-26 05:47:00,35381.0,1366.16,2405.58,35498.27,35388.605030809835,1364.8362500000014,2404.1798437500024,35505.70574522796
2026-04-26,05:48:00.000,2026-04-26 05:48:00,35381.18,1366.23,2405.64,35498.45,35388.785030809835,1364.9062500000011,2404.2398437500024,35505.88574522796
2026-04-26,05:49:00.000,2026-04-26 05:49:00,35381.8,1366.1,2405.73,35499.06,35389.40503080983,1364.776250000001,2404.3298437500025,35506.49574522796
2026-04-26,05:50:00.000,2026-04-26 05:50:00,35382.16,1365.97,2405.7,35499.41,35389.76503080983,1364.6462500000014,2404.299843750002,35506.84574522797
2026-04-26,05:51:00.000,2026-04-26 05:51:00,35382.32,1365.79,2405.67,35499.57,35389.92503080982,1364.466250000001,2404.269843750002,35507.00574522796
2026-04-26,05:52:00.000,2026-04-26 05:52:00,35382.89,1365.8,2405.68,35500.15,35384.90672303566,1365.6750000000009,2404.6097376528924,35502.25934812827
2026-04-26,05:53:00.000,2026-04-26 05:53:00,35383.7,1365.73,2405.7,35500.96,35385.71672303566,1365.6050000000012,2404.629737652893,35503.069348128265
2026-04-26,05:54:00.000,2026-04-26 05:54:00,35384.96,1365.5,2405.71,35502.19,35386.97672303566,1365.375000000001,2404.6397376528926,35504.299348128276
2026-04-26,05:55:00.000,2026-04-26 05:55:00,35385.97,1365.22,2405.67,35503.18,35387.986723035654,1365.0950000000012,2404.5997376528926,35505.28934812828
2026-04-26,05:56:00.000,2026-04-26 05:56:00,35386.89,1364.7,2405.62,35504.07,35388.90672303565,1364.5750000000016,2404.549737652893,35506.179348128266
2026-04-26,05:57:00.000,2026-04-26 05:57:00,35387.49,1364.38,2405.49,35504.64,35389.50672303564,1364.2550000000015,2404.4197376528928,35506.74934812826
2026-04-26,05:58:00.000,2026-04-26 05:58:00,35388.3,1364.14,2405.39,35505.43,35390.31672303565,1364.0150000000015,2404.3197376528924,35507.53934812827
2026-04-26,05:59:00.000,2026-04-26 05:59:00,35389.31,1364.11,2405.21,35506.42,35391.32672303564,1363.9850000000013,2404.139737652893,35508.529348128264
2026-04-26,06:00:00.000,2026-04-26 06:00:00,35390.34,1364.41,2405.02,35507.46,35385.66297303565,1365.1462500000011,2405.387237652893,35503.02809812827
2026-04-26,06:01:00.000,2026-04-26 06:01:00,35391.45,1364.53,2404.76,35508.56,35386.77297303565,1365.266250000001,2405.1272376528927,35504.12809812826
2026-04-26,06:02:00.000,2026-04-26 06:02:00,35392.31,1364.5,2404.47,35509.4,35387.63297303565,1365.236250000001,2404.837237652893,35504.96809812827
2026-04-26,06:03:00.000,2026-04-26 06:03:00,35392.87,1364.25,2404.2,35509.93,35388.19297303565,1364.986250000001,2404.5672376528933,35505.49809812827
2026-04-26,06:04:00.000,2026-04-26 06:04:00,35393.24,1364.08,2403.92,35510.27,35388.56297303565,1364.8162500000012,2404.2872376528926,35505.83809812826
2026-04-26,06:05:00.000,2026-04-26 06:05:00,35393.48,1364.04,2403.67,35510.47,35388.80297303566,1364.7762500000013,2404.0372376528926,35506.03809812827
2026-04-26,06:06:00.000,2026-04-26 06:06:00,35394.47,1363.7,2403.55,35511.45,35389.79297303565,1364.4362500000016,2403.917237652893,35507.01809812826
2026-04-26,06:07:00.000,2026-04-26 06:07:00,35394.9,1363.18,2403.38,35511.83,35390.222973035656,1363.9162500000016,2403.747237652893,35507.398098128266
2026-04-26,06:08:00.000,2026-04-26 06:08:00,35396.19,1362.88,2403.35,35513.1,35387.66759034479,1365.7225000000017,2404.623302330431,35504.629161415935
2026-04-26,06:09:00.000,2026-04-26 06:09:00,35398.33,1362.59,2403.38,35515.21,35389.80759034479,1365.4325000000013,2404.653302330432,35506.739161415935
2026-04-26,06:10:00.000,2026-04-26 06:10:00,35400.72,1362.57,2403.33,35517.6,35392.19759034479,1365.4125000000015,2404.6033023304312,35509.12916141593
2026-04-26,06:11:00.000,2026-04-26 06:11:00,35402.9,1362.45,2403.19,35519.75,35394.37759034478,1365.2925000000016,2404.463302330432,35511.279161415936
2026-04-26,06:12:00.000,2026-04-26 06:12:00,35404.79,1362.02,2403.01,35521.62,35396.26759034479,1364.8625000000013,2404.2833023304324,35513.149161415946
2026-04-26,06:13:00.000,2026-04-26 06:13:00,35405.95,1361.48,2402.73,35522.77,35397.42759034479,1364.3225000000014,2404.003302330432,35514.29916141594
2026-04-26,06:14:00.000,2026-04-26 06:14:00,35406.34,1361.08,2402.33,35523.1,35397.8175903448,1363.9225000000008,2403.6033023304317,35514.62916141594
2026-04-26,06:15:00.000,2026-04-26 06:15:00,35406.08,1360.77,2401.94,35522.81,35397.557590344804,1363.6125000000009,2403.2133023304323,35514.33916141593
2026-04-26,06:16:00.000,2026-04-26 06:16:00,35406.12,1360.46,2401.64,35522.81,35393.3238403448,1365.0900000000015,2404.361597363792,35510.26666141593
2026-04-26,06:17:00.000,2026-04-26 06:17:00,35406.15,1360.26,2401.42,35522.81,35393.3538403448,1364.8900000000012,2404.141597363792,35510.26666141593
2026-04-26,06:18:00.000,2026-04-26 06:18:00,35405.56,1360.24,2401.19,35522.2,35392.7638403448,1364.8700000000017,2403.9115973637918,35509.65666141594
2026-04-26,06:19:00.000,2026-04-26 06:19:00,35405.29,1360.12,2401.07,35521.92,35392.493840344796,1364.7500000000014,2403.791597363792,35509.37666141594
2026-04-26,06:20:00.000,2026-04-26 06:20:00,35406.03,1360.06,2401.08,35522.64,35393.23384034478,1364.6900000000014,2403.801597363791,35510.09666141594
2026-04-26,06:21:00.000,2026-04-26 06:21:00,35407.41,1360.09,2401.09,35524.01,35394.613840344784,1364.7200000000012,2403.8115973637914,35511.466661415936
2026-04-26,06:22:00.000,2026-04-26 06:22:00,35408.57,1360.1,2401.04,35525.18,35395.77384034478,1364.7300000000012,2403.7615973637917,35512.63666141594
2026-04-26,06:23:00.000,2026-04-26 06:23:00,35410.36,1360.21,2400.99,35526.97,35397.56384034479,1364.8400000000013,2403.7115973637915,35514.426661415935
2026-04-26,06:24:00.000,2026-04-26 06:24:00,35411.72,1360.03,2400.87,35528.32,35413.95984375003,1359.3229687500013,2399.6201562500005,35530.35609375003
2026-04-26,06:25:00.000,2026-04-26 06:25:00,35411.76,1359.78,2400.59,35528.34,35413.999843750025,1359.0729687500013,2399.3401562500007,35530.37609375002
2026-04-26,06:26:00.000,2026-04-26 06:26:00,35411.71,1359.64,2400.31,35528.25,35413.94984375004,1358.9329687500017,2399.0601562500005,35530.28609375002
2026-04-26,06:27:00.000,2026-04-26 06:27:00,35411.89,1359.54,2400.14,35528.41,35414.12984375003,1358.8329687500013,2398.8901562500005,35530.446093750026
2026-04-26,06:28:00.000,2026-04-26 06:28:00,35411.58,1359.49,2399.95,35528.11,35413.81984375004,1358.7829687500014,2398.700156250002,35530.14609375002
2026-04-26,06:29:00.000,2026-04-26 06:29:00,35410.75,1359.69,2399.78,35527.23,35412.98984375004,1358.9829687500016,2398.5301562500017,35529.26609375003
2026-04-26,06:30:00.000,2026-04-26 06:30:00,35410.72,1360.0,2399.71,35527.21,35412.95984375003,1359.2929687500011,2398.4601562500015,35529.24609375002
2026-04-26,06:31:00.000,2026-04-26 06:31:00,35412.43,1360.36,2399.85,35528.93,35414.66984375004,1359.6529687500013,2398.600156250002,35530.96609375002
2026-04-26,06:32:00.000,2026-04-26 06:32:00,35414.49,1360.45,2399.97,35531.01,35411.62984375003,1359.6004687500015,2399.7426562500004,35528.03484375003
2026-04-26,06:33:00.000,2026-04-26 06:33:00,35416.6,1360.48,2399.99,35533.12,35413.73984375003,1359.6304687500017,2399.762656250001,35530.14484375003
2026-04-26,06:34:00.000,2026-04-26 06:34:00,35417.88,1360.51,2399.78,35534.4,35415.01984375003,1359.6604687500014,2399.5526562500013,35531.42484375003
2026-04-26,06:35:00.000,2026-04-26 06:35:00,35418.35,1360.2,2399.45,35534.82,35415.48984375003,1359.3504687500015,2399.2226562500014,35531.84484375003
2026-04-26,06:36:00.000,2026-04-26 06:36:00,35418.49,1359.95,2399.1,35534.92,35415.62984375004,1359.1004687500013,2398.872656250001,35531.944843750025
2026-04-26,06:37:00.000,2026-04-26 06:37:00,35417.27,1359.56,2398.6,35533.65,35414.409843750036,1358.7104687500014,2398.372656250001,35530.67484375002
2026-04-26,06:38:00.000,2026-04-26 06:38:00,35416.08,1359.34,2398.23,35532.43,35413.21984375004,1358.4904687500011,2398.002656250001,35529.454843750034
2026-04-26,06:39:00.000,2026-04-26 06:39:00,35414.2,1359.18,2397.9,35530.54,35411.33984375004,1358.3304687500013,2397.672656250001,35527.564843750035
2026-04-26,06:40:00.000,2026-04-26 06:40:00,35412.88,1358.85,2397.72,35529.2,35415.77484375003,1359.5304687500009,2398.818906250001,35532.11109375003
2026-04-26,06:41:00.000,2026-04-26 06:41:00,35411.96,1358.59,2397.67,35528.27,35414.85484375003,1359.270468750001,2398.768906250001,35531.18109375002
2026-04-26,06:42:00.000,2026-04-26 06:42:00,35411.89,1358.43,2397.73,35528.2,35414.784843750036,1359.1104687500015,2398.8289062500007,35531.11109375003
2026-04-26,06:43:00.000,2026-04-26 06:43:00,35411.77,1358.28,2397.82,35528.09,35414.66484375004,1358.9604687500014,2398.918906250001,35531.00109375003
2026-04-26,06:44:00.000,2026-04-26 06:44:00,35410.38,1358.28,2397.74,35526.67,35413.274843750034,1358.9604687500014,2398.8389062500005,35529.58109375003
2026-04-26,06:45:00.000,2026-04-26 06:45:00,35409.72,1358.35,2397.78,35526.02,35412.614843750045,1359.0304687500015,2398.8789062500005,35528.931093750034
2026-04-26,06:46:00.000,2026-04-26 06:46:00,35409.73,1358.31,2397.95,35526.04,35412.62484375003,1358.9904687500018,2399.048906250001,35528.95109375004
2026-04-26,06:47:00.000,2026-04-26 06:47:00,35408.99,1358.34,2398.0,35525.31,35411.88484375003,1359.0204687500016,2399.098906250001,35528.22109375003
2026-04-26,06:48:00.000,2026-04-26 06:48:00,35408.79,1358.42,2398.17,35525.12,35413.31859375003,1358.6717187500014,2398.3351562500015,35529.62234375003
2026-04-26,06:49:00.000,2026-04-26 06:49:00,35408.64,1358.55,2398.35,35524.98,35413.16859375004,1358.8017187500016,2398.515156250001,35529.48234375003
2026-04-26,06:50:00.000,2026-04-26 06:50:00,35408.54,1358.7,2398.49,35524.88,35413.06859375004,1358.9517187500014,2398.6551562500013,35529.382343750025
2026-04-26,06:51:00.000,2026-04-26 06:51:00,35408.58,1358.84,2398.64,35524.94,35413.10859375003,1359.0917187500013,2398.805156250001,35529.44234375004
2026-04-26,06:52:00.000,2026-04-26 06:52:00,35409.55,1358.95,2398.89,35525.91,35414.07859375003,1359.2017187500014,2399.055156250001,35530.412343750024
2026-04-26,06:53:00.000,2026-04-26 06:53:00,35409.91,1359.12,2398.99,35526.29,35414.438593750034,1359.3717187500015,2399.1551562500003,35530.79234375003
2026-04-26,06:54:00.000,2026-04-26 06:54:00,35409.79,1359.12,2399.09,35526.15,35414.318593750046,1359.3717187500013,2399.255156250001,35530.65234375003
2026-04-26,06:55:00.000,2026-04-26 06:55:00,35410.45,1359.16,2399.26,35526.8,35414.978593750035,1359.4117187500012,2399.4251562500012,35531.30234375002
2026-04-26,06:56:00.000,2026-04-26 06:56:00,35410.95,1359.2,2399.37,35527.3,35411.323593750036,1359.1017187500015,2398.891406250001,35527.65234375003
2026-04-26,06:57:00.000,2026-04-26 06:57:00,35411.8,1359.22,2399.49,35528.16,35412.17359375004,1359.1217187500015,2399.011406250001,35528.51234375003
2026-04-26,06:58:00.000,2026-04-26 06:58:00,35412.07,1359.2,2399.45,35528.41,35412.443593750024,1359.1017187500015,2398.9714062500007,35528.76234375003
2026-04-26,06:59:00.000,2026-04-26 06:59:00,35413.64,1359.14,2399.55,35530.0,35414.01359375003,1359.0417187500016,2399.071406250001,35530.352343750026
2026-04-26,07:00:00.000,2026-04-26 07:00:00,35414.32,1359.1,2399.47,35530.67,35414.69359375003,1359.0017187500011,2398.991406250001,35531.022343750024
2026-04-26,07:01:00.000,2026-04-26 07:01:00,35414.81,1359.17,2399.36,35531.17,35415.18359375004,1359.0717187500013,2398.8814062500014,35531.522343750024
2026-04-26,07:02:00.000,2026-04-26 07:02:00,35414.84,1359.28,2399.22,35531.18,35415.21359375004,1359.1817187500012,2398.7414062500015,35531.53234375003
2026-04-26,07:03:00.000,2026-04-26 07:03:00,35415.06,1359.35,2399.12,35531.38,35415.433593750044,1359.2517187500014,2398.641406250001,35531.73234375002
2026-04-26,07:04:00.000,2026-04-26 07:04:00,35414.89,1359.27,2399.06,35531.22,35412.36609375004,1359.5917187500015,2399.1426562500005,35528.759843750035
2026-04-26,07:05:00.000,2026-04-26 07:05:00,35415.32,1359.13,2399.03,35531.62,35412.79609375003,1359.4517187500016,2399.112656250001,35529.15984375003
2026-04-26,07:06:00.000,2026-04-26 07:06:00,35415.89,1358.91,2398.98,35532.18,35413.36609375003,1359.2317187500014,2399.0626562500006,35529.71984375003
2026-04-26,07:07:00.000,2026-04-26 07:07:00,35416.11,1358.72,2398.9,35532.38,35413.58609375003,1359.0417187500013,2398.9826562500007,35529.91984375002
2026-04-26,07:08:00.000,2026-04-26 07:08:00,35416.83,1358.58,2398.86,35533.08,35414.30609375004,1358.9017187500012,2398.942656250001,35530.61984375002
2026-04-26,07:09:00.000,2026-04-26 07:09:00,35416.88,1358.52,2398.71,35533.11,35414.35609375003,1358.8417187500013,2398.7926562500006,35530.64984375002
2026-04-26,07:10:00.000,2026-04-26 07:10:00,35417.34,1358.55,2398.58,35533.55,35414.816093750036,1358.8717187500015,2398.6626562500014,35531.08984375002
2026-04-26,07:11:00.000,2026-04-26 07:11:00,35417.41,1358.62,2398.42,35533.63,35414.88609375004,1358.9417187500012,2398.5026562500016,35531.16984375001
2026-04-26,07:12:00.000,2026-04-26 07:12:00,35416.64,1358.61,2398.24,35532.82,35414.51234375004,1358.8904687500014,2398.718906250001,35530.831093750036
2026-04-26,07:13:00.000,2026-04-26 07:13:00,35415.5,1358.61,2398.11,35531.69,35413.37234375004,1358.8904687500014,2398.588906250001,35529.70109375003
2026-04-26,07:14:00.000,2026-04-26 07:14:00,35414.3,1358.72,2398.07,35530.47,35412.17234375004,1359.0004687500013,2398.5489062500014,35528.48109375003
2026-04-26,07:15:00.000,2026-04-26 07:15:00,35414.13,1358.82,2398.21,35530.31,35412.00234375003,1359.1004687500013,2398.688906250001,35528.321093750026
2026-04-26,07:16:00.000,2026-04-26 07:16:00,35414.99,1358.89,2398.41,35531.19,35412.86234375003,1359.1704687500014,2398.888906250001,35529.20109375002
2026-04-26,07:17:00.000,2026-04-26 07:17:00,35415.94,1358.94,2398.62,35532.13,35413.81234375004,1359.2204687500016,2399.098906250001,35530.141093750026
2026-04-26,07:18:00.000,2026-04-26 07:18:00,35417.66,1359.0,2398.83,35533.86,35415.53234375004,1359.2804687500013,2399.3089062500007,35531.87109375003
2026-04-26,07:19:00.000,2026-04-26 07:19:00,35418.34,1359.04,2398.88,35534.53,35416.212343750034,1359.3204687500013,2399.358906250001,35532.54109375003
2026-04-26,07:20:00.000,2026-04-26 07:20:00,35418.5,1359.12,2398.8,35534.71,35415.97484375003,1359.2404687500014,2398.9301562500013,35532.33234375002
2026-04-26,07:21:00.000,2026-04-26 07:21:00,35417.84,1359.11,2398.66,35534.02,35415.31484375003,1359.2304687500011,2398.790156250001,35531.64234375002
2026-04-26,07:22:00.000,2026-04-26 07:22:00,35417.24,1359.07,2398.62,35533.41,35414.71484375003,1359.1904687500014,2398.750156250001,35531.032343750034
2026-04-26,07:23:00.000,2026-04-26 07:23:00,35416.82,1358.97,2398.63,35533.01,35414.29484375003,1359.0904687500015,2398.7601562500013,35530.632343750025
2026-04-26,07:24:00.000,2026-04-26 07:24:00,35415.81,1358.92,2398.64,35531.99,35413.28484375004,1359.0404687500018,2398.77015625,35529.61234375003
2026-04-26,07:25:00.000,2026-04-26 07:25:00,35415.11,1358.95,2398.75,35531.28,35412.584843750046,1359.0704687500015,2398.8801562500007,35528.90234375002
2026-04-26,07:26:00.000,2026-04-26 07:26:00,35414.54,1358.92,2398.9,35530.7,35412.01484375005,1359.0404687500015,2399.030156250001,35528.32234375003
2026-04-26,07:27:00.000,2026-04-26 07:27:00,35414.82,1358.85,2399.16,35530.99,35412.294843750045,1358.9704687500014,2399.290156250001,35528.61234375002
2026-04-26,07:28:00.000,2026-04-26 07:28:00,35414.99,1358.85,2399.35,35531.18,35425.3219715993,1359.0168750000012,2397.5082491660496,35541.26454248521
2026-04-26,07:29:00.000,2026-04-26 07:29:00,35415.84,1358.81,2399.59,35532.02,35426.1719715993,1358.9768750000012,2397.7482491660503,35542.104542485205
2026-04-26,07:30:00.000,2026-04-26 07:30:00,35416.69,1358.83,2399.79,35532.87,35427.02197159931,1358.9968750000012,2397.948249166049,35542.9545424852
2026-04-26,07:31:00.000,2026-04-26 07:31:00,35418.06,1358.69,2399.98,35534.23,35428.3919715993,1358.8568750000013,2398.1382491660497,35544.3145424852
2026-04-26,07:32:00.000,2026-04-26 07:32:00,35419.26,1358.62,2400.13,35535.43,35429.59197159931,1358.7868750000014,2398.2882491660494,35545.5145424852
2026-04-26,07:33:00.000,2026-04-26 07:33:00,35420.7,1358.63,2400.28,35536.88,35431.031971599296,1358.7968750000016,2398.43824916605,35546.9645424852
2026-04-26,07:34:00.000,2026-04-26 07:34:00,35422.08,1358.62,2400.36,35538.24,35432.4119715993,1358.786875000001,2398.5182491660503,35548.32454248519
2026-04-26,07:35:00.000,2026-04-26 07:35:00,35423.66,1358.57,2400.42,35539.8,35433.9919715993,1358.7368750000012,2398.5782491660498,35549.884542485204
2026-04-26,07:36:00.000,2026-04-26 07:36:00,35425.42,1358.59,2400.44,35541.55,35428.44934002036,1358.8868750000013,2398.7119991660497,35544.38194797072
2026-04-26,07:37:00.000,2026-04-26 07:37:00,35426.87,1358.63,2400.35,35543.01,35429.89934002037,1358.9268750000012,2398.6219991660496,35545.84194797073
2026-04-26,07:38:00.000,2026-04-26 07:38:00,35428.13,1358.72,2400.24,35544.27,35431.159340020364,1359.0168750000014,2398.5119991660495,35547.10194797073
2026-04-26,07:39:00.000,2026-04-26 07:39:00,35429.33,1358.71,2400.09,35545.47,35432.35934002036,1359.0068750000016,2398.36199916605,35548.30194797073
2026-04-26,07:40:00.000,2026-04-26 07:40:00,35429.9,1358.65,2399.86,35546.0,35432.929340020375,1358.9468750000012,2398.13199916605,35548.831947970735
2026-04-26,07:41:00.000,2026-04-26 07:41:00,35429.47,1358.51,2399.57,35545.55,35432.49934002038,1358.806875000001,2397.84199916605,35548.38194797074
2026-04-26,07:42:00.000,2026-04-26 07:42:00,35428.86,1358.43,2399.32,35544.91,35431.88934002037,1358.7268750000012,2397.59199916605,35547.74194797074
2026-04-26,07:43:00.000,2026-04-26 07:43:00,35428.06,1358.34,2399.12,35544.08,35431.089340020364,1358.636875000001,2397.391999166049,35546.91194797074
2026-04-26,07:44:00.000,2026-04-26 07:44:00,35427.01,1358.3,2398.93,35543.04,35432.95940580984,1359.1006250000012,2398.21324916605,35548.898870227975
2026-04-26,07:45:00.000,2026-04-26 07:45:00,35426.17,1358.14,2398.81,35542.18,35432.119405809826,1358.9406250000013,2398.09324916605,35548.038870227974
2026-04-26,07:46:00.000,2026-04-26 07:46:00,35425.56,1358.08,2398.74,35541.57,35431.509405809826,1358.8806250000011,2398.0232491660495,35547.42887022797
2026-04-26,07:47:00.000,2026-04-26 07:47:00,35425.01,1358.08,2398.76,35541.01,35430.95940580984,1358.8806250000011,2398.04324916605,35546.86887022797
2026-04-26,07:48:00.000,2026-04-26 07:48:00,35424.02,1358.1,2398.77,35540.02,35429.96940580983,1358.9006250000014,2398.0532491660497,35545.87887022796
2026-04-26,07:49:00.000,2026-04-26 07:49:00,35422.69,1358.02,2398.82,35538.69,35428.63940580983,1358.8206250000014,2398.10324916605,35544.548870227976
2026-04-26,07:50:00.000,2026-04-26 07:50:00,35422.15,1357.89,2398.95,35538.14,35428.099405809844,1358.6906250000013,2398.233249166049,35543.998870227966
2026-04-26,07:51:00.000,2026-04-26 07:51:00,35421.9,1357.94,2399.12,35537.89,35427.849405809844,1358.7406250000015,2398.403249166049,35543.748870227966
2026-04-26,07:52:00.000,2026-04-26 07:52:00,35422.1,1357.94,2399.35,35538.1,35426.768155809834,1358.5131250000015,2397.55699916605,35542.66137022797
2026-04-26,07:53:00.000,2026-04-26 07:53:00,35422.63,1357.92,2399.58,35538.64,35427.29815580983,1358.4931250000016,2397.7869991660496,35543.201370227966
2026-04-26,07:54:00.000,2026-04-26 07:54:00,35424.02,1357.98,2399.86,35540.02,35428.68815580983,1358.5531250000015,2398.0669991660507,35544.58137022797
2026-04-26,07:55:00.000,2026-04-26 07:55:00,35425.21,1358.13,2400.04,35541.23,35429.878155809834,1358.7031250000016,2398.24699916605,35545.79137022798
2026-04-26,07:56:00.000,2026-04-26 07:56:00,35426.56,1358.29,2400.18,35542.58,35431.22815580983,1358.863125000001,2398.3869991660495,35547.14137022796
2026-04-26,07:57:00.000,2026-04-26 07:57:00,35427.05,1358.44,2400.15,35543.07,35431.71815580984,1359.013125000001,2398.3569991660497,35547.631370227966
2026-04-26,07:58:00.000,2026-04-26 07:58:00,35428.12,1358.76,2400.2,35544.16,35432.788155809845,1359.3331250000012,2398.4069991660494,35548.72137022797
2026-04-26,07:59:00.000,2026-04-26 07:59:00,35429.07,1358.91,2400.15,35545.12,35433.73815580984,1359.4831250000013,2398.3569991660493,35549.681370227976
2026-04-26,08:00:00.000,2026-04-26 08:00:00,35429.66,1359.02,2400.13,35545.7,35431.981163825134,1358.6981250000013,2399.7512472201647,35548.1650203855
2026-04-26,08:01:00.000,2026-04-26 08:01:00,35430.31,1359.12,2400.11,35546.35,35432.63116382513,1358.7981250000012,2399.731247220165,35548.8150203855
2026-04-26,08:02:00.000,2026-04-26 08:02:00,35431.2,1359.12,2400.18,35547.22,35433.52116382513,1358.7981250000012,2399.8012472201644,35549.68502038551
2026-04-26,08:03:00.000,2026-04-26 08:03:00,35432.68,1359.21,2400.21,35548.68,35435.00116382514,1358.8881250000013,2399.831247220165,35551.14502038551
2026-04-26,08:04:00.000,2026-04-26 08:04:00,35433.97,1359.36,2400.12,35549.98,35436.291163825124,1359.0381250000012,2399.741247220165,35552.44502038551
2026-04-26,08:05:00.000,2026-04-26 08:05:00,35435.18,1359.35,2399.96,35551.17,35437.50116382513,1359.0281250000014,2399.581247220165,35553.63502038551
2026-04-26,08:06:00.000,2026-04-26 08:06:00,35437.22,1359.26,2399.82,35553.16,35439.54116382514,1358.9381250000013,2399.4412472201648,35555.62502038551
2026-04-26,08:07:00.000,2026-04-26 08:07:00,35439.36,1359.09,2399.66,35555.28,35441.68116382514,1358.7681250000012,2399.281247220165,35557.745020385504
2026-04-26,08:08:00.000,2026-04-26 08:08:00,35439.42,1359.0,2399.23,35555.33,35434.438532246175,1359.0218750000013,2400.299542253524,35550.54242587103
2026-04-26,08:09:00.000,2026-04-26 08:09:00,35439.33,1359.1,2398.83,35555.18,35434.34853224618,1359.1218750000012,2399.8995422535245,35550.39242587104
2026-04-26,08:10:00.000,2026-04-26 08:10:00,35440.89,1359.12,2398.62,35556.73,35435.90853224618,1359.1418750000014,2399.689542253525,35551.94242587104
2026-04-26,08:11:00.000,2026-04-26 08:11:00,35442.65,1359.07,2398.52,35558.47,35437.66853224619,1359.0918750000012,2399.5895422535245,35553.68242587105
2026-04-26,08:12:00.000,2026-04-26 08:12:00,35444.82,1358.89,2398.38,35560.59,35439.8385322462,1358.9118750000014,2399.4495422535247,35555.80242587104
2026-04-26,08:13:00.000,2026-04-26 08:13:00,35445.45,1358.69,2397.97,35561.22,35440.46853224619,1358.7118750000016,2399.039542253524,35556.43242587105
2026-04-26,08:14:00.000,2026-04-26 08:14:00,35445.81,1358.5,2397.51,35561.52,35440.828532246196,1358.5218750000013,2398.579542253525,35556.732425871036
2026-04-26,08:15:00.000,2026-04-26 08:15:00,35446.44,1358.41,2397.07,35562.12,35441.4585322462,1358.4318750000016,2398.139542253525,35557.33242587104
2026-04-26,08:16:00.000,2026-04-26 08:16:00,35446.56,1358.55,2396.64,35562.21,35435.669465344785,1358.2668750000014,2398.6102094143826,35551.36916141594
2026-04-26,08:17:00.000,2026-04-26 08:17:00,35448.63,1358.62,2396.39,35564.24,35437.73946534479,1358.336875000001,2398.3602094143826,35553.39916141594
2026-04-26,08:18:00.000,2026-04-26 08:18:00,35450.89,1358.78,2396.05,35566.5,35439.99946534479,1358.4968750000014,2398.020209414383,35555.659161415926
2026-04-26,08:19:00.000,2026-04-26 08:19:00,35451.64,1358.96,2395.53,35567.23,35440.74946534479,1358.6768750000017,2397.5002094143824,35556.38916141594
2026-04-26,08:20:00.000,2026-04-26 08:20:00,35454.26,1359.32,2395.21,35569.78,35443.36946534479,1359.036875000001,2397.180209414383,35558.939161415925
2026-04-26,08:21:00.000,2026-04-26 08:21:00,35454.98,1359.46,2394.67,35570.47,35444.08946534479,1359.1768750000012,2396.640209414383,35559.62916141593
2026-04-26,08:22:00.000,2026-04-26 08:22:00,35455.75,1359.69,2394.23,35571.22,35444.85946534478,1359.4068750000015,2396.2002094143827,35560.37916141592
2026-04-26,08:23:00.000,2026-04-26 08:23:00,35453.78,1359.84,2393.54,35569.23,35442.88946534478,1359.5568750000016,2395.510209414383,35558.38916141593
2026-04-26,08:24:00.000,2026-04-26 08:24:00,35454.17,1359.71,2393.24,35569.55,35443.74196534477,1358.4556250000014,2396.658504447743,35559.37666141593
2026-04-26,08:25:00.000,2026-04-26 08:25:00,35456.32,1359.89,2393.14,35571.71,35445.89196534478,1358.6356250000013,2396.5585044477434,35561.536661415936
2026-04-26,08:26:00.000,2026-04-26 08:26:00,35456.34,1359.8,2392.76,35571.71,35445.91196534478,1358.5456250000013,2396.1785044477433,35561.53666141593
2026-04-26,08:27:00.000,2026-04-26 08:27:00,35453.86,1359.91,2392.13,35569.21,35443.43196534478,1358.6556250000015,2395.548504447743,35559.03666141593
2026-04-26,08:28:00.000,2026-04-26 08:28:00,35452.72,1360.07,2391.81,35568.03,35442.29196534479,1358.815625000001,2395.2285044477426,35557.856661415935
2026-04-26,08:29:00.000,2026-04-26 08:29:00,35450.03,1360.34,2391.42,35565.36,35439.60196534479,1359.085625000001,2394.838504447743,35555.18666141594
2026-04-26,08:30:00.000,2026-04-26 08:30:00,35445.75,1360.6,2391.09,35561.07,35435.321965344796,1359.345625000001,2394.5085044477432,35550.89666141593
2026-04-26,08:31:00.000,2026-04-26 08:31:00,35443.6,1360.67,2391.27,35558.9,35433.17196534479,1359.4156250000012,2394.6885044477426,35548.72666141593
2026-04-26,08:32:00.000,2026-04-26 08:32:00,35442.84,1360.73,2391.64,35558.18,35432.44384034478,1365.0718203298745,2393.6795633339534,35547.92416141594
2026-04-26,08:33:00.000,2026-04-26 08:33:00,35441.77,1360.67,2391.96,35557.12,35431.373840344786,1365.0118203298746,2393.999563333954,35546.86416141594
2026-04-26,08:34:00.000,2026-04-26 08:34:00,35439.66,1360.36,2392.29,35555.04,35429.2638403448,1364.7018203298744,2394.329563333953,35544.78416141594
2026-04-26,08:35:00.000,2026-04-26 08:35:00,35439.4,1359.82,2392.69,35554.78,35429.00384034479,1364.1618203298744,2394.7295633339536,35544.52416141593
2026-04-26,08:36:00.000,2026-04-26 08:36:00,35441.56,1359.96,2393.17,35556.93,35431.16384034477,1364.3018203298743,2395.209563333953,35546.67416141593
2026-04-26,08:37:00.000,2026-04-26 08:37:00,35441.54,1359.81,2393.29,35556.94,35431.14384034478,1364.1518203298742,2395.329563333953,35546.68416141594
2026-04-26,08:38:00.000,2026-04-26 08:38:00,35442.24,1359.66,2393.41,35557.64,35431.84384034479,1364.0018203298741,2395.4495633339534,35547.38416141594
2026-04-26,08:39:00.000,2026-04-26 08:39:00,35442.24,1359.69,2393.46,35557.62,35431.84384034479,1364.0318203298743,2395.4995633339536,35547.36416141595
2026-04-26,08:40:00.000,2026-04-26 08:40:00,35443.37,1359.56,2393.49,35558.75,35432.4475903448,1364.0705703298745,2395.414563333953,35547.99166141594
2026-04-26,08:41:00.000,2026-04-26 08:41:00,35443.25,1359.76,2393.35,35558.64,35432.32759034479,1364.2705703298743,2395.2745633339537,35547.88166141594
2026-04-26,08:42:00.000,2026-04-26 08:42:00,35443.7,1359.62,2393.29,35559.08,35432.77759034479,1364.1305703298742,2395.2145633339537,35548.32166141594
2026-04-26,08:43:00.000,2026-04-26 08:43:00,35443.84,1359.6,2393.13,35559.18,35432.91759034479,1364.1105703298742,2395.054563333954,35548.421661415945
2026-04-26,08:44:00.000,2026-04-26 08:44:00,35443.03,1359.69,2392.83,35558.37,35432.10759034478,1364.2005703298746,2394.7545633339532,35547.61166141593
2026-04-26,08:45:00.000,2026-04-26 08:45:00,35442.35,1359.95,2392.56,35557.67,35431.427590344785,1364.4605703298744,2394.4845633339537,35546.911661415936
2026-04-26,08:46:00.000,2026-04-26 08:46:00,35438.83,1360.38,2392.1,35554.16,35427.90759034479,1364.8905703298744,2394.024563333953,35543.40166141594
2026-04-26,08:47:00.000,2026-04-26 08:47:00,35437.09,1360.79,2392.08,35552.42,35426.16759034478,1365.3005703298743,2394.004563333953,35541.661661415936
2026-04-26,08:48:00.000,2026-04-26 08:48:00,35434.17,1361.19,2392.02,35549.5,35429.18853224619,1362.3749054855455,2393.8018358506333,35544.71242587105
2026-04-26,08:49:00.000,2026-04-26 08:49:00,35433.31,1361.81,2392.21,35548.67,35428.32853224619,1362.9949054855454,2393.991835850633,35543.882425871045
2026-04-26,08:50:00.000,2026-04-26 08:50:00,35430.79,1362.44,2392.28,35546.19,35425.8085322462,1363.6249054855457,2394.061835850633,35541.40242587104
2026-04-26,08:51:00.000,2026-04-26 08:51:00,35428.69,1363.15,2392.47,35544.11,35423.70853224619,1364.3349054855457,2394.2518358506327,35539.32242587104
2026-04-26,08:52:00.000,2026-04-26 08:52:00,35429.75,1363.92,2392.99,35545.22,35424.76853224619,1365.1049054855457,2394.7718358506336,35540.43242587103
2026-04-26,08:53:00.000,2026-04-26 08:53:00,35429.14,1364.35,2393.3,35544.64,35424.15853224619,1365.5349054855456,2395.081835850634,35539.85242587103
2026-04-26,08:54:00.000,2026-04-26 08:54:00,35427.98,1364.68,2393.44,35543.52,35422.99853224619,1365.8649054855457,2395.221835850634,35538.73242587103
2026-04-26,08:55:00.000,2026-04-26 08:55:00,35424.95,1364.99,2393.39,35540.52,35419.96853224619,1366.1749054855457,2395.1718358506337,35535.73242587103
2026-04-26,08:56:00.000,2026-04-26 08:56:00,35421.69,1365.28,2393.4,35537.28,35424.01116382511,1364.2410359525588,2393.733540817273,35539.7450203855
2026-04-26,08:57:00.000,2026-04-26 08:57:00,35418.21,1365.52,2393.55,35533.82,35420.531163825115,1364.4810359525586,2393.8835408172736,35536.28502038549
2026-04-26,08:58:00.000,2026-04-26 08:58:00,35415.7,1365.82,2393.96,35531.34,35418.021163825106,1364.7810359525586,2394.293540817273,35533.805020385495
2026-04-26,08:59:00.000,2026-04-26 08:59:00,35413.26,1366.13,2394.36,35528.94,35415.58116382512,1365.091035952559,2394.6935408172735,35531.4050203855
2026-04-26,09:00:00.000,2026-04-26 09:00:00,35410.49,1366.33,2394.74,35526.21,35412.811163825114,1365.291035952559,2395.073540817274,35528.675020385504
2026-04-26,09:01:00.000,2026-04-26 09:01:00,35407.92,1366.48,2395.18,35523.68,35410.24116382512,1365.441035952559,2395.5135408172737,35526.145020385506
2026-04-26,09:02:00.000,2026-04-26 09:02:00,35405.25,1366.62,2395.78,35521.04,35407.57116382513,1365.581035952559,2396.113540817274,35523.5050203855
2026-04-26,09:03:00.000,2026-04-26 09:03:00,35403.71,1366.85,2396.46,35519.54,35406.03116382512,1365.811035952559,2396.7935408172743,35522.0050203855
2026-04-26,09:04:00.000,2026-04-26 09:04:00,35401.66,1367.23,2397.07,35517.52,35399.33883617494,1366.5373517420328,2397.4487527798387,35515.05497961457
2026-04-26,09:05:00.000,2026-04-26 09:05:00,35402.13,1367.92,2397.94,35518.06,35399.808836174925,1367.2273517420329,2398.3187527798386,35515.594979614565
2026-04-26,09:06:00.000,2026-04-26 09:06:00,35397.36,1368.39,2398.18,35513.38,35395.038836174936,1367.6973517420327,2398.5587527798384,35510.914979614565
2026-04-26,09:07:00.000,2026-04-26 09:07:00,35391.86,1369.03,2398.52,35507.9,35389.538836174936,1368.3373517420325,2398.8987527798386,35505.43497961457
2026-04-26,09:08:00.000,2026-04-26 09:08:00,35391.17,1369.99,2399.36,35507.31,35388.84883617493,1369.2973517420323,2399.7387527798387,35504.84497961457
2026-04-26,09:09:00.000,2026-04-26 09:09:00,35390.89,1370.76,2400.15,35507.09,35388.568836174934,1370.0673517420323,2400.5287527798387,35504.62497961457
2026-04-26,09:10:00.000,2026-04-26 09:10:00,35388.69,1371.15,2400.75,35504.98,35386.36883617494,1370.4573517420322,2401.128752779839,35502.51497961457
2026-04-26,09:11:00.000,2026-04-26 09:11:00,35385.49,1371.6,2401.29,35501.85,35383.168836174926,1370.907351742032,2401.668752779839,35499.384979614566
2026-04-26,09:12:00.000,2026-04-26 09:12:00,35384.11,1372.17,2402.18,35500.5,35389.09146775387,1369.2534822090456,2401.110457746478,35505.28757412905
2026-04-26,09:13:00.000,2026-04-26 09:13:00,35385.87,1372.36,2403.24,35502.32,35390.85146775388,1369.4434822090452,2402.1704577464784,35507.10757412904
2026-04-26,09:14:00.000,2026-04-26 09:14:00,35385.92,1372.39,2403.88,35502.44,35390.90146775387,1369.4734822090456,2402.8104577464783,35507.227574129036
2026-04-26,09:15:00.000,2026-04-26 09:15:00,35382.55,1372.49,2404.18,35499.11,35387.53146775388,1369.5734822090456,2403.1104577464785,35503.897574129034
2026-04-26,09:16:00.000,2026-04-26 09:16:00,35380.87,1372.24,2404.75,35497.45,35385.85146775387,1369.3234822090456,2403.680457746479,35502.23757412905
2026-04-26,09:17:00.000,2026-04-26 09:17:00,35380.21,1371.7,2405.42,35496.81,35385.191467753866,1368.7834822090456,2404.350457746479,35501.59757412905
2026-04-26,09:18:00.000,2026-04-26 09:18:00,35378.87,1371.28,2405.97,35495.49,35383.85146775388,1368.3634822090455,2404.9004577464784,35500.277574129046
2026-04-26,09:19:00.000,2026-04-26 09:19:00,35377.48,1371.2,2406.46,35494.11,35382.46146775388,1368.2834822090456,2405.390457746479,35498.897574129056
2026-04-26,09:20:00.000,2026-04-26 09:20:00,35376.61,1371.14,2407.03,35493.26,35385.32990965528,1368.3679169755392,2405.0597905856202,35501.96208858414
2026-04-26,09:21:00.000,2026-04-26 09:21:00,35374.7,1371.24,2407.46,35491.42,35383.41990965528,1368.467916975539,2405.4897905856205,35500.12208858413
2026-04-26,09:22:00.000,2026-04-26 09:22:00,35372.93,1371.64,2407.95,35489.68,35381.64990965528,1368.8679169755392,2405.97979058562,35498.38208858414
2026-04-26,09:23:00.000,2026-04-26 09:23:00,35370.81,1371.88,2408.36,35487.61,35379.529909655284,1369.107916975539,2406.3897905856206,35496.312088584134
2026-04-26,09:24:00.000,2026-04-26 09:24:00,35368.32,1371.86,2408.87,35485.16,35377.03990965528,1369.087916975539,2406.8997905856204,35493.86208858413
2026-04-26,09:25:00.000,2026-04-26 09:25:00,35367.11,1371.88,2409.6,35483.98,35375.82990965527,1369.107916975539,2407.629790585621,35492.68208858414
2026-04-26,09:26:00.000,2026-04-26 09:26:00,35368.15,1371.96,2410.52,35485.07,35376.869909655274,1369.1879169755389,2408.5497905856205,35493.772088584126
2026-04-26,09:27:00.000,2026-04-26 09:27:00,35369.88,1372.09,2411.32,35486.85,35378.59990965527,1369.317916975539,2409.3497905856207,35495.552088584125
2026-04-26,09:28:00.000,2026-04-26 09:28:00,35369.82,1372.13,2411.71,35486.85,35382.41865965528,1369.512916975539,2408.2914955522606,35499.162088584126
2026-04-26,09:29:00.000,2026-04-26 09:29:00,35367.56,1372.07,2411.94,35484.61,35380.15865965527,1369.452916975539,2408.521495552261,35496.922088584135
2026-04-26,09:30:00.000,2026-04-26 09:30:00,35366.65,1372.06,2412.39,35483.7,35379.24865965528,1369.442916975539,2408.9714955522613,35496.012088584124
2026-04-26,09:31:00.000,2026-04-26 09:31:00,35368.57,1371.82,2413.14,35485.64,35381.168659655275,1369.2029169755392,2409.7214955522613,35497.95208858413
2026-04-26,09:32:00.000,2026-04-26 09:32:00,35369.75,1371.53,2413.6,35486.87,35382.34865965528,1368.9129169755392,2410.1814955522614,35499.18208858414
2026-04-26,09:33:00.000,2026-04-26 09:33:00,35367.68,1371.2,2413.69,35484.81,35380.278659655276,1368.5829169755393,2410.2714955522615,35497.122088584125
2026-04-26,09:34:00.000,2026-04-26 09:34:00,35364.11,1370.87,2413.73,35481.23,35376.70865965528,1368.2529169755392,2410.311495552262,35493.54208858415
2026-04-26,09:35:00.000,2026-04-26 09:35:00,35363.34,1370.77,2414.08,35480.44,35375.93865965528,1368.1529169755393,2410.6614955522614,35492.752088584144
2026-04-26,09:36:00.000,2026-04-26 09:36:00,35364.44,1370.64,2414.61,35481.57,35365.142031250034,1370.0207812500014,2417.0161286137914,35482.50859375004
2026-04-26,09:37:00.000,2026-04-26 09:37:00,35363.81,1370.38,2414.95,35480.97,35364.51203125003,1369.7607812500016,2417.3561286137915,35481.908593750035
2026-04-26,09:38:00.000,2026-04-26 09:38:00,35361.7,1370.54,2415.04,35478.86,35362.40203125003,1369.9207812500013,2417.4461286137916,35479.79859375004
2026-04-26,09:39:00.000,2026-04-26 09:39:00,35359.49,1370.5,2415.36,35476.66,35360.19203125002,1369.8807812500013,2417.7661286137923,35477.598593750045
2026-04-26,09:40:00.000,2026-04-26 09:40:00,35359.1,1370.66,2415.81,35476.32,35359.80203125003,1370.040781250001,2418.2161286137907,35477.25859375004
2026-04-26,09:41:00.000,2026-04-26 09:41:00,35357.62,1370.42,2416.33,35474.86,35358.322031250034,1369.8007812500011,2418.736128613791,35475.798593750034
2026-04-26,09:42:00.000,2026-04-26 09:42:00,35355.21,1370.45,2416.69,35472.49,35355.91203125004,1369.830781250001,2419.096128613791,35473.428593750024
2026-04-26,09:43:00.000,2026-04-26 09:43:00,35352.73,1370.74,2417.2,35470.06,35353.43203125004,1370.120781250001,2419.606128613791,35470.99859375003
2026-04-26,09:44:00.000,2026-04-26 09:44:00,35351.99,1370.86,2417.9,35469.37,35358.02953125004,1369.7307812500012,2418.857833580432,35475.387343750044
2026-04-26,09:45:00.000,2026-04-26 09:45:00,35352.37,1370.87,2418.64,35469.78,35358.40953125004,1369.740781250001,2419.5978335804316,35475.79734375003
2026-04-26,09:46:00.000,2026-04-26 09:46:00,35352.74,1370.86,2419.15,35470.17,35358.77953125003,1369.7307812500012,2420.1078335804323,35476.18734375004
2026-04-26,09:47:00.000,2026-04-26 09:47:00,35353.13,1371.1,2419.59,35470.6,35359.16953125003,1369.970781250001,2420.547833580432,35476.61734375003
2026-04-26,09:48:00.000,2026-04-26 09:48:00,35354.4,1371.21,2420.07,35471.89,35360.43953125004,1370.0807812500013,2421.027833580432,35477.907343750034
2026-04-26,09:49:00.000,2026-04-26 09:49:00,35355.16,1371.35,2420.43,35472.68,35361.19953125004,1370.2207812500012,2421.3878335804316,35478.69734375004
2026-04-26,09:50:00.000,2026-04-26 09:50:00,35355.68,1371.2,2420.66,35473.21,35361.71953125003,1370.0707812500011,2421.6178335804316,35479.22734375003
2026-04-26,09:51:00.000,2026-04-26 09:51:00,35355.93,1370.96,2420.8,35473.46,35361.96953125003,1369.8307812500013,2421.757833580432,35479.47734375003
2026-04-26,09:52:00.000,2026-04-26 09:52:00,35355.7,1370.81,2420.9,35473.22,35360.58828125003,1370.0270312500013,2420.714893902893,35478.00234375004
2026-04-26,09:53:00.000,2026-04-26 09:53:00,35355.91,1370.78,2421.03,35473.44,35360.798281250034,1369.997031250001,2420.844893902893,35478.22234375004
2026-04-26,09:54:00.000,2026-04-26 09:54:00,35355.7,1370.82,2421.1,35473.25,35360.588281250035,1370.0370312500015,2420.9148939028923,35478.03234375004
2026-04-26,09:55:00.000,2026-04-26 09:55:00,35354.91,1370.87,2421.18,35472.46,35359.79828125004,1370.0870312500012,2420.9948939028923,35477.24234375003
2026-04-26,09:56:00.000,2026-04-26 09:56:00,35354.37,1370.83,2421.32,35471.93,35359.25828125003,1370.0470312500013,2421.134893902894,35476.71234375003
2026-04-26,09:57:00.000,2026-04-26 09:57:00,35354.13,1370.72,2421.5,35471.7,35359.01828125003,1369.9370312500012,2421.3148939028933,35476.48234375003
2026-04-26,09:58:00.000,2026-04-26 09:58:00,35354.58,1370.48,2421.78,35472.14,35359.46828125004,1369.6970312500014,2421.5948939028935,35476.92234375004
2026-04-26,09:59:00.000,2026-04-26 09:59:00,35355.31,1370.33,2421.93,35472.9,35360.198281250036,1369.5470312500013,2421.744893902893,35477.682343750035
2026-04-26,10:00:00.000,2026-04-26 10:00:00,35354.65,1370.23,2421.94,35472.22,35359.70203125003,1370.4270312500014,2420.7911439028935,35477.13359375003
2026-04-26,10:01:00.000,2026-04-26 10:01:00,35354.44,1370.16,2422.02,35472.01,35359.49203125004,1370.3570312500012,2420.8711439028934,35476.92359375004
2026-04-26,10:02:00.000,2026-04-26 10:02:00,35355.03,1370.01,2422.17,35472.59,35360.08203125004,1370.2070312500014,2421.021143902893,35477.503593750036
2026-04-26,10:03:00.000,2026-04-26 10:03:00,35355.56,1369.84,2422.31,35473.15,35360.612031250035,1370.0370312500013,2421.1611439028925,35478.063593750034
2026-04-26,10:04:00.000,2026-04-26 10:04:00,35355.51,1369.61,2422.38,35473.09,35360.56203125003,1369.807031250001,2421.231143902893,35478.003593750036
2026-04-26,10:05:00.000,2026-04-26 10:05:00,35355.18,1369.35,2422.45,35472.78,35360.23203125003,1369.5470312500013,2421.301143902893,35477.69359375004
2026-04-26,10:06:00.000,2026-04-26 10:06:00,35354.49,1369.3,2422.52,35472.1,35359.54203125003,1369.4970312500013,2421.3711439028934,35477.01359375003
2026-04-26,10:07:00.000,2026-04-26 10:07:00,35354.44,1369.3,2422.66,35472.05,35359.49203125004,1369.4970312500013,2421.511143902893,35476.96359375004
2026-04-26,10:08:00.000,2026-04-26 10:08:00,35354.28,1369.39,2422.71,35471.89,35357.969097595465,1369.8457812500012,2420.8711439028934,35475.5730621062
2026-04-26,10:09:00.000,2026-04-26 10:09:00,35354.14,1369.38,2422.76,35471.75,35357.829097595466,1369.8357812500014,2420.9211439028936,35475.4330621062
2026-04-26,10:10:00.000,2026-04-26 10:10:00,35354.67,1369.45,2422.9,35472.3,35358.359097595465,1369.9057812500012,2421.0611439028935,35475.98306210621
2026-04-26,10:11:00.000,2026-04-26 10:11:00,35354.82,1369.49,2422.97,35472.45,35358.50909759546,1369.9457812500011,2421.131143902893,35476.1330621062
2026-04-26,10:12:00.000,2026-04-26 10:12:00,35355.3,1369.44,2423.04,35472.93,35358.98909759548,1369.8957812500012,2421.201143902893,35476.61306210621
2026-04-26,10:13:00.000,2026-04-26 10:13:00,35355.95,1369.46,2423.15,35473.58,35359.63909759547,1369.9157812500011,2421.3111439028935,35477.263062106205
2026-04-26,10:14:00.000,2026-04-26 10:14:00,35356.79,1369.53,2423.17,35474.43,35360.47909759547,1369.985781250001,2421.331143902893,35478.11306210621
2026-04-26,10:15:00.000,2026-04-26 10:15:00,35357.08,1369.59,2423.1,35474.72,35360.769097595476,1370.045781250001,2421.2611439028924,35478.403062106205
2026-04-26,10:16:00.000,2026-04-26 10:16:00,35357.7,1369.66,2423.05,35475.32,35354.99909759546,1370.1707812500013,2421.524893902894,35472.65681210621
2026-04-26,10:17:00.000,2026-04-26 10:17:00,35359.01,1369.7,2423.02,35476.63,35356.30909759547,1370.2107812500012,2421.494893902893,35473.966812106206
2026-04-26,10:18:00.000,2026-04-26 10:18:00,35360.27,1369.69,2422.9,35477.87,35357.569097595464,1370.200781250001,2421.3748939028937,35475.206812106204
2026-04-26,10:19:00.000,2026-04-26 10:19:00,35361.77,1369.53,2422.83,35479.37,35359.069097595464,1370.0407812500011,2421.304893902893,35476.706812106204
2026-04-26,10:20:00.000,2026-04-26 10:20:00,35362.16,1369.44,2422.66,35479.76,35359.45909759548,1369.9507812500017,2421.1348939028926,35477.0968121062
2026-04-26,10:21:00.000,2026-04-26 10:21:00,35363.04,1369.2,2422.48,35480.62,35360.33909759547,1369.7107812500014,2420.954893902893,35477.956812106204
2026-04-26,10:22:00.000,2026-04-26 10:22:00,35364.25,1369.09,2422.25,35481.81,35361.549097595474,1369.6007812500013,2420.724893902893,35479.146812106206
2026-04-26,10:23:00.000,2026-04-26 10:23:00,35365.95,1368.98,2422.1,35483.44,35363.24909759547,1369.4907812500012,2420.5748939028927,35480.77681210621
2026-04-26,10:24:00.000,2026-04-26 10:24:00,35368.09,1368.9,2421.8,35485.55,35358.14246490459,1369.9557812500016,2421.7428335804316,35475.53037539386
2026-04-26,10:25:00.000,2026-04-26 10:25:00,35370.47,1368.77,2421.4,35487.92,35360.52246490459,1369.8257812500015,2421.342833580432,35477.90037539385
2026-04-26,10:26:00.000,2026-04-26 10:26:00,35372.04,1368.65,2420.79,35489.45,35362.092464904585,1369.7057812500016,2420.732833580432,35479.43037539386
2026-04-26,10:27:00.000,2026-04-26 10:27:00,35372.41,1368.74,2420.2,35489.78,35362.462464904595,1369.7957812500013,2420.1428335804317,35479.76037539386
2026-04-26,10:28:00.000,2026-04-26 10:28:00,35372.76,1368.93,2419.59,35490.09,35362.81246490459,1369.9857812500013,2419.5328335804315,35480.07037539386
2026-04-26,10:29:00.000,2026-04-26 10:29:00,35371.54,1368.95,2418.92,35488.81,35361.59246490459,1370.0057812500013,2418.8628335804315,35478.79037539386
2026-04-26,10:30:00.000,2026-04-26 10:30:00,35369.98,1368.92,2418.39,35487.23,35360.032464904594,1369.975781250001,2418.3328335804313,35477.210375393865
2026-04-26,10:31:00.000,2026-04-26 10:31:00,35369.18,1369.07,2418.12,35486.41,35359.23246490459,1370.1257812500012,2418.0628335804317,35476.39037539386
2026-04-26,10:32:00.000,2026-04-26 10:32:00,35369.86,1369.21,2418.03,35487.07,35362.13746490459,1369.5220312500014,2419.4211286137916,35479.41787539387
2026-04-26,10:33:00.000,2026-04-26 10:33:00,35369.9,1369.16,2417.9,35487.1,35362.177464904584,1369.4720312500012,2419.2911286137914,35479.44787539387
2026-04-26,10:34:00.000,2026-04-26 10:34:00,35370.39,1369.39,2417.72,35487.59,35362.667464904596,1369.7020312500013,2419.111128613791,35479.93787539386
2026-04-26,10:35:00.000,2026-04-26 10:35:00,35369.9,1369.77,2417.54,35487.1,35362.17746490459,1370.0820312500014,2418.9311286137918,35479.44787539385
2026-04-26,10:36:00.000,2026-04-26 10:36:00,35369.4,1370.06,2417.37,35486.62,35361.6774649046,1370.372031250001,2418.761128613791,35478.96787539385
2026-04-26,10:37:00.000,2026-04-26 10:37:00,35367.13,1369.89,2417.24,35484.33,35359.407464904594,1370.2020312500015,2418.6311286137907,35476.677875393856
2026-04-26,10:38:00.000,2026-04-26 10:38:00,35365.86,1369.76,2417.32,35483.06,35358.13746490459,1370.0720312500011,2418.711128613791,35475.407875393845
2026-04-26,10:39:00.000,2026-04-26 10:39:00,35366.23,1369.64,2417.48,35483.43,35358.5074649046,1369.9520312500013,2418.871128613791,35475.777875393855
2026-04-26,10:40:00.000,2026-04-26 10:40:00,35367.48,1369.43,2417.58,35484.65,35360.14093750003,1369.6378125000012,2419.1311258339542,35477.449375000026
2026-04-26,10:41:00.000,2026-04-26 10:41:00,35368.3,1369.34,2417.56,35485.48,35360.96093750004,1369.547812500001,2419.111125833954,35478.27937500003
2026-04-26,10:42:00.000,2026-04-26 10:42:00,35369.38,1369.59,2417.46,35486.56,35362.04093750004,1369.7978125000009,2419.011125833954,35479.35937500004
2026-04-26,10:43:00.000,2026-04-26 10:43:00,35369.9,1369.96,2417.21,35487.1,35362.56093750004,1370.1678125000012,2418.761125833954,35479.89937500003
2026-04-26,10:44:00.000,2026-04-26 10:44:00,35368.83,1369.89,2416.94,35486.01,35361.490937500035,1370.0978125000015,2418.4911258339544,35478.80937500003
2026-04-26,10:45:00.000,2026-04-26 10:45:00,35367.42,1369.91,2416.73,35484.59,35360.08093750003,1370.1178125000015,2418.2811258339543,35477.38937500002
2026-04-26,10:46:00.000,2026-04-26 10:46:00,35367.41,1370.14,2416.62,35484.57,35360.07093750004,1370.3478125000015,2418.171125833954,35477.36937500003
2026-04-26,10:47:00.000,2026-04-26 10:47:00,35366.5,1370.36,2416.51,35483.66,35359.16093750003,1370.5678125000013,2418.0611258339545,35476.45937500003
2026-04-26,10:48:00.000,2026-04-26 10:48:00,35366.09,1370.55,2416.54,35483.28,35361.43843750003,1369.6953125000016,2418.622375833954,35478.75187500003
2026-04-26,10:49:00.000,2026-04-26 10:49:00,35366.36,1370.69,2416.57,35483.57,35361.708437500034,1369.8353125000015,2418.6523758339545,35479.04187500004
2026-04-26,10:50:00.000,2026-04-26 10:50:00,35366.25,1370.91,2416.57,35483.42,35361.59843750003,1370.0553125000013,2418.652375833954,35478.89187500003
2026-04-26,10:51:00.000,2026-04-26 10:51:00,35365.75,1371.01,2416.51,35482.92,35361.09843750003,1370.1553125000012,2418.5923758339545,35478.39187500003
2026-04-26,10:52:00.000,2026-04-26 10:52:00,35365.09,1370.96,2416.47,35482.28,35360.43843750003,1370.1053125000012,2418.552375833954,35477.75187500002
2026-04-26,10:53:00.000,2026-04-26 10:53:00,35364.94,1371.03,2416.55,35482.14,35360.288437500036,1370.175312500001,2418.632375833954,35477.611875000024
2026-04-26,10:54:00.000,2026-04-26 10:54:00,35364.76,1370.98,2416.56,35481.96,35360.10843750004,1370.1253125000014,2418.642375833954,35477.43187500003
2026-04-26,10:55:00.000,2026-04-26 10:55:00,35364.48,1370.99,2416.59,35481.67,35359.828437500044,1370.1353125000012,2418.6723758339544,35477.14187500002
2026-04-26,10:56:00.000,2026-04-26 10:56:00,35364.09,1370.96,2416.67,35481.29,35361.52718750003,1370.3778125000013,2418.2948758339544,35478.81437500002
2026-04-26,10:57:00.000,2026-04-26 10:57:00,35364.04,1370.75,2416.87,35481.25,35361.477187500044,1370.1678125000012,2418.494875833954,35478.77437500003
2026-04-26,10:58:00.000,2026-04-26 10:58:00,35364.1,1370.5,2416.98,35481.32,35361.53718750003,1369.9178125000012,2418.604875833954,35478.84437500002
2026-04-26,10:59:00.000,2026-04-26 10:59:00,35364.2,1370.37,2417.01,35481.42,35361.63718750003,1369.787812500001,2418.6348758339545,35478.94437500003
2026-04-26,11:00:00.000,2026-04-26 11:00:00,35363.33,1370.57,2416.95,35480.57,35360.76718750004,1369.987812500001,2418.574875833954,35478.09437500004
2026-04-26,11:01:00.000,2026-04-26 11:01:00,35362.63,1370.67,2417.01,35479.86,35360.067187500026,1370.0878125000013,2418.6348758339545,35477.38437500003
2026-04-26,11:02:00.000,2026-04-26 11:02:00,35362.48,1370.61,2417.19,35479.71,35359.91718750004,1370.0278125000013,2418.8148758339544,35477.23437500003
2026-04-26,11:03:00.000,2026-04-26 11:03:00,35362.14,1370.51,2417.34,35479.4,35359.57718750004,1369.9278125000014,2418.964875833954,35476.92437500003
2026-04-26,11:04:00.000,2026-04-26 11:04:00,35361.5,1370.45,2417.43,35478.77,35363.06093750004,1370.1690625000012,2418.251125833954,35480.37312500002
2026-04-26,11:05:00.000,2026-04-26 11:05:00,35360.74,1370.42,2417.57,35478.01,35362.30093750003,1370.1390625000015,2418.3911258339544,35479.613125000025
2026-04-26,11:06:00.000,2026-04-26 11:06:00,35360.0,1370.36,2417.59,35477.27,35361.560937500035,1370.079062500001,2418.411125833955,35478.87312500003
2026-04-26,11:07:00.000,2026-04-26 11:07:00,35360.4,1370.36,2417.77,35477.66,35361.960937500044,1370.079062500001,2418.5911258339543,35479.26312500003
2026-04-26,11:08:00.000,2026-04-26 11:08:00,35360.02,1370.31,2417.89,35477.28,35361.580937500024,1370.0290625000014,2418.7111258339546,35478.88312500003
2026-04-26,11:09:00.000,2026-04-26 11:09:00,35358.94,1370.27,2417.98,35476.2,35360.50093750004,1369.9890625000014,2418.8011258339548,35477.80312500003
2026-04-26,11:10:00.000,2026-04-26 11:10:00,35357.18,1370.24,2418.03,35474.46,35358.740937500035,1369.9590625000014,2418.851125833954,35476.06312500003
2026-04-26,11:11:00.000,2026-04-26 11:11:00,35355.24,1370.12,2418.19,35472.54,35356.80093750003,1369.839062500001,2419.011125833954,35474.14312500003
2026-04-26,11:12:00.000,2026-04-26 11:12:00,35353.63,1370.01,2418.56,35470.95,35361.092187500035,1370.070312500001,2417.6004366660495,35478.34312500002
2026-04-26,11:13:00.000,2026-04-26 11:13:00,35353.06,1369.91,2418.97,35470.4,35360.52218750004,1369.970312500001,2418.0104366660494,35477.79312500003
2026-04-26,11:14:00.000,2026-04-26 11:14:00,35352.96,1369.95,2419.3,35470.31,35360.42218750004,1370.0103125000012,2418.340436666049,35477.70312500003
2026-04-26,11:15:00.000,2026-04-26 11:15:00,35353.17,1369.96,2419.64,35470.53,35360.63218750003,1370.020312500001,2418.680436666049,35477.92312500003
2026-04-26,11:16:00.000,2026-04-26 11:16:00,35353.52,1369.97,2419.91,35470.92,35360.982187500034,1370.0303125000016,2418.9504366660494,35478.31312500002
2026-04-26,11:17:00.000,2026-04-26 11:17:00,35353.74,1370.03,2420.09,35471.15,35361.202187500036,1370.0903125000016,2419.1304366660497,35478.54312500002
2026-04-26,11:18:00.000,2026-04-26 11:18:00,35353.54,1370.0,2420.29,35470.99,35361.00218750003,1370.0603125000014,2419.33043666605,35478.38312500003
2026-04-26,11:19:00.000,2026-04-26 11:19:00,35353.19,1369.97,2420.47,35470.62,35360.65218750004,1370.0303125000012,2419.5104366660494,35478.013125000034
2026-04-26,11:20:00.000,2026-04-26 11:20:00,35353.34,1370.0,2420.63,35470.78,35359.24593750003,1370.0953125000012,2418.2791866660496,35476.53062500003
2026-04-26,11:21:00.000,2026-04-26 11:21:00,35353.39,1369.98,2420.75,35470.87,35359.295937500036,1370.0753125000012,2418.3991866660494,35476.62062500004
2026-04-26,11:22:00.000,2026-04-26 11:22:00,35353.81,1369.94,2420.96,35471.27,35359.71593750003,1370.0353125000013,2418.609186666049,35477.02062500003
2026-04-26,11:23:00.000,2026-04-26 11:23:00,35354.39,1369.93,2421.13,35471.86,35360.29593750003,1370.0253125000015,2418.779186666049,35477.61062500004
2026-04-26,11:24:00.000,2026-04-26 11:24:00,35354.87,1369.94,2421.18,35472.35,35360.77593750004,1370.0353125000013,2418.8291866660493,35478.10062500002
2026-04-26,11:25:00.000,2026-04-26 11:25:00,35355.47,1369.97,2421.23,35472.94,35361.375937500045,1370.065312500001,2418.8791866660495,35478.69062500003
2026-04-26,11:26:00.000,2026-04-26 11:26:00,35356.4,1369.93,2421.22,35473.88,35362.30593750004,1370.0253125000013,2418.8691866660492,35479.63062500003
2026-04-26,11:27:00.000,2026-04-26 11:27:00,35357.59,1369.83,2421.26,35475.06,35363.495937500025,1369.925312500001,2418.90918666605,35480.81062500002
2026-04-26,11:28:00.000,2026-04-26 11:28:00,35358.69,1369.72,2421.15,35476.17,35358.48093750004,1370.429062500001,2419.39418666605,35475.854375000024
2026-04-26,11:29:00.000,2026-04-26 11:29:00,35359.72,1369.59,2420.99,35477.16,35359.51093750004,1370.299062500001,2419.23418666605,35476.84437500003
2026-04-26,11:30:00.000,2026-04-26 11:30:00,35360.64,1369.44,2420.78,35478.08,35360.43093750004,1370.1490625000013,2419.0241866660494,35477.76437500002
2026-04-26,11:31:00.000,2026-04-26 11:31:00,35361.48,1369.29,2420.59,35478.9,35361.270937500034,1369.9990625000012,2418.83418666605,35478.58437500003
2026-04-26,11:32:00.000,2026-04-26 11:32:00,35361.81,1369.25,2420.33,35479.22,35361.60093750003,1369.9590625000012,2418.5741866660487,35478.90437500003
2026-04-26,11:33:00.000,2026-04-26 11:33:00,35362.08,1369.18,2420.09,35479.48,35361.87093750003,1369.889062500001,2418.334186666049,35479.16437500004
2026-04-26,11:34:00.000,2026-04-26 11:34:00,35362.11,1369.07,2419.93,35479.5,35361.90093750003,1369.7790625000014,2418.1741866660495,35479.18437500003
2026-04-26,11:35:00.000,2026-04-26 11:35:00,35361.65,1369.07,2419.74,35479.03,35361.44093750004,1369.7790625000014,2417.984186666049,35478.71437500003
2026-04-26,11:36:00.000,2026-04-26 11:36:00,35361.57,1369.15,2419.63,35478.94,35361.40343750004,1369.7953125000015,2418.6166866660487,35478.713125000024
2026-04-26,11:37:00.000,2026-04-26 11:37:00,35361.45,1369.13,2419.57,35478.8,35361.28343750003,1369.7753125000015,2418.5566866660492,35478.573125000024
2026-04-26,11:38:00.000,2026-04-26 11:38:00,35361.21,1369.16,2419.64,35478.58,35361.04343750003,1369.8053125000013,2418.626686666049,35478.35312500003
2026-04-26,11:39:00.000,2026-04-26 11:39:00,35360.88,1369.27,2419.61,35478.25,35360.71343750003,1369.9153125000014,2418.596686666049,35478.02312500003
2026-04-26,11:40:00.000,2026-04-26 11:40:00,35360.73,1369.44,2419.71,35478.11,35360.56343750003,1370.0853125000012,2418.6966866660505,35477.88312500003
2026-04-26,11:41:00.000,2026-04-26 11:41:00,35360.83,1369.54,2419.81,35478.2,35360.663437500036,1370.1853125000011,2418.79668666605,35477.973125000026
2026-04-26,11:42:00.000,2026-04-26 11:42:00,35360.64,1369.63,2419.82,35478.01,35360.47343750003,1370.275312500001,2418.8066866660492,35477.78312500003
2026-04-26,11:43:00.000,2026-04-26 11:43:00,35360.53,1369.8,2419.87,35477.94,35360.36343750003,1370.4453125000007,2418.8566866660494,35477.71312500004
2026-04-26,11:44:00.000,2026-04-26 11:44:00,35360.75,1369.91,2420.07,35478.17,35365.073437500025,1371.3839062500012,2418.15699916605,35482.40406250001
2026-04-26,11:45:00.000,2026-04-26 11:45:00,35361.32,1370.02,2420.22,35478.76,35365.64343750002,1371.4939062500014,2418.3069991660495,35482.99406250002
2026-04-26,11:46:00.000,2026-04-26 11:46:00,35360.78,1370.28,2420.18,35478.21,35365.10343750003,1371.7539062500011,2418.26699916605,35482.44406250003
2026-04-26,11:47:00.000,2026-04-26 11:47:00,35360.17,1370.62,2420.15,35477.63,35364.49343750003,1372.0939062500013,2418.2369991660503,35481.864062500026
2026-04-26,11:48:00.000,2026-04-26 11:48:00,35360.24,1370.92,2420.34,35477.73,35364.56343750003,1372.393906250001,2418.42699916605,35481.96406250002
2026-04-26,11:49:00.000,2026-04-26 11:49:00,35360.49,1371.15,2420.44,35478.0,35364.81343750003,1372.623906250001,2418.5269991660493,35482.23406250002
2026-04-26,11:50:00.000,2026-04-26 11:50:00,35360.36,1371.35,2420.43,35477.86,35364.68343750003,1372.8239062500008,2418.5169991660496,35482.094062500015
2026-04-26,11:51:00.000,2026-04-26 11:51:00,35360.39,1371.52,2420.55,35477.89,35364.71343750003,1372.993906250001,2418.6369991660495,35482.124062500014
2026-04-26,11:52:00.000,2026-04-26 11:52:00,35360.05,1371.68,2420.55,35477.56,35364.97218750003,1371.5201562500015,2418.41824916605,35482.31531250002
2026-04-26,11:53:00.000,2026-04-26 11:53:00,35359.78,1371.93,2420.56,35477.31,35364.70218750003,1371.7701562500015,2418.428249166049,35482.06531250002
2026-04-26,11:54:00.000,2026-04-26 11:54:00,35359.59,1372.08,2420.5,35477.12,35364.51218750003,1371.9201562500011,2418.3682491660493,35481.87531250002
2026-04-26,11:55:00.000,2026-04-26 11:55:00,35359.6,1372.22,2420.46,35477.15,35364.52218750003,1372.0601562500015,2418.3282491660493,35481.90531250002
2026-04-26,11:56:00.000,2026-04-26 11:56:00,35359.65,1372.46,2420.51,35477.2,35364.57218750003,1372.300156250001,2418.37824916605,35481.95531250002
2026-04-26,11:57:00.000,2026-04-26 11:57:00,35360.03,1372.68,2420.49,35477.59,35364.952187500036,1372.5201562500013,2418.3582491660495,35482.345312500016
2026-04-26,11:58:00.000,2026-04-26 11:58:00,35360.2,1372.83,2420.51,35477.76,35365.12218750003,1372.670156250001,2418.3782491660504,35482.51531250003
2026-04-26,11:59:00.000,2026-04-26 11:59:00,35360.81,1372.96,2420.55,35478.39,35365.73218750003,1372.800156250001,2418.4182491660504,35483.14531250002
2026-04-26,12:00:00.000,2026-04-26 12:00:00,35361.95,1372.98,2420.68,35479.53,35363.30218750003,1372.0501562500012,2419.0057491660496,35480.71406250001
2026-04-26,12:01:00.000,2026-04-26 12:01:00,35362.54,1372.98,2420.58,35480.11,35363.89218750004,1372.0501562500012,2418.905749166049,35481.29406250001
2026-04-26,12:02:00.000,2026-04-26 12:02:00,35363.14,1372.99,2420.35,35480.7,35364.49218750004,1372.0601562500015,2418.6757491660496,35481.88406250001
2026-04-26,12:03:00.000,2026-04-26 12:03:00,35363.26,1373.07,2420.07,35480.83,35364.61218750003,1372.1401562500014,2418.39574916605,35482.01406250001
2026-04-26,12:04:00.000,2026-04-26 12:04:00,35363.34,1373.26,2419.85,35480.89,35364.692187500026,1372.3301562500012,2418.1757491660496,35482.074062500025
2026-04-26,12:05:00.000,2026-04-26 12:05:00,35364.04,1373.29,2419.77,35481.57,35365.39218750004,1372.360156250001,2418.0957491660497,35482.75406250002
2026-04-26,12:06:00.000,2026-04-26 12:06:00,35364.97,1373.24,2419.69,35482.49,35366.32218750003,1372.310156250001,2418.0157491660498,35483.674062500024
2026-04-26,12:07:00.000,2026-04-26 12:07:00,35365.03,1373.19,2419.48,35482.53,35366.38218750003,1372.2601562500013,2417.8057491660497,35483.71406250002
2026-04-26,12:08:00.000,2026-04-26 12:08:00,35364.85,1373.19,2419.26,35482.35,35364.588437500024,1372.2826562500013,2418.89949916605,35482.00406250001
2026-04-26,12:09:00.000,2026-04-26 12:09:00,35364.58,1373.19,2419.04,35482.07,35364.31843750002,1372.2826562500013,2418.67949916605,35481.72406250001
2026-04-26,12:10:00.000,2026-04-26 12:10:00,35364.52,1373.2,2418.85,35481.99,35364.258437500015,1372.292656250001,2418.48949916605,35481.644062500025
2026-04-26,12:11:00.000,2026-04-26 12:11:00,35364.72,1373.21,2418.78,35482.19,35364.45843750003,1372.3026562500013,2418.41949916605,35481.84406250002
2026-04-26,12:12:00.000,2026-04-26 12:12:00,35365.05,1373.18,2418.66,35482.52,35364.788437500036,1372.2726562500013,2418.2994991660494,35482.17406250002
2026-04-26,12:13:00.000,2026-04-26 12:13:00,35365.18,1373.11,2418.52,35482.62,35364.918437500026,1372.2026562500012,2418.15949916605,35482.27406250002
2026-04-26,12:14:00.000,2026-04-26 12:14:00,35365.91,1372.96,2418.48,35483.33,35365.64843750004,1372.0526562500013,2418.1194991660495,35482.984062500014
2026-04-26,12:15:00.000,2026-04-26 12:15:00,35366.37,1372.78,2418.37,35483.82,35366.10843750003,1371.872656250001,2418.009499166049,35483.47406250002
2026-04-26,12:16:00.000,2026-04-26 12:16:00,35366.44,1372.66,2418.24,35483.88,35364.91343750003,1372.4301562500011,2418.5514383339537,35482.35406250002
2026-04-26,12:17:00.000,2026-04-26 12:17:00,35366.25,1372.55,2418.11,35483.67,35364.723437500026,1372.320156250001,2418.4214383339536,35482.14406250001
2026-04-26,12:18:00.000,2026-04-26 12:18:00,35366.35,1372.45,2418.0,35483.75,35364.823437500025,1372.2201562500013,2418.311438333954,35482.22406250002
2026-04-26,12:19:00.000,2026-04-26 12:19:00,35366.45,1372.44,2417.79,35483.83,35364.92343750003,1372.210156250001,2418.101438333954,35482.30406250002
2026-04-26,12:20:00.000,2026-04-26 12:20:00,35366.18,1372.44,2417.6,35483.55,35364.65343750003,1372.2101562500013,2417.9114383339534,35482.024062500015
2026-04-26,12:21:00.000,2026-04-26 12:21:00,35366.16,1372.46,2417.5,35483.51,35364.63343750002,1372.2301562500013,2417.811438333954,35481.98406250002
2026-04-26,12:22:00.000,2026-04-26 12:22:00,35366.25,1372.33,2417.5,35483.59,35364.72343750003,1372.1001562500012,2417.8114383339534,35482.064062500016
2026-04-26,12:23:00.000,2026-04-26 12:23:00,35367.22,1372.07,2417.55,35484.55,35365.693437500035,1371.8401562500014,2417.8614383339536,35483.02406250002
2026-04-26,12:24:00.000,2026-04-26 12:24:00,35368.67,1371.71,2417.5,35485.97,35365.417187500025,1372.498906250001,2418.887688333954,35482.84781250002
2026-04-26,12:25:00.000,2026-04-26 12:25:00,35368.66,1371.45,2417.17,35485.94,35365.40718750003,1372.2389062500013,2418.557688333954,35482.81781250002
2026-04-26,12:26:00.000,2026-04-26 12:26:00,35367.22,1371.52,2416.75,35484.47,35363.96718750002,1372.3089062500012,2418.1376883339535,35481.347812500026
2026-04-26,12:27:00.000,2026-04-26 12:27:00,35367.4,1371.55,2416.68,35484.64,35364.14718750003,1372.338906250001,2418.067688333954,35481.517812500024
2026-04-26,12:28:00.000,2026-04-26 12:28:00,35367.82,1371.47,2416.6,35485.06,35364.56718750004,1372.2589062500012,2417.9876883339534,35481.937812500015
2026-04-26,12:29:00.000,2026-04-26 12:29:00,35368.89,1371.22,2416.59,35486.11,35365.63718750003,1372.0089062500012,2417.977688333954,35482.98781250002
2026-04-26,12:30:00.000,2026-04-26 12:30:00,35368.42,1371.13,2416.3,35485.66,35365.16718750003,1371.9189062500013,2417.687688333954,35482.53781250002
2026-04-26,12:31:00.000,2026-04-26 12:31:00,35368.03,1371.2,2416.09,35485.25,35364.77718750003,1371.988906250001,2417.477688333954,35482.12781250002
2026-04-26,12:32:00.000,2026-04-26 12:32:00,35367.44,1371.35,2415.89,35484.65,35364.82593750004,1371.6814062500014,2418.0939383339537,35482.21906250002
2026-04-26,12:33:00.000,2026-04-26 12:33:00,35367.15,1371.56,2415.84,35484.35,35364.53593750003,1371.8914062500014,2418.0439383339535,35481.91906250002
2026-04-26,12:34:00.000,2026-04-26 12:34:00,35366.95,1371.7,2415.86,35484.14,35364.33593750004,1372.0314062500013,2418.063938333954,35481.70906250002
2026-04-26,12:35:00.000,2026-04-26 12:35:00,35367.14,1371.86,2415.83,35484.33,35364.52593750004,1372.1914062500011,2418.0339383339533,35481.89906250002
2026-04-26,12:36:00.000,2026-04-26 12:36:00,35367.31,1372.01,2415.85,35484.51,35364.69593750002,1372.341406250001,2418.0539383339537,35482.07906250002
2026-04-26,12:37:00.000,2026-04-26 12:37:00,35367.53,1372.12,2415.88,35484.73,35364.91593750002,1372.4514062500011,2418.0839383339544,35482.299062500024
2026-04-26,12:38:00.000,2026-04-26 12:38:00,35367.89,1372.19,2415.94,35485.08,35365.27593750003,1372.5214062500013,2418.1439383339543,35482.64906250002
2026-04-26,12:39:00.000,2026-04-26 12:39:00,35368.59,1372.12,2416.06,35485.78,35365.97593750003,1372.4514062500011,2418.2639383339542,35483.34906250002
2026-04-26,12:40:00.000,2026-04-26 12:40:00,35368.27,1372.12,2416.01,35485.47,35365.32718750003,1371.7526562500009,2418.186438333954,35482.72156250001
2026-04-26,12:41:00.000,2026-04-26 12:41:00,35367.84,1372.31,2415.86,35485.02,35364.89718750002,1371.942656250001,2418.0364383339543,35482.27156250001
2026-04-26,12:42:00.000,2026-04-26 12:42:00,35367.56,1372.49,2415.82,35484.72,35364.61718750003,1372.1226562500012,2417.996438333954,35481.971562500024
2026-04-26,12:43:00.000,2026-04-26 12:43:00,35367.67,1372.55,2415.91,35484.86,35364.72718750003,1372.1826562500012,2418.086438333954,35482.111562500024
2026-04-26,12:44:00.000,2026-04-26 12:44:00,35368.19,1372.54,2416.0,35485.37,35365.247187500034,1372.1726562500014,2418.1764383339537,35482.62156250002
2026-04-26,12:45:00.000,2026-04-26 12:45:00,35367.89,1372.61,2415.95,35485.08,35364.94718750003,1372.2426562500011,2418.1264383339535,35482.331562500025
2026-04-26,12:46:00.000,2026-04-26 12:46:00,35367.55,1372.86,2415.88,35484.73,35364.607187500034,1372.4926562500013,2418.0564383339542,35481.98156250002
2026-04-26,12:47:00.000,2026-04-26 12:47:00,35367.66,1373.02,2415.94,35484.86,35364.717187500035,1372.6526562500017,2418.1164383339537,35482.111562500024
2026-04-26,12:48:00.000,2026-04-26 12:48:00,35368.49,1373.03,2416.12,35485.68,35367.47406250005,1375.900000000001,2415.604843750002,35484.723593750015
2026-04-26,12:49:00.000,2026-04-26 12:49:00,35368.25,1373.16,2416.12,35485.47,35367.23406250004,1376.030000000001,2415.604843750002,35484.51359375002
2026-04-26,12:50:00.000,2026-04-26 12:50:00,35368.47,1373.26,2416.18,35485.67,35367.45406250004,1376.130000000001,2415.664843750002,35484.71359375003
2026-04-26,12:51:00.000,2026-04-26 12:51:00,35368.13,1373.41,2416.07,35485.35,35367.11406250004,1376.280000000001,2415.5548437500024,35484.393593750036
2026-04-26,12:52:00.000,2026-04-26 12:52:00,35367.59,1373.58,2416.05,35484.81,35366.57406250003,1376.4500000000014,2415.534843750002,35483.853593750006
2026-04-26,12:53:00.000,2026-04-26 12:53:00,35366.87,1373.76,2416.08,35484.09,35365.85406250003,1376.6300000000012,2415.5648437500017,35483.133593750004
2026-04-26,12:54:00.000,2026-04-26 12:54:00,35366.3,1374.02,2416.04,35483.52,35365.284062500046,1376.890000000001,2415.5248437500018,35482.563593750005
2026-04-26,12:55:00.000,2026-04-26 12:55:00,35365.5,1374.43,2416.01,35482.74,35364.48406250004,1377.3000000000013,2415.494843750002,35481.783593750006
2026-04-26,12:56:00.000,2026-04-26 12:56:00,35364.56,1374.8,2415.98,35481.84,35365.836562500044,1375.893750000001,2415.2360937500016,35483.09359375002
2026-04-26,12:57:00.000,2026-04-26 12:57:00,35364.15,1375.15,2416.05,35481.46,35365.42656250004,1376.2437500000015,2415.306093750002,35482.71359375001
2026-04-26,12:58:00.000,2026-04-26 12:58:00,35364.37,1375.38,2416.24,35481.66,35365.64656250005,1376.4737500000015,2415.496093750002,35482.91359375002
2026-04-26,12:59:00.000,2026-04-26 12:59:00,35364.74,1375.5,2416.36,35482.04,35366.016562500045,1376.5937500000014,2415.6160937500017,35483.29359375002
2026-04-26,13:00:00.000,2026-04-26 13:00:00,35365.29,1375.52,2416.5,35482.6,35366.56656250003,1376.6137500000011,2415.7560937500025,35483.85359375001
2026-04-26,13:01:00.000,2026-04-26 13:01:00,35365.76,1375.53,2416.52,35483.07,35367.036562500034,1376.6237500000009,2415.776093750002,35484.323593750014
2026-04-26,13:02:00.000,2026-04-26 13:02:00,35366.14,1375.48,2416.47,35483.43,35367.416562500024,1376.573750000001,2415.7260937500023,35484.68359375001
2026-04-26,13:03:00.000,2026-04-26 13:03:00,35366.25,1375.5,2416.38,35483.55,35367.526562500025,1376.593750000001,2415.636093750002,35484.80359375
2026-04-26,13:04:00.000,2026-04-26 13:04:00,35366.33,1375.57,2416.35,35483.61,35365.24031250003,1376.637500000001,2415.807343750002,35482.521093750016
2026-04-26,13:05:00.000,2026-04-26 13:05:00,35366.91,1375.51,2416.32,35484.19,35365.82031250003,1376.577500000001,2415.7773437500023,35483.10109375002
2026-04-26,13:06:00.000,2026-04-26 13:06:00,35367.6,1375.4,2416.35,35484.88,35366.51031250003,1376.4675000000013,2415.807343750002,35483.79109375001
2026-04-26,13:07:00.000,2026-04-26 13:07:00,35367.98,1375.31,2416.28,35485.27,35366.890312500036,1376.3775000000012,2415.7373437500023,35484.18109375001
2026-04-26,13:08:00.000,2026-04-26 13:08:00,35368.09,1375.27,2416.15,35485.37,35367.00031250004,1376.3375000000008,2415.6073437500017,35484.281093750025
2026-04-26,13:09:00.000,2026-04-26 13:09:00,35368.04,1375.3,2415.94,35485.31,35366.95031250005,1376.367500000001,2415.3973437500017,35484.22109375001
2026-04-26,13:10:00.000,2026-04-26 13:10:00,35367.86,1375.31,2415.82,35485.12,35366.77031250005,1376.3775000000012,2415.277343750002,35484.03109375002
2026-04-26,13:11:00.000,2026-04-26 13:11:00,35367.38,1375.4,2415.68,35484.64,35366.29031250004,1376.4675000000013,2415.1373437500015,35483.55109375001
2026-04-26,13:12:00.000,2026-04-26 13:12:00,35366.79,1375.54,2415.58,35484.05,35367.61531250003,1375.5787500000013,2415.6773437500015,35484.87734375001
2026-04-26,13:13:00.000,2026-04-26 13:13:00,35366.23,1375.78,2415.45,35483.5,35367.05531250003,1375.818750000001,2415.5473437500013,35484.32734375001
2026-04-26,13:14:00.000,2026-04-26 13:14:00,35365.69,1376.06,2415.4,35482.95,35366.51531250004,1376.0987500000012,2415.497343750002,35483.77734375003
2026-04-26,13:15:00.000,2026-04-26 13:15:00,35365.41,1376.34,2415.38,35482.68,35366.235312500045,1376.378750000001,2415.4773437500016,35483.507343750025
2026-04-26,13:16:00.000,2026-04-26 13:16:00,35365.44,1376.58,2415.47,35482.71,35366.26531250003,1376.6187500000012,2415.567343750002,35483.53734375001
2026-04-26,13:17:00.000,2026-04-26 13:17:00,35365.32,1376.77,2415.49,35482.6,35366.14531250003,1376.8087500000013,2415.587343750002,35483.42734375001
2026-04-26,13:18:00.000,2026-04-26 13:18:00,35365.01,1377.03,2415.49,35482.3,35365.83531250004,1377.068750000001,2415.5873437500018,35483.127343750006
2026-04-26,13:19:00.000,2026-04-26 13:19:00,35364.98,1377.2,2415.51,35482.27,35365.805312500044,1377.2387500000011,2415.607343750002,35483.09734375001
2026-04-26,13:20:00.000,2026-04-26 13:20:00,35365.13,1377.31,2415.5,35482.42,35365.569062500035,1376.293750000001,2415.3848437500023,35482.83734375001
2026-04-26,13:21:00.000,2026-04-26 13:21:00,35365.29,1377.41,2415.56,35482.58,35365.72906250004,1376.3937500000013,2415.444843750002,35482.997343750016
2026-04-26,13:22:00.000,2026-04-26 13:22:00,35365.52,1377.45,2415.68,35482.83,35365.95906250002,1376.4337500000013,2415.5648437500013,35483.247343750016
2026-04-26,13:23:00.000,2026-04-26 13:23:00,35365.89,1377.47,2415.72,35483.19,35366.32906250003,1376.4537500000013,2415.6048437500012,35483.607343750016
2026-04-26,13:24:00.000,2026-04-26 13:24:00,35366.09,1377.5,2415.74,35483.39,35366.52906250004,1376.4837500000012,2415.624843750002,35483.807343750006
2026-04-26,13:25:00.000,2026-04-26 13:25:00,35366.36,1377.48,2415.76,35483.66,35366.799062500046,1376.4637500000013,2415.6448437500026,35484.07734375001
2026-04-26,13:26:00.000,2026-04-26 13:26:00,35366.67,1377.51,2415.76,35483.96,35367.10906250004,1376.493750000001,2415.6448437500026,35484.37734375002
2026-04-26,13:27:00.000,2026-04-26 13:27:00,35367.01,1377.61,2415.75,35484.31,35367.449062500054,1376.593750000001,2415.6348437500023,35484.72734375001
2026-04-26,13:28:00.000,2026-04-26 13:28:00,35367.28,1377.63,2415.75,35484.58,35366.55781250005,1376.3237500000012,2415.8123437500017,35483.84234375001
2026-04-26,13:29:00.000,2026-04-26 13:29:00,35367.49,1377.64,2415.73,35484.78,35366.76781250004,1376.3337500000014,2415.792343750002,35484.04234375001
2026-04-26,13:30:00.000,2026-04-26 13:30:00,35367.52,1377.64,2415.61,35484.81,35366.797812500045,1376.3337500000014,2415.6723437500027,35484.07234375001
2026-04-26,13:31:00.000,2026-04-26 13:31:00,35367.41,1377.65,2415.53,35484.7,35366.687812500044,1376.3437500000011,2415.592343750003,35483.96234375001
2026-04-26,13:32:00.000,2026-04-26 13:32:00,35367.15,1377.71,2415.46,35484.44,35366.427812500035,1376.4037500000009,2415.5223437500017,35483.702343750025
2026-04-26,13:33:00.000,2026-04-26 13:33:00,35366.92,1377.83,2415.39,35484.21,35366.19781250004,1376.5237500000007,2415.452343750001,35483.472343750014
2026-04-26,13:34:00.000,2026-04-26 13:34:00,35366.77,1377.94,2415.32,35484.06,35366.04781250003,1376.6337500000013,2415.3823437500014,35483.32234375001
2026-04-26,13:35:00.000,2026-04-26 13:35:00,35366.71,1378.02,2415.26,35484.0,35365.98781250003,1376.7137500000013,2415.322343750002,35483.262343750015
2026-04-26,13:36:00.000,2026-04-26 13:36:00,35366.72,1378.1,2415.21,35484.03,35366.58406250004,1376.4787500000011,2415.8160937500015,35483.87859375002
2026-04-26,13:37:00.000,2026-04-26 13:37:00,35366.67,1378.12,2415.13,35483.97,35366.53406250004,1376.498750000001,2415.7360937500016,35483.818593750024
2026-04-26,13:38:00.000,2026-04-26 13:38:00,35366.49,1378.19,2415.02,35483.78,35366.35406250004,1376.568750000001,2415.626093750002,35483.628593750014
2026-04-26,13:39:00.000,2026-04-26 13:39:00,35366.47,1378.16,2414.97,35483.76,35366.334062500035,1376.5387500000013,2415.5760937500017,35483.608593750025
2026-04-26,13:40:00.000,2026-04-26 13:40:00,35366.55,1378.12,2414.93,35483.84,35366.414062500044,1376.498750000001,2415.5360937500022,35483.688593750005
2026-04-26,13:41:00.000,2026-04-26 13:41:00,35366.53,1378.08,2414.89,35483.82,35366.39406250004,1376.4587500000011,2415.4960937500023,35483.668593750015
2026-04-26,13:42:00.000,2026-04-26 13:42:00,35366.57,1377.99,2414.84,35483.85,35366.43406250003,1376.3687500000012,2415.446093750002,35483.698593750014
2026-04-26,13:43:00.000,2026-04-26 13:43:00,35366.56,1377.82,2414.71,35483.84,35366.424062500024,1376.1987500000012,2415.316093750002,35483.688593750005
2026-04-26,13:44:00.000,2026-04-26 13:44:00,35366.44,1377.7,2414.62,35483.73,35366.86281250004,1376.573750000001,2415.7710937500015,35484.16609375001
2026-04-26,13:45:00.000,2026-04-26 13:45:00,35366.41,1377.67,2414.56,35483.69,35366.83281250004,1376.5437500000012,2415.711093750002,35484.12609375002
2026-04-26,13:46:00.000,2026-04-26 13:46:00,35366.22,1377.66,2414.48,35483.48,35366.64281250004,1376.5337500000016,2415.631093750002,35483.91609375002
2026-04-26,13:47:00.000,2026-04-26 13:47:00,35366.11,1377.6,2414.44,35483.38,35366.53281250004,1376.4737500000012,2415.591093750002,35483.816093750014
2026-04-26,13:48:00.000,2026-04-26 13:48:00,35365.83,1377.51,2414.34,35483.07,35366.25281250004,1376.3837500000009,2415.4910937500017,35483.50609375002
2026-04-26,13:49:00.000,2026-04-26 13:49:00,35365.74,1377.49,2414.32,35482.99,35366.16281250004,1376.363750000001,2415.471093750002,35483.426093750015
2026-04-26,13:50:00.000,2026-04-26 13:50:00,35365.66,1377.52,2414.3,35482.92,35366.08281250004,1376.3937500000009,2415.4510937500017,35483.35609375001
2026-04-26,13:51:00.000,2026-04-26 13:51:00,35365.68,1377.47,2414.28,35482.93,35366.10281250003,1376.3437500000011,2415.431093750002,35483.36609375002
2026-04-26,13:52:00.000,2026-04-26 13:52:00,35365.39,1377.43,2414.12,35482.63,35366.30078125004,1376.3951562500015,2411.74512416605,35483.486718750035
2026-04-26,13:53:00.000,2026-04-26 13:53:00,35365.48,1377.43,2414.1,35482.7,35366.39078125003,1376.3951562500015,2411.7251241660497,35483.55671875004
2026-04-26,13:54:00.000,2026-04-26 13:54:00,35365.26,1377.41,2414.06,35482.48,35366.17078125003,1376.3751562500013,2411.6851241660497,35483.33671875003
2026-04-26,13:55:00.000,2026-04-26 13:55:00,35365.24,1377.4,2414.01,35482.45,35366.15078125003,1376.365156250001,2411.6351241660495,35483.306718750035
2026-04-26,13:56:00.000,2026-04-26 13:56:00,35365.15,1377.37,2413.91,35482.36,35366.06078125003,1376.3351562500013,2411.5351241660496,35483.21671875004
2026-04-26,13:57:00.000,2026-04-26 13:57:00,35365.33,1377.34,2413.91,35482.55,35366.24078125004,1376.3051562500011,2411.5351241660496,35483.40671875004
2026-04-26,13:58:00.000,2026-04-26 13:58:00,35365.23,1377.48,2413.83,35482.45,35366.14078125003,1376.4451562500014,2411.4551241660492,35483.306718750035
2026-04-26,13:59:00.000,2026-04-26 13:59:00,35365.35,1377.62,2413.83,35482.58,35366.26078125003,1376.5851562500013,2411.4551241660492,35483.43671875004
2026-04-26,14:00:00.000,2026-04-26 14:00:00,35365.62,1377.81,2413.87,35482.84,35365.93078125004,1376.382656250001,2411.7151241660495,35483.077968750025
2026-04-26,14:01:00.000,2026-04-26 14:01:00,35365.35,1377.99,2413.79,35482.6,35365.66078125004,1376.5626562500013,2411.6351241660495,35482.837968750035
2026-04-26,14:02:00.000,2026-04-26 14:02:00,35365.72,1377.96,2413.83,35482.97,35366.03078125003,1376.532656250001,2411.67512416605,35483.20796875003
2026-04-26,14:03:00.000,2026-04-26 14:03:00,35365.74,1377.94,2413.82,35482.98,35366.05078125004,1376.512656250001,2411.6651241660506,35483.217968750025
2026-04-26,14:04:00.000,2026-04-26 14:04:00,35366.16,1377.89,2413.85,35483.41,35366.470781250035,1376.4626562500016,2411.6951241660495,35483.64796875005
2026-04-26,14:05:00.000,2026-04-26 14:05:00,35366.23,1377.84,2413.73,35483.47,35366.54078125004,1376.4126562500014,2411.5751241660496,35483.707968750045
2026-04-26,14:06:00.000,2026-04-26 14:06:00,35366.17,1377.67,2413.62,35483.4,35366.48078125002,1376.2426562500016,2411.4651241660495,35483.637968750045
2026-04-26,14:07:00.000,2026-04-26 14:07:00,35366.24,1377.52,2413.5,35483.48,35366.55078125003,1376.0926562500015,2411.3451241660496,35483.71796875005
2026-04-26,14:08:00.000,2026-04-26 14:08:00,35366.29,1377.52,2413.36,35483.53,35366.282031250026,1376.3476562500014,2412.08387416605,35483.45796875004
2026-04-26,14:09:00.000,2026-04-26 14:09:00,35366.28,1377.51,2413.25,35483.52,35366.27203125003,1376.3376562500011,2411.9738741660494,35483.44796875004
2026-04-26,14:10:00.000,2026-04-26 14:10:00,35366.57,1377.48,2413.14,35483.79,35366.56203125003,1376.3076562500014,2411.8638741660498,35483.71796875003
2026-04-26,14:11:00.000,2026-04-26 14:11:00,35366.43,1377.52,2413.02,35483.66,35366.42203125003,1376.3476562500014,2411.74387416605,35483.58796875004
2026-04-26,14:12:00.000,2026-04-26 14:12:00,35366.33,1377.59,2412.79,35483.56,35366.322031250034,1376.4176562500013,2411.5138741660494,35483.48796875003
2026-04-26,14:13:00.000,2026-04-26 14:13:00,35366.17,1377.6,2412.62,35483.4,35366.16203125003,1376.427656250001,2411.3438741660493,35483.32796875004
2026-04-26,14:14:00.000,2026-04-26 14:14:00,35366.04,1377.65,2412.5,35483.27,35366.03203125005,1376.4776562500015,2411.2238741660494,35483.197968750035
2026-04-26,14:15:00.000,2026-04-26 14:15:00,35365.67,1377.71,2412.3,35482.9,35365.66203125004,1376.5376562500014,2411.0238741660496,35482.82796875004
2026-04-26,14:16:00.000,2026-04-26 14:16:00,35365.73,1377.75,2412.21,35482.96,35366.527031250036,1376.2751562500011,2411.9363741660504,35483.68796875003
2026-04-26,14:17:00.000,2026-04-26 14:17:00,35365.19,1377.88,2412.01,35482.42,35365.98703125003,1376.4051562500013,2411.7363741660506,35483.14796875004
2026-04-26,14:18:00.000,2026-04-26 14:18:00,35365.3,1377.96,2411.98,35482.54,35366.097031250036,1376.4851562500014,2411.70637416605,35483.26796875004
2026-04-26,14:19:00.000,2026-04-26 14:19:00,35365.22,1378.02,2411.93,35482.47,35366.017031250034,1376.5451562500014,2411.6563741660498,35483.197968750035
2026-04-26,14:20:00.000,2026-04-26 14:20:00,35365.38,1378.02,2411.87,35482.64,35366.17703125003,1376.5451562500014,2411.59637416605,35483.36796875004
2026-04-26,14:21:00.000,2026-04-26 14:21:00,35365.21,1377.97,2411.68,35482.46,35366.00703125003,1376.4951562500016,2411.4063741660493,35483.18796875003
2026-04-26,14:22:00.000,2026-04-26 14:22:00,35365.51,1377.83,2411.68,35482.72,35366.30703125003,1376.3551562500013,2411.406374166049,35483.447968750035
2026-04-26,14:23:00.000,2026-04-26 14:23:00,35365.8,1377.57,2411.6,35483.02,35366.597031250036,1376.0951562500015,2411.326374166049,35483.74796875004
2026-04-26,14:24:00.000,2026-04-26 14:24:00,35366.14,1377.37,2411.53,35483.35,35365.14703125003,1376.8001562500012,2411.7092508339533,35482.33671875004
2026-04-26,14:25:00.000,2026-04-26 14:25:00,35366.33,1377.23,2411.45,35483.55,35365.337031250034,1376.6601562500014,2411.6292508339534,35482.53671875004
2026-04-26,14:26:00.000,2026-04-26 14:26:00,35366.79,1377.18,2411.4,35483.99,35365.79703125003,1376.6101562500012,2411.579250833953,35482.97671875005
2026-04-26,14:27:00.000,2026-04-26 14:27:00,35366.76,1377.15,2411.28,35483.95,35365.767031250034,1376.5801562500014,2411.4592508339533,35482.93671875004
2026-04-26,14:28:00.000,2026-04-26 14:28:00,35367.15,1377.05,2411.27,35484.33,35366.157031250026,1376.4801562500015,2411.4492508339545,35483.31671875004
2026-04-26,14:29:00.000,2026-04-26 14:29:00,35367.69,1376.88,2411.25,35484.86,35366.697031250034,1376.3101562500015,2411.429250833954,35483.846718750036
2026-04-26,14:30:00.000,2026-04-26 14:30:00,35368.12,1376.6,2411.23,35485.29,35367.12703125004,1376.030156250001,2411.4092508339545,35484.27671875004
2026-04-26,14:31:00.000,2026-04-26 14:31:00,35368.68,1376.3,2411.23,35485.84,35367.68703125004,1375.7301562500013,2411.4092508339545,35484.82671875003
2026-04-26,14:32:00.000,2026-04-26 14:32:00,35369.22,1375.99,2411.19,35486.38,35366.70828125002,1377.2464062500012,2412.0855008339536,35483.931718750035
2026-04-26,14:33:00.000,2026-04-26 14:33:00,35369.29,1375.68,2411.05,35486.43,35366.77828125003,1376.9364062500013,2411.945500833954,35483.98171875004
2026-04-26,14:34:00.000,2026-04-26 14:34:00,35369.18,1375.39,2410.89,35486.32,35366.66828125003,1376.646406250001,2411.7855008339534,35483.87171875004
2026-04-26,14:35:00.000,2026-04-26 14:35:00,35369.07,1375.13,2410.71,35486.18,35366.55828125003,1376.3864062500013,2411.605500833954,35483.73171875004
2026-04-26,14:36:00.000,2026-04-26 14:36:00,35368.86,1374.91,2410.55,35485.94,35366.34828125004,1376.1664062500013,2411.445500833954,35483.49171875005
2026-04-26,14:37:00.000,2026-04-26 14:37:00,35368.51,1374.79,2410.37,35485.59,35365.998281250046,1376.0464062500014,2411.265500833954,35483.14171875004
2026-04-26,14:38:00.000,2026-04-26 14:38:00,35368.09,1374.69,2410.19,35485.15,35365.57828125004,1375.9464062500015,2411.0855008339536,35482.70171875003
2026-04-26,14:39:00.000,2026-04-26 14:39:00,35367.59,1374.57,2409.96,35484.65,35365.07828125004,1375.8264062500011,2410.855500833954,35482.20171875003
2026-04-26,14:40:00.000,2026-04-26 14:40:00,35367.29,1374.44,2409.76,35484.34,35367.12953125003,1376.5764062500016,2411.909250833955,35484.29546875004
2026-04-26,14:41:00.000,2026-04-26 14:41:00,35367.14,1374.35,2409.65,35484.18,35366.979531250036,1376.4864062500014,2411.7992508339544,35484.13546875005
2026-04-26,14:42:00.000,2026-04-26 14:42:00,35366.73,1374.28,2409.47,35483.78,35366.56953125004,1376.4164062500015,2411.6192508339536,35483.73546875004
2026-04-26,14:43:00.000,2026-04-26 14:43:00,35366.47,1374.22,2409.38,35483.51,35366.30953125003,1376.3564062500016,2411.5292508339544,35483.46546875004
2026-04-26,14:44:00.000,2026-04-26 14:44:00,35366.28,1374.21,2409.27,35483.34,35366.11953125003,1376.346406250001,2411.4192508339534,35483.295468750024
2026-04-26,14:45:00.000,2026-04-26 14:45:00,35365.96,1374.23,2409.17,35483.01,35365.799531250035,1376.366406250001,2411.319250833954,35482.96546875004
2026-04-26,14:46:00.000,2026-04-26 14:46:00,35365.72,1374.17,2409.1,35482.77,35365.55953125004,1376.3064062500011,2411.2492508339533,35482.72546875003
2026-04-26,14:47:00.000,2026-04-26 14:47:00,35365.41,1374.21,2409.08,35482.48,35365.24953125004,1376.346406250001,2411.229250833953,35482.43546875004
2026-04-26,14:48:00.000,2026-04-26 14:48:00,35364.96,1374.27,2408.96,35482.03,35366.61453125004,1376.5564062500014,2411.8155008339536,35483.78546875004
2026-04-26,14:49:00.000,2026-04-26 14:49:00,35364.7,1374.32,2408.85,35481.78,35366.35453125003,1376.606406250001,2411.705500833953,35483.53546875004
2026-04-26,14:50:00.000,2026-04-26 14:50:00,35364.57,1374.27,2408.8,35481.64,35366.22453125004,1376.5564062500014,2411.6555008339537,35483.39546875003
2026-04-26,14:51:00.000,2026-04-26 14:51:00,35364.61,1374.17,2408.75,35481.67,35366.26453125003,1376.4564062500015,2411.6055008339536,35483.42546875003
2026-04-26,14:52:00.000,2026-04-26 14:52:00,35364.65,1374.04,2408.67,35481.72,35366.30453125003,1376.3264062500011,2411.5255008339545,35483.475468750046
2026-04-26,14:53:00.000,2026-04-26 14:53:00,35364.47,1373.95,2408.51,35481.52,35366.124531250025,1376.2364062500014,2411.3655008339547,35483.275468750035
2026-04-26,14:54:00.000,2026-04-26 14:54:00,35364.29,1373.96,2408.38,35481.35,35365.94453125003,1376.2464062500014,2411.235500833954,35483.10546875004
2026-04-26,14:55:00.000,2026-04-26 14:55:00,35364.23,1373.93,2408.31,35481.3,35365.884531250034,1376.2164062500012,2411.1655008339535,35483.05546875005
2026-04-26,14:56:00.000,2026-04-26 14:56:00,35363.93,1373.88,2408.18,35480.99,35357.14437500003,1370.3865625000012,2406.322968750002,35474.145000000026
2026-04-26,14:57:00.000,2026-04-26 14:57:00,35363.52,1373.81,2408.02,35480.57,35356.73437500003,1370.316562500001,2406.162968750002,35473.72500000003
2026-04-26,14:58:00.000,2026-04-26 14:58:00,35362.95,1373.74,2407.81,35480.0,35356.16437500003,1370.2465625000011,2405.952968750002,35473.15500000003
2026-04-26,14:59:00.000,2026-04-26 14:59:00,35362.21,1373.74,2407.53,35479.26,35355.424375000024,1370.2465625000011,2405.6729687500024,35472.41500000004
2026-04-26,15:00:00.000,2026-04-26 15:00:00,35361.87,1373.78,2407.42,35478.92,35355.08437500003,1370.286562500001,2405.5629687500023,35472.075000000026
2026-04-26,15:01:00.000,2026-04-26 15:01:00,35361.41,1373.74,2407.33,35478.46,35354.62437500002,1370.2465625000011,2405.472968750002,35471.615000000034
2026-04-26,15:02:00.000,2026-04-26 15:02:00,35361.05,1373.75,2407.18,35478.11,35354.26437500003,1370.256562500001,2405.322968750003,35471.26500000003
2026-04-26,15:03:00.000,2026-04-26 15:03:00,35360.66,1373.74,2407.09,35477.72,35353.87437500003,1370.246562500001,2405.232968750003,35470.87500000003
2026-04-26,15:04:00.000,2026-04-26 15:04:00,35360.25,1373.73,2406.98,35477.31,35356.50562500002,1370.6840625000011,2406.0704687500024,35473.52375000002
2026-04-26,15:05:00.000,2026-04-26 15:05:00,35359.68,1373.71,2406.81,35476.74,35355.93562500003,1370.6640625000011,2405.9004687500023,35472.95375000003
2026-04-26,15:06:00.000,2026-04-26 15:06:00,35359.27,1373.63,2406.7,35476.31,35355.525625000024,1370.584062500001,2405.7904687500018,35472.52375000003
2026-04-26,15:07:00.000,2026-04-26 15:07:00,35358.93,1373.51,2406.63,35475.96,35355.18562500003,1370.464062500001,2405.720468750002,35472.17375000004
2026-04-26,15:08:00.000,2026-04-26 15:08:00,35358.85,1373.3,2406.54,35475.88,35355.105625000026,1370.2540625000013,2405.630468750002,35472.09375000003
2026-04-26,15:09:00.000,2026-04-26 15:09:00,35358.76,1373.1,2406.5,35475.79,35355.01562500003,1370.054062500001,2405.590468750002,35472.00375000003
2026-04-26,15:10:00.000,2026-04-26 15:10:00,35358.73,1372.92,2406.42,35475.76,35354.98562500003,1369.8740625000012,2405.510468750002,35471.973750000034
2026-04-26,15:11:00.000,2026-04-26 15:11:00,35358.8,1372.7,2406.4,35475.81,35355.05562500002,1369.6540625000014,2405.4904687500025,35472.02375000002
2026-04-26,15:12:00.000,2026-04-26 15:12:00,35358.86,1372.45,2406.36,35475.89,35355.573125000024,1371.2740625000013,2406.0004687500023,35472.61000000002
2026-04-26,15:13:00.000,2026-04-26 15:13:00,35358.73,1372.21,2406.22,35475.75,35355.443125000034,1371.0340625000015,2405.860468750002,35472.47000000002
2026-04-26,15:14:00.000,2026-04-26 15:14:00,35358.76,1371.93,2406.17,35475.76,35355.473125000026,1370.754062500001,2405.8104687500017,35472.480000000025
2026-04-26,15:15:00.000,2026-04-26 15:15:00,35358.79,1371.62,2406.11,35475.77,35355.503125000025,1370.444062500001,2405.7504687500023,35472.49000000002
2026-04-26,15:16:00.000,2026-04-26 15:16:00,35358.86,1371.28,2406.07,35475.83,35355.57312500003,1370.104062500001,2405.7104687500027,35472.55000000004
2026-04-26,15:17:00.000,2026-04-26 15:17:00,35358.79,1370.93,2406.0,35475.76,35355.503125000025,1369.754062500001,2405.640468750002,35472.48000000003
2026-04-26,15:18:00.000,2026-04-26 15:18:00,35358.61,1370.67,2405.87,35475.57,35355.323125000024,1369.494062500001,2405.5104687500025,35472.29000000004
2026-04-26,15:19:00.000,2026-04-26 15:19:00,35358.21,1370.55,2405.78,35475.18,35354.92312500003,1369.3740625000012,2405.4204687500023,35471.90000000004
2026-04-26,15:20:00.000,2026-04-26 15:20:00,35357.8,1370.5,2405.61,35474.77,35356.65812500004,1370.2990625000014,2405.9992187500025,35473.63500000002
2026-04-26,15:21:00.000,2026-04-26 15:21:00,35357.25,1370.5,2405.46,35474.22,35356.108125000035,1370.2990625000014,2405.849218750002,35473.08500000003
2026-04-26,15:22:00.000,2026-04-26 15:22:00,35356.83,1370.5,2405.35,35473.8,35355.68812500003,1370.2990625000011,2405.7392187500022,35472.66500000003
2026-04-26,15:23:00.000,2026-04-26 15:23:00,35356.62,1370.59,2405.33,35473.6,35355.47812500004,1370.3890625000008,2405.719218750002,35472.46500000003
2026-04-26,15:24:00.000,2026-04-26 15:24:00,35356.29,1370.58,2405.27,35473.29,35355.14812500002,1370.3790625000008,2405.6592187500023,35472.15500000003
2026-04-26,15:25:00.000,2026-04-26 15:25:00,35356.12,1370.52,2405.24,35473.13,35354.97812500002,1370.3190625000009,2405.6292187500017,35471.995000000024
2026-04-26,15:26:00.000,2026-04-26 15:26:00,35355.88,1370.4,2405.19,35472.88,35354.73812500002,1370.1990625000014,2405.579218750003,35471.745000000024
2026-04-26,15:27:00.000,2026-04-26 15:27:00,35355.66,1370.25,2405.14,35472.66,35354.51812500002,1370.0490625000014,2405.5292187500027,35471.52500000004
2026-04-26,15:28:00.000,2026-04-26 15:28:00,35355.33,1370.11,2405.02,35472.32,35356.68937500004,1370.7065625000012,2405.857968750002,35473.67875000003
2026-04-26,15:29:00.000,2026-04-26 15:29:00,35355.0,1370.0,2404.96,35471.99,35356.35937500004,1370.596562500001,2405.7979687500024,35473.34875000003
2026-04-26,15:30:00.000,2026-04-26 15:30:00,35354.77,1369.8,2404.92,35471.76,35356.12937500003,1370.396562500001,2405.7579687500024,35473.11875000003
2026-04-26,15:31:00.000,2026-04-26 15:31:00,35354.39,1369.68,2404.85,35471.38,35355.74937500003,1370.276562500001,2405.687968750002,35472.738750000026
2026-04-26,15:32:00.000,2026-04-26 15:32:00,35353.79,1369.61,2404.83,35470.79,35355.14937500003,1370.206562500001,2405.6679687500027,35472.14875000003
2026-04-26,15:33:00.000,2026-04-26 15:33:00,35353.39,1369.54,2404.79,35470.39,35354.74937500002,1370.1365625000012,2405.6279687500028,35471.748750000035
2026-04-26,15:34:00.000,2026-04-26 15:34:00,35352.93,1369.45,2404.79,35469.94,35354.28937500003,1370.0465625000015,2405.627968750002,35471.29875000003
2026-04-26,15:35:00.000,2026-04-26 15:35:00,35352.84,1369.27,2404.84,35469.83,35354.19937500002,1369.8665625000012,2405.677968750002,35471.18875000003
2026-04-26,15:36:00.000,2026-04-26 15:36:00,35352.65,1369.14,2404.83,35469.63,35356.26812500004,1370.7915625000012,2405.589218750002,35473.25500000003
2026-04-26,15:37:00.000,2026-04-26 15:37:00,35352.5,1369.01,2404.88,35469.5,35356.11812500003,1370.661562500001,2405.6392187500023,35473.12500000004
2026-04-26,15:38:00.000,2026-04-26 15:38:00,35352.16,1368.85,2404.88,35469.16,35355.77812500002,1370.5015625000012,2405.639218750002,35472.78500000003
2026-04-26,15:39:00.000,2026-04-26 15:39:00,35351.81,1368.74,2404.9,35468.8,35355.42812500001,1370.391562500001,2405.6592187500014,35472.42500000003
2026-04-26,15:40:00.000,2026-04-26 15:40:00,35351.91,1368.46,2405.02,35468.9,35355.52812500003,1370.1115625000011,2405.7792187500027,35472.52500000003
2026-04-26,15:41:00.000,2026-04-26 15:41:00,35351.37,1368.34,2405.02,35468.35,35354.98812500004,1369.9915625000008,2405.7792187500027,35471.97500000003
2026-04-26,15:42:00.000,2026-04-26 15:42:00,35351.09,1368.3,2405.02,35468.07,35354.70812500002,1369.9515625000008,2405.7792187500027,35471.695000000014
2026-04-26,15:43:00.000,2026-04-26 15:43:00,35350.88,1368.18,2405.08,35467.86,35354.49812500001,1369.831562500001,2405.839218750002,35471.48500000002
2026-04-26,15:44:00.000,2026-04-26 15:44:00,35351.01,1368.03,2405.19,35467.99,35355.615625000035,1370.2478125000011,2405.5954687500025,35472.608750000036
2026-04-26,15:45:00.000,2026-04-26 15:45:00,35350.79,1368.06,2405.23,35467.77,35355.395625000034,1370.2778125000013,2405.6354687500025,35472.388750000035
2026-04-26,15:46:00.000,2026-04-26 15:46:00,35350.87,1368.08,2405.26,35467.84,35355.47562500002,1370.2978125000009,2405.6654687500027,35472.458750000034
2026-04-26,15:47:00.000,2026-04-26 15:47:00,35350.9,1368.16,2405.33,35467.89,35355.50562500002,1370.3778125000013,2405.7354687500024,35472.50875000004
2026-04-26,15:48:00.000,2026-04-26 15:48:00,35350.82,1368.12,2405.35,35467.81,35355.425625000025,1370.337812500001,2405.755468750002,35472.42875000002
2026-04-26,15:49:00.000,2026-04-26 15:49:00,35350.8,1368.13,2405.39,35467.78,35355.405625000036,1370.3478125000013,2405.795468750002,35472.39875000002
2026-04-26,15:50:00.000,2026-04-26 15:50:00,35350.78,1368.0,2405.4,35467.76,35355.38562500003,1370.217812500001,2405.805468750002,35472.37875000003
2026-04-26,15:51:00.000,2026-04-26 15:51:00,35350.5,1367.91,2405.31,35467.48,35355.10562500003,1370.1278125000013,2405.715468750002,35472.098750000034
2026-04-26,15:52:00.000,2026-04-26 15:52:00,35350.54,1367.71,2405.28,35467.51,35355.91562500002,1371.160312500001,2406.014218750002,35472.95375000003
2026-04-26,15:53:00.000,2026-04-26 15:53:00,35350.44,1367.51,2405.2,35467.4,35355.81562500002,1370.9603125000012,2405.934218750002,35472.84375000003
2026-04-26,15:54:00.000,2026-04-26 15:54:00,35350.28,1367.29,2405.11,35467.23,35355.65562500002,1370.7403125000012,2405.8442187500027,35472.67375000004
2026-04-26,15:55:00.000,2026-04-26 15:55:00,35350.12,1367.02,2405.02,35467.06,35355.49562500003,1370.4703125000012,2405.7542187500026,35472.503750000025
2026-04-26,15:56:00.000,2026-04-26 15:56:00,35349.97,1366.71,2404.94,35466.89,35355.34562500004,1370.1603125000013,2405.674218750002,35472.333750000034
2026-04-26,15:57:00.000,2026-04-26 15:57:00,35349.85,1366.4,2404.85,35466.75,35355.22562500003,1369.8503125000013,2405.584218750002,35472.193750000035
2026-04-26,15:58:00.000,2026-04-26 15:58:00,35349.61,1366.14,2404.75,35466.5,35354.98562500003,1369.5903125000011,2405.4842187500026,35471.943750000035
2026-04-26,15:59:00.000,2026-04-26 15:59:00,35349.5,1365.85,2404.68,35466.38,35354.87562500003,1369.3003125000007,2405.414218750002,35471.823750000025
2026-04-26,16:00:00.000,2026-04-26 16:00:00,35349.47,1365.61,2404.62,35466.34,35349.07437500003,1363.200000000001,2404.848281250002,35465.98203125001
2026-04-26,16:01:00.000,2026-04-26 16:01:00,35349.33,1365.37,2404.59,35466.21,35348.93437500003,1362.9600000000012,2404.818281250002,35465.85203125002
2026-04-26,16:02:00.000,2026-04-26 16:02:00,35349.43,1365.07,2404.59,35466.3,35349.03437500003,1362.6600000000012,2404.818281250002,35465.94203125003
2026-04-26,16:03:00.000,2026-04-26 16:03:00,35349.37,1364.78,2404.56,35466.23,35348.974375000034,1362.3700000000013,2404.7882812500015,35465.87203125002
2026-04-26,16:04:00.000,2026-04-26 16:04:00,35349.25,1364.54,2404.49,35466.1,35348.85437500003,1362.1300000000015,2404.718281250002,35465.742031250025
2026-04-26,16:05:00.000,2026-04-26 16:05:00,35349.23,1364.31,2404.44,35466.06,35348.83437500004,1361.9000000000015,2404.6682812500026,35465.70203125003
2026-04-26,16:06:00.000,2026-04-26 16:06:00,35349.34,1364.1,2404.46,35466.18,35348.944375000036,1361.6900000000016,2404.6882812500025,35465.82203125003
2026-04-26,16:07:00.000,2026-04-26 16:07:00,35349.37,1363.93,2404.47,35466.2,35348.974375000034,1361.5200000000016,2404.698281250002,35465.84203125003
2026-04-26,16:08:00.000,2026-04-26 16:08:00,35349.44,1363.72,2404.43,35466.26,35348.379375000026,1362.915000000001,2404.720781250002,35465.279531250024
2026-04-26,16:09:00.000,2026-04-26 16:09:00,35349.53,1363.53,2404.41,35466.34,35348.46937500002,1362.725000000001,2404.7007812500024,35465.359531250026
2026-04-26,16:10:00.000,2026-04-26 16:10:00,35349.8,1363.34,2404.44,35466.61,35348.73937500003,1362.5350000000014,2404.7307812500017,35465.62953125002
2026-04-26,16:11:00.000,2026-04-26 16:11:00,35349.98,1363.16,2404.48,35466.78,35348.919375000034,1362.3550000000016,2404.7707812500016,35465.79953125002
2026-04-26,16:12:00.000,2026-04-26 16:12:00,35350.1,1363.01,2404.48,35466.91,35349.03937500004,1362.2050000000015,2404.770781250002,35465.929531250025
2026-04-26,16:13:00.000,2026-04-26 16:13:00,35350.24,1362.85,2404.5,35467.05,35349.179375000036,1362.0450000000012,2404.7907812500025,35466.069531250025
2026-04-26,16:14:00.000,2026-04-26 16:14:00,35350.37,1362.73,2404.48,35467.18,35349.30937500004,1361.9250000000013,2404.770781250002,35466.19953125003
2026-04-26,16:15:00.000,2026-04-26 16:15:00,35350.65,1362.53,2404.5,35467.47,35349.58937500004,1361.7250000000015,2404.7907812500025,35466.48953125002
2026-04-26,16:16:00.000,2026-04-26 16:16:00,35350.9,1362.28,2404.55,35467.72,35348.926875000034,1363.1037500000014,2404.869531250002,35465.834531250024
2026-04-26,16:17:00.000,2026-04-26 16:17:00,35350.71,1362.13,2404.45,35467.53,35348.73687500003,1362.9537500000013,2404.769531250002,35465.64453125002
2026-04-26,16:18:00.000,2026-04-26 16:18:00,35350.7,1361.98,2404.42,35467.51,35348.72687500003,1362.8037500000016,2404.7395312500016,35465.624531250025
2026-04-26,16:19:00.000,2026-04-26 16:19:00,35350.95,1361.67,2404.49,35467.76,35348.97687500003,1362.4937500000017,2404.8095312500013,35465.874531250025
2026-04-26,16:20:00.000,2026-04-26 16:20:00,35351.06,1361.33,2404.47,35467.87,35349.08687500003,1362.1537500000013,2404.789531250002,35465.98453125002
2026-04-26,16:21:00.000,2026-04-26 16:21:00,35351.04,1361.01,2404.41,35467.83,35349.06687500004,1361.8337500000011,2404.7295312500023,35465.944531250025
2026-04-26,16:22:00.000,2026-04-26 16:22:00,35351.01,1360.8,2404.36,35467.8,35349.03687500004,1361.623750000001,2404.679531250003,35465.91453125002
2026-04-26,16:23:00.000,2026-04-26 16:23:00,35351.04,1360.64,2404.34,35467.82,35349.06687500004,1361.4637500000013,2404.6595312500026,35465.93453125002
2026-04-26,16:24:00.000,2026-04-26 16:24:00,35350.96,1360.54,2404.32,35467.75,35350.13312500003,1362.0912500000015,2404.8745312500027,35467.00578125003
2026-04-26,16:25:00.000,2026-04-26 16:25:00,35350.62,1360.57,2404.26,35467.41,35349.79312500003,1362.1212500000013,2404.8145312500023,35466.665781250034
2026-04-26,16:26:00.000,2026-04-26 16:26:00,35350.22,1360.67,2404.19,35467.03,35349.39312500004,1362.2212500000014,2404.744531250002,35466.28578125003
2026-04-26,16:27:00.000,2026-04-26 16:27:00,35349.96,1360.73,2404.19,35466.77,35349.13312500003,1362.2812500000014,2404.744531250002,35466.02578125002
2026-04-26,16:28:00.000,2026-04-26 16:28:00,35349.68,1360.77,2404.19,35466.49,35348.85312500004,1362.321250000001,2404.744531250002,35465.745781250014
2026-04-26,16:29:00.000,2026-04-26 16:29:00,35349.25,1360.84,2404.17,35466.06,35348.42312500003,1362.3912500000013,2404.7245312500017,35465.31578125002
2026-04-26,16:30:00.000,2026-04-26 16:30:00,35348.97,1360.87,2404.14,35465.79,35348.14312500004,1362.4212500000012,2404.6945312500015,35465.045781250024
2026-04-26,16:31:00.000,2026-04-26 16:31:00,35348.58,1361.03,2404.15,35465.41,35347.75312500004,1362.5812500000015,2404.7045312500018,35464.66578125002
2026-04-26,16:32:00.000,2026-04-26 16:32:00,35348.18,1361.29,2404.19,35465.02,35349.45937500004,1361.8787500000012,2404.490781250002,35466.30578125002
2026-04-26,16:33:00.000,2026-04-26 16:33:00,35347.99,1361.47,2404.27,35464.84,35349.26937500004,1362.058750000001,2404.570781250002,35466.125781250026
2026-04-26,16:34:00.000,2026-04-26 16:34:00,35347.88,1361.56,2404.35,35464.75,35349.15937500003,1362.1487500000012,2404.6507812500026,35466.03578125003
2026-04-26,16:35:00.000,2026-04-26 16:35:00,35347.73,1361.69,2404.43,35464.61,35349.00937500004,1362.2787500000013,2404.7307812500026,35465.89578125003
2026-04-26,16:36:00.000,2026-04-26 16:36:00,35347.49,1361.82,2404.49,35464.38,35348.769375000025,1362.4087500000016,2404.7907812500016,35465.66578125001
2026-04-26,16:37:00.000,2026-04-26 16:37:00,35347.53,1361.9,2404.57,35464.44,35348.80937500002,1362.4887500000016,2404.8707812500024,35465.725781250025
2026-04-26,16:38:00.000,2026-04-26 16:38:00,35347.37,1361.93,2404.64,35464.28,35348.64937500003,1362.5187500000013,2404.940781250002,35465.565781250014
2026-04-26,16:39:00.000,2026-04-26 16:39:00,35347.22,1362.06,2404.7,35464.15,35348.499375000036,1362.6487500000014,2405.0007812500016,35465.435781250024
2026-04-26,16:40:00.000,2026-04-26 16:40:00,35346.96,1362.19,2404.74,35463.88,35349.18812500003,1362.1600000000012,2404.580781250002,35466.05078125003
2026-04-26,16:41:00.000,2026-04-26 16:41:00,35346.76,1362.3,2404.76,35463.69,35348.98812500003,1362.2700000000013,2404.6007812500025,35465.86078125003
2026-04-26,16:42:00.000,2026-04-26 16:42:00,35346.8,1362.33,2404.85,35463.75,35349.02812500003,1362.3000000000015,2404.690781250002,35465.920781250024
2026-04-26,16:43:00.000,2026-04-26 16:43:00,35346.69,1362.32,2404.89,35463.63,35348.91812500003,1362.2900000000013,2404.730781250002,35465.80078125003
2026-04-26,16:44:00.000,2026-04-26 16:44:00,35346.62,1362.32,2404.95,35463.57,35348.84812500004,1362.2900000000013,2404.7907812500016,35465.740781250024
2026-04-26,16:45:00.000,2026-04-26 16:45:00,35346.6,1362.34,2404.98,35463.55,35348.82812500004,1362.3100000000013,2404.8207812500023,35465.720781250035
2026-04-26,16:46:00.000,2026-04-26 16:46:00,35346.63,1362.42,2405.03,35463.6,35348.858125000035,1362.3900000000015,2404.8707812500024,35465.770781250016
2026-04-26,16:47:00.000,2026-04-26 16:47:00,35346.74,1362.45,2405.12,35463.72,35348.968125000036,1362.4200000000012,2404.9607812500026,35465.89078125001
2026-04-26,16:48:00.000,2026-04-26 16:48:00,35346.96,1362.48,2405.2,35463.94,35348.19562500004,1362.2562500000015,2404.525781250002,35465.05078125003
2026-04-26,16:49:00.000,2026-04-26 16:49:00,35347.06,1362.54,2405.32,35464.07,35348.29562500003,1362.3162500000014,2404.645781250002,35465.18078125002
2026-04-26,16:50:00.000,2026-04-26 16:50:00,35347.31,1362.57,2405.32,35464.33,35348.54562500003,1362.3462500000016,2404.645781250002,35465.44078125002
2026-04-26,16:51:00.000,2026-04-26 16:51:00,35347.44,1362.63,2405.37,35464.47,35348.67562500003,1362.4062500000016,2404.6957812500023,35465.58078125002
2026-04-26,16:52:00.000,2026-04-26 16:52:00,35347.79,1362.7,2405.47,35464.81,35349.02562500004,1362.4762500000015,2404.7957812500017,35465.920781250024
2026-04-26,16:53:00.000,2026-04-26 16:53:00,35348.01,1362.6,2405.53,35465.03,35349.24562500004,1362.3762500000012,2404.855781250002,35466.140781250026
2026-04-26,16:54:00.000,2026-04-26 16:54:00,35348.48,1362.44,2405.62,35465.51,35349.715625000026,1362.2162500000013,2404.945781250002,35466.62078125003
2026-04-26,16:55:00.000,2026-04-26 16:55:00,35348.69,1362.26,2405.61,35465.71,35349.92562500003,1362.036250000001,2404.9357812500025,35466.820781250026
2026-04-26,16:56:00.000,2026-04-26 16:56:00,35348.78,1362.19,2405.63,35465.79,35348.29312500003,1362.6950000000015,2404.7695312500023,35465.19078125003
2026-04-26,16:57:00.000,2026-04-26 16:57:00,35349.16,1362.07,2405.67,35466.17,35348.67312500004,1362.5750000000012,2404.8095312500022,35465.57078125003
2026-04-26,16:58:00.000,2026-04-26 16:58:00,35349.38,1361.91,2405.66,35466.39,35348.89312500003,1362.415000000001,2404.7995312500025,35465.79078125002
2026-04-26,16:59:00.000,2026-04-26 16:59:00,35349.53,1361.83,2405.66,35466.55,35349.043125000026,1362.3350000000012,2404.7995312500025,35465.95078125002
2026-04-26,17:00:00.000,2026-04-26 17:00:00,35349.68,1361.69,2405.64,35466.68,35349.193125000034,1362.1950000000015,2404.7795312500016,35466.08078125002
2026-04-26,17:01:00.000,2026-04-26 17:01:00,35349.8,1361.63,2405.61,35466.79,35349.31312500003,1362.1350000000016,2404.749531250002,35466.19078125002
2026-04-26,17:02:00.000,2026-04-26 17:02:00,35349.66,1361.53,2405.54,35466.65,35349.17312500004,1362.0350000000012,2404.6795312500017,35466.05078125003
2026-04-26,17:03:00.000,2026-04-26 17:03:00,35349.53,1361.54,2405.52,35466.53,35349.04312500003,1362.0450000000014,2404.659531250002,35465.93078125002
2026-04-26,17:04:00.000,2026-04-26 17:04:00,35349.53,1361.5,2405.5,35466.54,35349.283437500024,1362.9250000000013,2406.2439062500016,35466.43187500003
2026-04-26,17:05:00.000,2026-04-26 17:05:00,35349.22,1361.53,2405.45,35466.23,35348.973437500026,1362.955000000001,2406.1939062500014,35466.12187500003
2026-04-26,17:06:00.000,2026-04-26 17:06:00,35348.87,1361.74,2405.38,35465.89,35348.62343750003,1363.165000000001,2406.1239062500017,35465.78187500003
2026-04-26,17:07:00.000,2026-04-26 17:07:00,35348.52,1361.86,2405.35,35465.54,35348.27343750002,1363.285000000001,2406.093906250001,35465.431875000024
2026-04-26,17:08:00.000,2026-04-26 17:08:00,35348.25,1361.99,2405.32,35465.28,35348.003437500025,1363.4150000000006,2406.0639062500018,35465.17187500003
2026-04-26,17:09:00.000,2026-04-26 17:09:00,35347.93,1362.08,2405.34,35464.97,35347.68343750003,1363.5050000000003,2406.083906250002,35464.86187500003
2026-04-26,17:10:00.000,2026-04-26 17:10:00,35347.55,1362.27,2405.34,35464.61,35347.303437500035,1363.6950000000006,2406.083906250002,35464.50187500004
2026-04-26,17:11:00.000,2026-04-26 17:11:00,35347.23,1362.38,2405.33,35464.28,35346.98343750003,1363.8050000000007,2406.073906250002,35464.17187500004
2026-04-26,17:12:00.000,2026-04-26 17:12:00,35347.05,1362.59,2405.38,35464.12,35348.53968750002,1362.8312500000006,2405.9139062500017,35465.67062500003
2026-04-26,17:13:00.000,2026-04-26 17:13:00,35346.83,1362.79,2405.42,35463.9,35348.31968750002,1363.0312500000005,2405.9539062500016,35465.45062500003
2026-04-26,17:14:00.000,2026-04-26 17:14:00,35346.78,1362.95,2405.49,35463.87,35348.26968750003,1363.1912500000005,2406.023906250001,35465.42062500003
2026-04-26,17:15:00.000,2026-04-26 17:15:00,35346.75,1363.08,2405.56,35463.86,35348.239687500034,1363.3212500000006,2406.0939062500015,35465.41062500003
2026-04-26,17:16:00.000,2026-04-26 17:16:00,35346.75,1363.17,2405.67,35463.86,35348.23968750003,1363.4112500000012,2406.2039062500016,35465.41062500003
2026-04-26,17:17:00.000,2026-04-26 17:17:00,35346.53,1363.31,2405.69,35463.65,35348.019687500026,1363.5512500000011,2406.223906250002,35465.20062500003
2026-04-26,17:18:00.000,2026-04-26 17:18:00,35346.3,1363.44,2405.71,35463.44,35347.78968750003,1363.6812500000012,2406.243906250002,35464.990625000035
2026-04-26,17:19:00.000,2026-04-26 17:19:00,35346.22,1363.49,2405.77,35463.37,35347.70968750003,1363.731250000001,2406.3039062500025,35464.92062500003
2026-04-26,17:20:00.000,2026-04-26 17:20:00,35346.14,1363.49,2405.83,35463.29,35348.038437500036,1362.850000000001,2405.935156250002,35465.179375000036
2026-04-26,17:21:00.000,2026-04-26 17:21:00,35345.97,1363.62,2405.84,35463.13,35347.86843750004,1362.9800000000012,2405.945156250002,35465.01937500003
2026-04-26,17:22:00.000,2026-04-26 17:22:00,35345.99,1363.76,2405.85,35463.15,35347.88843750003,1363.120000000001,2405.9551562500014,35465.03937500004
2026-04-26,17:23:00.000,2026-04-26 17:23:00,35346.03,1363.97,2405.93,35463.2,35347.92843750002,1363.330000000001,2406.0351562500014,35465.089375000025
2026-04-26,17:24:00.000,2026-04-26 17:24:00,35346.07,1364.17,2406.02,35463.26,35347.96843750003,1363.5300000000004,2406.1251562500024,35465.14937500004
2026-04-26,17:25:00.000,2026-04-26 17:25:00,35346.27,1364.28,2406.13,35463.46,35348.168437500026,1363.6400000000006,2406.235156250002,35465.349375000034
2026-04-26,17:26:00.000,2026-04-26 17:26:00,35346.53,1364.31,2406.21,35463.73,35348.42843750003,1363.6700000000008,2406.315156250002,35465.61937500003
2026-04-26,17:27:00.000,2026-04-26 17:27:00,35346.94,1364.27,2406.31,35464.14,35348.83843750003,1363.6300000000008,2406.4151562500015,35466.02937500002
2026-04-26,17:28:00.000,2026-04-26 17:28:00,35347.5,1364.17,2406.43,35464.7,35346.973437500026,1363.7762500000008,2406.0276562500017,35464.14062500003
2026-04-26,17:29:00.000,2026-04-26 17:29:00,35347.96,1364.09,2406.5,35465.17,35347.43343750002,1363.6962500000009,2406.0976562500023,35464.61062500003
2026-04-26,17:30:00.000,2026-04-26 17:30:00,35348.46,1363.98,2406.57,35465.67,35347.93343750002,1363.586250000001,2406.167656250002,35465.11062500004
2026-04-26,17:31:00.000,2026-04-26 17:31:00,35348.89,1363.86,2406.62,35466.11,35348.363437500026,1363.4662500000006,2406.217656250002,35465.55062500004
2026-04-26,17:32:00.000,2026-04-26 17:32:00,35349.15,1363.74,2406.61,35466.35,35348.62343750003,1363.346250000001,2406.207656250002,35465.79062500002
2026-04-26,17:33:00.000,2026-04-26 17:33:00,35349.15,1363.55,2406.55,35466.35,35348.62343750003,1363.156250000001,2406.1476562500015,35465.79062500002
2026-04-26,17:34:00.000,2026-04-26 17:34:00,35349.16,1363.33,2406.49,35466.34,35348.63343750003,1362.9362500000007,2406.087656250001,35465.78062500003
2026-04-26,17:35:00.000,2026-04-26 17:35:00,35349.07,1363.18,2406.41,35466.26,35348.54343750003,1362.786250000001,2406.007656250001,35465.70062500003
2026-04-26,17:36:00.000,2026-04-26 17:36:00,35349.11,1363.18,2406.34,35466.29,35347.41468750002,1363.6850000000013,2406.1089062500014,35464.59437500003
2026-04-26,17:37:00.000,2026-04-26 17:37:00,35349.55,1363.06,2406.4,35466.73,35347.854687500025,1363.565000000001,2406.168906250002,35465.03437500003
2026-04-26,17:38:00.000,2026-04-26 17:38:00,35349.86,1363.0,2406.41,35467.04,35348.16468750003,1363.505000000001,2406.178906250002,35465.34437500003
2026-04-26,17:39:00.000,2026-04-26 17:39:00,35349.8,1363.05,2406.37,35466.98,35348.10468750003,1363.5550000000007,2406.138906250002,35465.28437500003
2026-04-26,17:40:00.000,2026-04-26 17:40:00,35350.04,1362.94,2406.4,35467.22,35348.34468750002,1363.4450000000006,2406.1689062500022,35465.52437500004
2026-04-26,17:41:00.000,2026-04-26 17:41:00,35350.31,1362.66,2406.38,35467.47,35348.61468750003,1363.1650000000009,2406.148906250002,35465.77437500004
2026-04-26,17:42:00.000,2026-04-26 17:42:00,35350.16,1362.45,2406.31,35467.31,35348.46468750003,1362.9550000000006,2406.078906250001,35465.614375000034
2026-04-26,17:43:00.000,2026-04-26 17:43:00,35349.86,1362.37,2406.2,35467.0,35348.16468750003,1362.8750000000007,2405.9689062500015,35465.304375000036
2026-04-26,17:44:00.000,2026-04-26 17:44:00,35349.54,1362.4,2406.09,35466.68,35349.22593750002,1362.955000000001,2406.2389062500015,35466.37812500003
2026-04-26,17:45:00.000,2026-04-26 17:45:00,35349.18,1362.44,2406.01,35466.33,35348.86593750002,1362.995000000001,2406.1589062500016,35466.028125000026
2026-04-26,17:46:00.000,2026-04-26 17:46:00,35348.79,1362.5,2405.97,35465.93,35348.47593750002,1363.055000000001,2406.118906250002,35465.628125000025
2026-04-26,17:47:00.000,2026-04-26 17:47:00,35348.23,1362.63,2405.88,35465.37,35347.91593750002,1363.185000000001,2406.028906250002,35465.06812500003
2026-04-26,17:48:00.000,2026-04-26 17:48:00,35348.14,1362.82,2405.89,35465.29,35347.825937500034,1363.3750000000007,2406.038906250001,35464.98812500004
2026-04-26,17:49:00.000,2026-04-26 17:49:00,35348.03,1362.99,2405.92,35465.2,35347.715937500034,1363.5450000000008,2406.068906250002,35464.89812500003
2026-04-26,17:50:00.000,2026-04-26 17:50:00,35347.95,1363.17,2405.99,35465.12,35347.63593750003,1363.7250000000006,2406.138906250001,35464.81812500003
2026-04-26,17:51:00.000,2026-04-26 17:51:00,35347.78,1363.36,2406.02,35464.97,35347.465937500034,1363.9150000000006,2406.168906250002,35464.66812500003
2026-04-26,17:52:00.000,2026-04-26 17:52:00,35347.64,1363.53,2406.07,35464.82,35348.043437500026,1362.833750000001,2405.8626562500017,35465.16437500002
2026-04-26,17:53:00.000,2026-04-26 17:53:00,35347.79,1363.68,2406.18,35465.0,35348.19343750002,1362.983750000001,2405.9726562500014,35465.34437500003
2026-04-26,17:54:00.000,2026-04-26 17:54:00,35347.69,1363.89,2406.23,35464.9,35348.09343750003,1363.1937500000008,2406.0226562500015,35465.244375000024
2026-04-26,17:55:00.000,2026-04-26 17:55:00,35347.67,1364.09,2406.29,35464.9,35348.073437500025,1363.3937500000006,2406.082656250001,35465.244375000024
2026-04-26,17:56:00.000,2026-04-26 17:56:00,35347.6,1364.2,2406.34,35464.84,35348.003437500025,1363.503750000001,2406.132656250002,35465.18437500004
2026-04-26,17:57:00.000,2026-04-26 17:57:00,35347.66,1364.28,2406.41,35464.91,35348.06343750004,1363.583750000001,2406.202656250002,35465.25437500005
2026-04-26,17:58:00.000,2026-04-26 17:58:00,35347.83,1364.3,2406.52,35465.07,35348.23343750003,1363.6037500000011,2406.312656250002,35465.41437500004
2026-04-26,17:59:00.000,2026-04-26 17:59:00,35348.02,1364.35,2406.58,35465.28,35348.42343750003,1363.6537500000009,2406.3726562500024,35465.62437500003
2026-04-26,18:00:00.000,2026-04-26 18:00:00,35348.17,1364.46,2406.6,35465.44,35347.160937500026,1363.463750000001,2405.908906250002,35464.32062500003
2026-04-26,18:01:00.000,2026-04-26 18:01:00,35348.34,1364.55,2406.67,35465.62,35347.330937500024,1363.5537500000007,2405.9789062500026,35464.50062500004
2026-04-26,18:02:00.000,2026-04-26 18:02:00,35348.69,1364.52,2406.77,35465.98,35347.68093750002,1363.5237500000007,2406.0789062500016,35464.86062500003
2026-04-26,18:03:00.000,2026-04-26 18:03:00,35349.1,1364.41,2406.85,35466.38,35348.09093750001,1363.4137500000006,2406.1589062500016,35465.260625000024
2026-04-26,18:04:00.000,2026-04-26 18:04:00,35349.39,1364.33,2406.91,35466.68,35348.38093750003,1363.3337500000007,2406.2189062500015,35465.56062500003
2026-04-26,18:05:00.000,2026-04-26 18:05:00,35349.7,1364.24,2406.92,35466.98,35348.690937500025,1363.243750000001,2406.2289062500017,35465.86062500003
2026-04-26,18:06:00.000,2026-04-26 18:06:00,35349.82,1364.16,2406.89,35467.09,35348.810937500035,1363.163750000001,2406.1989062500015,35465.970625000016
2026-04-26,18:07:00.000,2026-04-26 18:07:00,35349.99,1364.05,2406.88,35467.26,35348.98093750003,1363.053750000001,2406.188906250002,35466.14062500003
2026-04-26,18:08:00.000,2026-04-26 18:08:00,35350.16,1363.88,2406.87,35467.43,35350.472500000025,1365.1617187500012,2407.2496875000006,35467.85843750002
2026-04-26,18:09:00.000,2026-04-26 18:09:00,35350.28,1363.7,2406.85,35467.53,35350.59250000002,1364.981718750001,2407.229687500001,35467.95843750003
2026-04-26,18:10:00.000,2026-04-26 18:10:00,35350.19,1363.64,2406.82,35467.45,35350.502500000024,1364.9217187500014,2407.1996875000013,35467.87843750002
2026-04-26,18:11:00.000,2026-04-26 18:11:00,35349.95,1363.68,2406.73,35467.2,35350.26250000002,1364.9617187500014,2407.109687500001,35467.62843750002
2026-04-26,18:12:00.000,2026-04-26 18:12:00,35349.79,1363.75,2406.66,35467.04,35350.10250000002,1365.031718750001,2407.039687500002,35467.46843750003
2026-04-26,18:13:00.000,2026-04-26 18:13:00,35349.34,1363.97,2406.55,35466.62,35349.652500000026,1365.2517187500011,2406.9296875000023,35467.04843750003
2026-04-26,18:14:00.000,2026-04-26 18:14:00,35348.92,1364.26,2406.49,35466.2,35349.23250000003,1365.541718750001,2406.869687500001,35466.62843750003
2026-04-26,18:15:00.000,2026-04-26 18:15:00,35348.67,1364.49,2406.49,35465.97,35348.98250000003,1365.7717187500011,2406.869687500001,35466.39843750004
2026-04-26,18:16:00.000,2026-04-26 18:16:00,35348.57,1364.62,2406.51,35465.87,35349.06375000002,1365.3317187500013,2406.767187500001,35466.44468750003
2026-04-26,18:17:00.000,2026-04-26 18:17:00,35348.76,1364.66,2406.61,35466.07,35349.253750000025,1365.3717187500013,2406.8671875000014,35466.644687500026
2026-04-26,18:18:00.000,2026-04-26 18:18:00,35349.23,1364.58,2406.74,35466.53,35349.72375000002,1365.2917187500013,2406.9971875000006,35467.10468750002
2026-04-26,18:19:00.000,2026-04-26 18:19:00,35349.76,1364.41,2406.89,35467.07,35350.25375000002,1365.1217187500013,2407.147187500001,35467.644687500026
2026-04-26,18:20:00.000,2026-04-26 18:20:00,35350.0,1364.31,2406.93,35467.3,35350.49375000002,1365.0217187500011,2407.187187500002,35467.87468750003
2026-04-26,18:21:00.000,2026-04-26 18:21:00,35350.02,1364.3,2406.91,35467.31,35350.51375000003,1365.011718750001,2407.1671875000015,35467.88468750002
2026-04-26,18:22:00.000,2026-04-26 18:22:00,35349.86,1364.44,2406.93,35467.16,35350.35375000003,1365.1517187500012,2407.187187500001,35467.73468750002
2026-04-26,18:23:00.000,2026-04-26 18:23:00,35349.65,1364.61,2406.92,35466.96,35350.143750000025,1365.3217187500013,2407.1771875000018,35467.534687500025
2026-04-26,18:24:00.000,2026-04-26 18:24:00,35349.52,1364.74,2406.89,35466.83,35350.36125000002,1364.6704687500012,2407.042187500001,35467.70593750003
2026-04-26,18:25:00.000,2026-04-26 18:25:00,35349.35,1364.86,2406.87,35466.66,35350.191250000025,1364.790468750001,2407.0221875000007,35467.53593750003
2026-04-26,18:26:00.000,2026-04-26 18:26:00,35349.14,1365.01,2406.85,35466.47,35349.98125000002,1364.9404687500012,2407.0021875000016,35467.34593750003
2026-04-26,18:27:00.000,2026-04-26 18:27:00,35349.05,1365.19,2406.86,35466.39,35349.89125000002,1365.1204687500015,2407.012187500002,35467.26593750003
2026-04-26,18:28:00.000,2026-04-26 18:28:00,35349.01,1365.42,2406.9,35466.37,35349.85125000003,1365.3504687500013,2407.0521875000018,35467.245937500025
2026-04-26,18:29:00.000,2026-04-26 18:29:00,35349.03,1365.6,2406.98,35466.41,35349.87125000003,1365.530468750001,2407.1321875000017,35467.28593750003
2026-04-26,18:30:00.000,2026-04-26 18:30:00,35349.0,1365.65,2406.95,35466.38,35349.84125000003,1365.5804687500013,2407.1021875000006,35467.25593750001
2026-04-26,18:31:00.000,2026-04-26 18:31:00,35348.97,1365.71,2406.98,35466.35,35349.81125000003,1365.6404687500012,2407.1321875000012,35467.225937500014
2026-04-26,18:32:00.000,2026-04-26 18:32:00,35348.9,1365.72,2407.01,35466.28,35350.325000000026,1365.0092187500013,2407.004687500002,35467.68343750002
2026-04-26,18:33:00.000,2026-04-26 18:33:00,35348.74,1365.8,2407.07,35466.15,35350.16500000002,1365.0892187500012,2407.0646875000016,35467.55343750003
2026-04-26,18:34:00.000,2026-04-26 18:34:00,35348.7,1365.87,2407.1,35466.12,35350.12500000002,1365.1592187500012,2407.094687500002,35467.52343750003
2026-04-26,18:35:00.000,2026-04-26 18:35:00,35348.7,1365.83,2407.08,35466.11,35350.12500000002,1365.1192187500012,2407.0746875000013,35467.51343750002
2026-04-26,18:36:00.000,2026-04-26 18:36:00,35348.46,1365.9,2407.07,35465.87,35349.885000000024,1365.1892187500011,2407.0646875000016,35467.27343750003
2026-04-26,18:37:00.000,2026-04-26 18:37:00,35348.31,1366.0,2407.04,35465.71,35349.73500000003,1365.289218750001,2407.034687500001,35467.113437500026
2026-04-26,18:38:00.000,2026-04-26 18:38:00,35348.26,1366.07,2407.06,35465.66,35349.68500000003,1365.359218750001,2407.054687500001,35467.06343750003
2026-04-26,18:39:00.000,2026-04-26 18:39:00,35348.33,1366.12,2407.11,35465.74,35349.755000000034,1365.4092187500007,2407.104687500001,35467.14343750002
2026-04-26,18:40:00.000,2026-04-26 18:40:00,35348.38,1366.11,2407.13,35465.8,35349.64250000002,1365.362968750001,2407.025937500002,35467.01593750003
2026-04-26,18:41:00.000,2026-04-26 18:41:00,35348.49,1366.08,2407.16,35465.92,35349.752500000024,1365.3329687500013,2407.0559375000016,35467.135937500025
2026-04-26,18:42:00.000,2026-04-26 18:42:00,35348.61,1366.01,2407.17,35466.04,35349.872500000034,1365.2629687500014,2407.065937500002,35467.25593750003
2026-04-26,18:43:00.000,2026-04-26 18:43:00,35348.72,1365.97,2407.19,35466.16,35349.982500000035,1365.2229687500014,2407.0859375000014,35467.37593750002
2026-04-26,18:44:00.000,2026-04-26 18:44:00,35348.88,1365.92,2407.2,35466.31,35350.14250000002,1365.1729687500012,2407.095937500001,35467.52593750003
2026-04-26,18:45:00.000,2026-04-26 18:45:00,35349.01,1365.87,2407.21,35466.44,35350.27250000003,1365.122968750001,2407.1059375000013,35467.655937500036
2026-04-26,18:46:00.000,2026-04-26 18:46:00,35348.95,1365.83,2407.18,35466.38,35350.21250000002,1365.0829687500013,2407.0759375000016,35467.59593750002
2026-04-26,18:47:00.000,2026-04-26 18:47:00,35348.66,1365.81,2407.09,35466.09,35349.92250000003,1365.0629687500013,2406.9859375000015,35467.30593750002
2026-04-26,18:48:00.000,2026-04-26 18:48:00,35348.34,1365.81,2407.04,35465.77,35347.901250000024,1365.609218750001,2406.700937500001,35465.27968750002
2026-04-26,18:49:00.000,2026-04-26 18:49:00,35348.25,1365.91,2407.03,35465.7,35347.81125000003,1365.7092187500014,2406.690937500002,35465.20968750001
2026-04-26,18:50:00.000,2026-04-26 18:50:00,35348.85,1366.02,2407.16,35466.28,35348.41125000003,1365.8192187500008,2406.8209375000006,35465.789687500015
2026-04-26,18:51:00.000,2026-04-26 18:51:00,35350.1,1365.74,2407.43,35467.55,35349.66125000003,1365.539218750001,2407.090937500001,35467.05968750002
2026-04-26,18:52:00.000,2026-04-26 18:52:00,35350.96,1365.25,2407.6,35468.4,35350.52125000003,1365.049218750001,2407.260937500002,35467.90968750004
2026-04-26,18:53:00.000,2026-04-26 18:53:00,35351.53,1364.97,2407.61,35468.95,35351.09125000002,1364.7692187500013,2407.270937500002,35468.45968750003
2026-04-26,18:54:00.000,2026-04-26 18:54:00,35352.27,1364.87,2407.66,35469.69,35351.83125000002,1364.6692187500012,2407.320937500002,35469.19968750004
2026-04-26,18:55:00.000,2026-04-26 18:55:00,35353.01,1364.66,2407.68,35470.45,35352.57125000002,1364.4592187500011,2407.3409375000015,35469.959687500035
2026-04-26,18:56:00.000,2026-04-26 18:56:00,35353.19,1364.57,2407.71,35470.62,35350.54125000003,1365.090468750001,2407.432187500001,35467.928437500035
2026-04-26,18:57:00.000,2026-04-26 18:57:00,35353.09,1364.53,2407.6,35470.55,35350.441250000025,1365.050468750001,2407.3221875000013,35467.85843750003
2026-04-26,18:58:00.000,2026-04-26 18:58:00,35353.06,1364.51,2407.49,35470.49,35350.41125000003,1365.0304687500013,2407.2121875000016,35467.79843750002
2026-04-26,18:59:00.000,2026-04-26 18:59:00,35352.94,1364.5,2407.4,35470.35,35350.29125000003,1365.0204687500016,2407.1221875000015,35467.658437500024
2026-04-26,19:00:00.000,2026-04-26 19:00:00,35352.71,1364.56,2407.28,35470.13,35350.06125000002,1365.080468750001,2407.002187500001,35467.43843750003
2026-04-26,19:01:00.000,2026-04-26 19:01:00,35352.38,1364.68,2407.17,35469.8,35349.73125000002,1365.2004687500014,2406.8921875000015,35467.10843750003
2026-04-26,19:02:00.000,2026-04-26 19:02:00,35351.99,1364.9,2407.07,35469.4,35349.34125000003,1365.420468750001,2406.792187500001,35466.70843750003
2026-04-26,19:03:00.000,2026-04-26 19:03:00,35351.63,1365.21,2407.0,35469.06,35348.981250000026,1365.730468750001,2406.7221875000014,35466.368437500016
2026-04-26,19:04:00.000,2026-04-26 19:04:00,35351.29,1365.63,2406.99,35468.73,35350.042500000025,1364.8442187500013,2406.9271875000013,35467.41343750003
2026-04-26,19:05:00.000,2026-04-26 19:05:00,35351.15,1366.0,2407.02,35468.6,35349.902500000026,1365.2142187500012,2406.957187500002,35467.283437500024
2026-04-26,19:06:00.000,2026-04-26 19:06:00,35351.06,1366.24,2407.07,35468.51,35349.81250000003,1365.4542187500008,2407.0071875000017,35467.19343750003
2026-04-26,19:07:00.000,2026-04-26 19:07:00,35351.08,1366.15,2407.1,35468.53,35349.83250000003,1365.364218750001,2407.0371875000014,35467.21343750002
2026-04-26,19:08:00.000,2026-04-26 19:08:00,35351.07,1366.1,2407.13,35468.53,35349.822500000024,1365.3142187500011,2407.067187500001,35467.21343750003
2026-04-26,19:09:00.000,2026-04-26 19:09:00,35351.21,1365.96,2407.18,35468.67,35349.96250000002,1365.1742187500013,2407.1171875000014,35467.35343750003
2026-04-26,19:10:00.000,2026-04-26 19:10:00,35351.33,1365.97,2407.23,35468.79,35350.082500000026,1365.1842187500015,2407.167187500001,35467.47343750003
2026-04-26,19:11:00.000,2026-04-26 19:11:00,35351.59,1365.86,2407.28,35469.04,35350.34250000002,1365.0742187500014,2407.2171875000013,35467.72343750003
2026-04-26,19:12:00.000,2026-04-26 19:12:00,35351.96,1365.75,2407.34,35469.41,35356.170937500014,1365.013437500001,2407.6848437500016,35473.658437500024
2026-04-26,19:13:00.000,2026-04-26 19:13:00,35352.23,1365.67,2407.36,35469.7,35356.44093750002,1364.933437500001,2407.704843750001,35473.94843750002
2026-04-26,19:14:00.000,2026-04-26 19:14:00,35352.41,1365.66,2407.36,35469.87,35356.620937500025,1364.9234375000008,2407.7048437500016,35474.11843750002
2026-04-26,19:15:00.000,2026-04-26 19:15:00,35352.53,1365.69,2407.35,35469.98,35356.74093750002,1364.953437500001,2407.6948437500014,35474.22843750002
2026-04-26,19:16:00.000,2026-04-26 19:16:00,35352.34,1365.8,2407.32,35469.8,35356.550937500026,1365.063437500001,2407.664843750002,35474.048437500016
2026-04-26,19:17:00.000,2026-04-26 19:17:00,35352.22,1365.87,2407.28,35469.68,35356.43093750003,1365.1334375000013,2407.624843750002,35473.92843750002
2026-04-26,19:18:00.000,2026-04-26 19:18:00,35352.37,1365.76,2407.29,35469.83,35356.58093750003,1365.0234375000011,2407.634843750002,35474.078437500015
2026-04-26,19:19:00.000,2026-04-26 19:19:00,35352.56,1365.61,2407.34,35470.01,35356.770937500034,1364.873437500001,2407.684843750002,35474.25843750002
2026-04-26,19:20:00.000,2026-04-26 19:20:00,35352.52,1365.59,2407.3,35469.96,35357.60218750002,1364.5334375000011,2407.8660937500026,35475.079687500016
2026-04-26,19:21:00.000,2026-04-26 19:21:00,35352.29,1365.67,2407.21,35469.74,35357.37218750003,1364.613437500001,2407.7760937500025,35474.859687500015
2026-04-26,19:22:00.000,2026-04-26 19:22:00,35351.88,1365.79,2407.12,35469.31,35356.96218750002,1364.733437500001,2407.6860937500014,35474.42968750002
2026-04-26,19:23:00.000,2026-04-26 19:23:00,35351.56,1365.94,2407.06,35469.01,35356.642187500016,1364.883437500001,2407.626093750002,35474.12968750002
2026-04-26,19:24:00.000,2026-04-26 19:24:00,35351.2,1366.07,2407.03,35468.65,35356.28218750003,1365.0134375000011,2407.5960937500017,35473.769687500026
2026-04-26,19:25:00.000,2026-04-26 19:25:00,35350.78,1366.31,2406.98,35468.24,35355.86218750003,1365.253437500001,2407.5460937500015,35473.35968750002
2026-04-26,19:26:00.000,2026-04-26 19:26:00,35350.64,1366.49,2407.02,35468.13,35355.72218750003,1365.4334375000012,2407.5860937500015,35473.24968750002
2026-04-26,19:27:00.000,2026-04-26 19:27:00,35350.78,1366.51,2407.15,35468.27,35355.86218750003,1365.4534375000012,2407.7160937500016,35473.38968750002
2026-04-26,19:28:00.000,2026-04-26 19:28:00,35351.18,1366.47,2407.3,35468.69,35356.910937500026,1365.1421875000008,2407.627343750002,35474.39718750002
2026-04-26,19:29:00.000,2026-04-26 19:29:00,35351.51,1366.23,2407.44,35469.01,35357.24093750003,1364.902187500001,2407.7673437500016,35474.71718750001
2026-04-26,19:30:00.000,2026-04-26 19:30:00,35351.55,1366.01,2407.5,35469.05,35357.28093750003,1364.682187500001,2407.827343750001,35474.75718750002
2026-04-26,19:31:00.000,2026-04-26 19:31:00,35351.26,1366.08,2407.42,35468.77,35356.990937500035,1364.7521875000011,2407.747343750001,35474.47718750002
2026-04-26,19:32:00.000,2026-04-26 19:32:00,35350.88,1366.15,2407.37,35468.4,35356.61093750001,1364.8221875000013,2407.6973437500014,35474.10718750002
2026-04-26,19:33:00.000,2026-04-26 19:33:00,35350.55,1366.4,2407.3,35468.08,35356.28093750002,1365.0721875000013,2407.6273437500017,35473.78718750003
2026-04-26,19:34:00.000,2026-04-26 19:34:00,35350.04,1366.65,2407.26,35467.59,35355.77093750002,1365.3221875000013,2407.5873437500027,35473.297187500015
2026-04-26,19:35:00.000,2026-04-26 19:35:00,35349.49,1366.55,2407.19,35467.02,35355.22093750002,1365.222187500001,2407.517343750002,35472.72718750002
2026-04-26,19:36:00.000,2026-04-26 19:36:00,35349.11,1366.57,2407.2,35466.65,35354.74593750003,1364.823437500001,2407.1810937500013,35472.195937500015
2026-04-26,19:37:00.000,2026-04-26 19:37:00,35349.04,1366.71,2407.24,35466.6,35354.675937500026,1364.963437500001,2407.2210937500013,35472.14593750001
2026-04-26,19:38:00.000,2026-04-26 19:38:00,35349.45,1366.86,2407.39,35467.03,35355.08593750004,1365.1134375000008,2407.371093750002,35472.57593750003
2026-04-26,19:39:00.000,2026-04-26 19:39:00,35350.26,1367.02,2407.6,35467.85,35355.895937500034,1365.2734375000011,2407.581093750002,35473.39593750002
2026-04-26,19:40:00.000,2026-04-26 19:40:00,35351.23,1367.14,2407.85,35468.84,35356.86593750003,1365.3934375000013,2407.831093750002,35474.38593750002
2026-04-26,19:41:00.000,2026-04-26 19:41:00,35352.0,1366.98,2408.0,35469.62,35357.63593750002,1365.233437500001,2407.9810937500024,35475.16593750003
2026-04-26,19:42:00.000,2026-04-26 19:42:00,35352.64,1366.6,2408.09,35470.23,35358.27593750002,1364.853437500001,2408.0710937500016,35475.77593750003
2026-04-26,19:43:00.000,2026-04-26 19:43:00,35353.49,1366.01,2408.18,35471.08,35359.12593750002,1364.263437500001,2408.161093750002,35476.62593750002
2026-04-26,19:44:00.000,2026-04-26 19:44:00,35353.98,1365.58,2408.17,35471.54,35352.0572532895,1366.5927527335075,2407.421093750002,35469.63660975726
2026-04-26,19:45:00.000,2026-04-26 19:45:00,35354.35,1365.34,2408.08,35471.9,35352.4272532895,1366.3527527335077,2407.331093750002,35469.99660975726
2026-04-26,19:46:00.000,2026-04-26 19:46:00,35354.8,1365.19,2408.06,35472.34,35352.877253289495,1366.2027527335079,2407.3110937500014,35470.43660975725
2026-04-26,19:47:00.000,2026-04-26 19:47:00,35355.01,1365.01,2408.02,35472.55,35353.08725328949,1366.0227527335076,2407.2710937500015,35470.646609757256
2026-04-26,19:48:00.000,2026-04-26 19:48:00,35355.4,1364.64,2407.99,35472.9,35353.47725328949,1365.6527527335077,2407.2410937500017,35470.996609757254
2026-04-26,19:49:00.000,2026-04-26 19:49:00,35358.61,1363.66,2408.45,35476.07,35356.6872532895,1364.6727527335077,2407.7010937500017,35474.16660975725
2026-04-26,19:50:00.000,2026-04-26 19:50:00,35362.65,1362.89,2409.1,35480.12,35360.72725328949,1363.9027527335077,2408.351093750002,35478.21660975726
2026-04-26,19:51:00.000,2026-04-26 19:51:00,35366.05,1362.19,2409.52,35483.51,35364.12725328949,1363.2027527335074,2408.771093750002,35481.60660975726
2026-04-26,19:52:00.000,2026-04-26 19:52:00,35369.21,1361.67,2409.84,35486.67,35359.98462171057,1364.9066222664944,2409.119843750002,35477.51401524278
2026-04-26,19:53:00.000,2026-04-26 19:53:00,35370.12,1361.35,2409.72,35487.57,35360.89462171058,1364.5866222664943,2408.999843750002,35478.414015242786
2026-04-26,19:54:00.000,2026-04-26 19:54:00,35369.08,1361.15,2409.16,35486.49,35359.85462171057,1364.3866222664944,2408.439843750002,35477.334015242785
2026-04-26,19:55:00.000,2026-04-26 19:55:00,35367.43,1360.87,2408.49,35484.82,35358.204621710574,1364.1066222664942,2407.769843750002,35475.664015242786
2026-04-26,19:56:00.000,2026-04-26 19:56:00,35365.75,1360.9,2407.89,35483.1,35356.52462171056,1364.1366222664944,2407.1698437500013,35473.94401524279
2026-04-26,19:57:00.000,2026-04-26 19:57:00,35364.36,1361.31,2407.49,35481.71,35355.13462171056,1364.5466222664943,2406.7698437500017,35472.55401524279
2026-04-26,19:58:00.000,2026-04-26 19:58:00,35363.63,1361.77,2407.31,35480.98,35354.40462171056,1365.006622266494,2406.589843750002,35471.82401524279
2026-04-26,19:59:00.000,2026-04-26 19:59:00,35363.37,1362.32,2407.26,35480.74,35354.14462171056,1365.5566222664943,2406.5398437500016,35471.584015242785
2026-04-26,20:00:00.000,2026-04-26 20:00:00,35363.44,1362.85,2407.33,35480.84,35357.65218750002,1363.9996875000008,2407.609843750002,35475.08218750002
2026-04-26,20:01:00.000,2026-04-26 20:01:00,35363.31,1363.3,2407.39,35480.74,35357.52218750001,1364.4496875000007,2407.669843750002,35474.98218750001
2026-04-26,20:02:00.000,2026-04-26 20:02:00,35363.0,1363.55,2407.44,35480.44,35357.21218750002,1364.6996875000011,2407.719843750001,35474.682187500024
2026-04-26,20:03:00.000,2026-04-26 20:03:00,35362.38,1363.74,2407.4,35479.85,35356.59218750003,1364.8896875000012,2407.679843750001,35474.09218750001
2026-04-26,20:04:00.000,2026-04-26 20:04:00,35361.76,1363.98,2407.34,35479.24,35355.97218750003,1365.1296875000012,2407.6198437500025,35473.48218750003
2026-04-26,20:05:00.000,2026-04-26 20:05:00,35361.43,1364.22,2407.3,35478.91,35355.64218750003,1365.369687500001,2407.5798437500025,35473.152187500025
2026-04-26,20:06:00.000,2026-04-26 20:06:00,35361.6,1364.41,2407.42,35479.1,35355.81218750002,1365.5596875000008,2407.6998437500015,35473.34218750003
2026-04-26,20:07:00.000,2026-04-26 20:07:00,35361.69,1364.67,2407.54,35479.21,35355.90218750003,1365.819687500001,2407.8198437500014,35473.45218750003
2026-04-26,20:08:00.000,2026-04-26 20:08:00,35361.48,1365.03,2407.63,35479.02,35357.75593750002,1364.4984375000008,2407.599843750001,35475.21593750003
2026-04-26,20:09:00.000,2026-04-26 20:09:00,35360.96,1365.3,2407.65,35478.51,35357.235937500016,1364.7684375000008,2407.6198437500016,35474.70593750003
2026-04-26,20:10:00.000,2026-04-26 20:10:00,35360.4,1365.35,2407.63,35477.97,35356.675937500026,1364.8184375000012,2407.5998437500016,35474.16593750002
2026-04-26,20:11:00.000,2026-04-26 20:11:00,35360.3,1365.31,2407.68,35477.86,35356.57593750002,1364.7784375000012,2407.6498437500018,35474.05593750002
2026-04-26,20:12:00.000,2026-04-26 20:12:00,35359.92,1365.54,2407.67,35477.5,35356.19593750003,1365.008437500001,2407.6398437500015,35473.69593750002
2026-04-26,20:13:00.000,2026-04-26 20:13:00,35359.38,1365.79,2407.65,35476.97,35355.65593750002,1365.258437500001,2407.619843750002,35473.16593750002
2026-04-26,20:14:00.000,2026-04-26 20:14:00,35359.48,1365.92,2407.76,35477.07,35355.75593750003,1365.3884375000011,2407.7298437500026,35473.265937500015
2026-04-26,20:15:00.000,2026-04-26 20:15:00,35360.18,1365.93,2407.97,35477.8,35356.455937500024,1365.3984375000014,2407.9398437500017,35473.995937500025
2026-04-26,20:16:00.000,2026-04-26 20:16:00,35360.54,1366.02,2408.13,35478.17,35358.41937500003,1365.7348437500011,2408.580781250001,35476.06671875004
2026-04-26,20:17:00.000,2026-04-26 20:17:00,35360.0,1366.1,2408.05,35477.64,35357.87937500003,1365.814843750001,2408.500781250001,35475.53671875004
2026-04-26,20:18:00.000,2026-04-26 20:18:00,35359.03,1366.07,2407.92,35476.66,35356.90937500002,1365.784843750001,2408.370781250001,35474.55671875004
2026-04-26,20:19:00.000,2026-04-26 20:19:00,35358.51,1366.02,2407.88,35476.14,35356.38937500003,1365.7348437500013,2408.330781250001,35474.03671875004
2026-04-26,20:20:00.000,2026-04-26 20:20:00,35358.03,1366.16,2407.84,35475.65,35355.90937500004,1365.874843750001,2408.290781250002,35473.546718750025
2026-04-26,20:21:00.000,2026-04-26 20:21:00,35357.67,1366.39,2407.85,35475.31,35355.54937500004,1366.104843750001,2408.3007812500014,35473.20671875003
2026-04-26,20:22:00.000,2026-04-26 20:22:00,35357.7,1366.59,2407.93,35475.34,35355.57937500004,1366.3048437500008,2408.3807812500017,35473.23671875002
2026-04-26,20:23:00.000,2026-04-26 20:23:00,35358.22,1366.63,2408.12,35475.88,35356.09937500004,1366.3448437500008,2408.5707812500023,35473.77671875003
2026-04-26,20:24:00.000,2026-04-26 20:24:00,35358.72,1366.56,2408.31,35476.41,35356.15062500003,1366.5760937500008,2408.2945312500015,35473.83796875004
2026-04-26,20:25:00.000,2026-04-26 20:25:00,35359.06,1366.44,2408.45,35476.74,35356.49062500003,1366.456093750001,2408.434531250001,35474.167968750044
2026-04-26,20:26:00.000,2026-04-26 20:26:00,35359.02,1366.26,2408.46,35476.69,35356.450625000034,1366.2760937500009,2408.4445312500015,35474.11796875004
2026-04-26,20:27:00.000,2026-04-26 20:27:00,35359.04,1366.08,2408.44,35476.7,35356.47062500004,1366.096093750001,2408.424531250001,35474.127968750036
2026-04-26,20:28:00.000,2026-04-26 20:28:00,35359.06,1365.89,2408.44,35476.71,35356.490625000035,1365.9060937500012,2408.4245312500016,35474.13796875003
2026-04-26,20:29:00.000,2026-04-26 20:29:00,35359.27,1365.68,2408.41,35476.91,35356.70062500003,1365.6960937500012,2408.394531250002,35474.33796875003
2026-04-26,20:30:00.000,2026-04-26 20:30:00,35359.49,1365.44,2408.47,35477.12,35356.920625000035,1365.4560937500012,2408.4545312500013,35474.54796875003
2026-04-26,20:31:00.000,2026-04-26 20:31:00,35359.63,1365.22,2408.47,35477.26,35357.060625000035,1365.236093750001,2408.4545312500013,35474.687968750026
2026-04-26,20:32:00.000,2026-04-26 20:32:00,35359.5,1365.07,2408.42,35477.13,35356.87687500004,1366.2235937500009,2408.502031250002,35474.54421875004
2026-04-26,20:33:00.000,2026-04-26 20:33:00,35359.32,1364.92,2408.35,35476.94,35356.69687500003,1366.0735937500008,2408.4320312500013,35474.354218750035
2026-04-26,20:34:00.000,2026-04-26 20:34:00,35359.23,1364.85,2408.33,35476.86,35356.60687500003,1366.0035937500008,2408.4120312500013,35474.27421875004
2026-04-26,20:35:00.000,2026-04-26 20:35:00,35359.08,1364.83,2408.3,35476.69,35356.45687500003,1365.9835937500009,2408.3820312500015,35474.10421875004
2026-04-26,20:36:00.000,2026-04-26 20:36:00,35359.16,1364.73,2408.32,35476.76,35356.536875000034,1365.883593750001,2408.4020312500015,35474.17421875003
2026-04-26,20:37:00.000,2026-04-26 20:37:00,35359.25,1364.74,2408.32,35476.86,35356.62687500003,1365.8935937500012,2408.4020312500015,35474.27421875003
2026-04-26,20:38:00.000,2026-04-26 20:38:00,35359.17,1364.72,2408.33,35476.79,35356.54687500003,1365.8735937500012,2408.412031250001,35474.20421875003
2026-04-26,20:39:00.000,2026-04-26 20:39:00,35359.01,1364.61,2408.3,35476.62,35356.38687500004,1365.763593750001,2408.382031250001,35474.03421875003
2026-04-26,20:40:00.000,2026-04-26 20:40:00,35358.8,1364.51,2408.25,35476.41,35356.954375000045,1365.8835937500012,2408.4195312500015,35474.602968750034
2026-04-26,20:41:00.000,2026-04-26 20:41:00,35358.56,1364.5,2408.22,35476.18,35356.71437500004,1365.8735937500014,2408.389531250001,35474.37296875004
2026-04-26,20:42:00.000,2026-04-26 20:42:00,35358.4,1364.49,2408.21,35476.01,35356.55437500004,1365.863593750001,2408.379531250002,35474.20296875003
2026-04-26,20:43:00.000,2026-04-26 20:43:00,35358.3,1364.63,2408.18,35475.91,35356.45437500004,1366.0035937500013,2408.3495312500013,35474.10296875003
2026-04-26,20:44:00.000,2026-04-26 20:44:00,35358.04,1364.79,2408.15,35475.65,35356.19437500002,1366.163593750001,2408.3195312500015,35473.84296875004
2026-04-26,20:45:00.000,2026-04-26 20:45:00,35358.14,1364.88,2408.21,35475.76,35356.29437500003,1366.253593750001,2408.379531250001,35473.95296875004
2026-04-26,20:46:00.000,2026-04-26 20:46:00,35358.47,1364.55,2408.33,35476.09,35356.62437500003,1365.923593750001,2408.499531250002,35474.28296875003
2026-04-26,20:47:00.000,2026-04-26 20:47:00,35358.79,1364.36,2408.42,35476.41,35356.94437500002,1365.7335937500009,2408.589531250002,35474.602968750034
2026-04-26,20:48:00.000,2026-04-26 20:48:00,35359.0,1364.42,2408.47,35476.61,35356.39437500003,1366.1485937500013,2408.412031250002,35474.06171875003
2026-04-26,20:49:00.000,2026-04-26 20:49:00,35359.42,1364.2,2408.55,35477.02,35356.81437500003,1365.9285937500015,2408.492031250002,35474.471718750036
2026-04-26,20:50:00.000,2026-04-26 20:50:00,35359.86,1363.88,2408.64,35477.45,35357.254375000026,1365.608593750001,2408.582031250001,35474.90171875004
2026-04-26,20:51:00.000,2026-04-26 20:51:00,35359.77,1363.84,2408.6,35477.36,35357.16437500003,1365.5685937500007,2408.542031250001,35474.81171875005
2026-04-26,20:52:00.000,2026-04-26 20:52:00,35359.43,1363.98,2408.48,35477.02,35356.82437500004,1365.708593750001,2408.4220312500015,35474.47171875002
2026-04-26,20:53:00.000,2026-04-26 20:53:00,35359.05,1364.29,2408.38,35476.65,35356.444375000036,1366.018593750001,2408.322031250002,35474.101718750026
2026-04-26,20:54:00.000,2026-04-26 20:54:00,35358.74,1364.54,2408.35,35476.33,35356.13437500003,1366.2685937500007,2408.2920312500014,35473.78171875003
2026-04-26,20:55:00.000,2026-04-26 20:55:00,35358.31,1364.72,2408.32,35475.91,35355.70437500002,1366.448593750001,2408.2620312500017,35473.361718750035
2026-04-26,20:56:00.000,2026-04-26 20:56:00,35357.76,1364.93,2408.28,35475.36,35358.14687500004,1365.271093750001,2408.370781250002,35475.77421875004
2026-04-26,20:57:00.000,2026-04-26 20:57:00,35357.34,1365.22,2408.28,35474.95,35357.72687500003,1365.561093750001,2408.370781250002,35475.36421875004
2026-04-26,20:58:00.000,2026-04-26 20:58:00,35356.88,1365.56,2408.28,35474.51,35357.26687500003,1365.9010937500007,2408.370781250002,35474.92421875004
2026-04-26,20:59:00.000,2026-04-26 20:59:00,35356.24,1365.74,2408.27,35473.87,35356.62687500003,1366.081093750001,2408.3607812500018,35474.28421875004
2026-04-26,21:00:00.000,2026-04-26 21:00:00,35355.81,1365.39,2408.33,35473.43,35356.19687500003,1365.7310937500015,2408.420781250001,35473.844218750026
2026-04-26,21:01:00.000,2026-04-26 21:01:00,35355.58,1365.63,2408.34,35473.2,35355.966875000035,1365.9710937500013,2408.430781250001,35473.61421875003
2026-04-26,21:02:00.000,2026-04-26 21:02:00,35355.55,1365.98,2408.43,35473.19,35355.93687500003,1366.3210937500012,2408.520781250001,35473.604218750035
2026-04-26,21:03:00.000,2026-04-26 21:03:00,35354.48,1366.52,2408.39,35472.14,35354.866875000036,1366.8610937500011,2408.480781250001,35472.55421875003
2026-04-26,21:04:00.000,2026-04-26 21:04:00,35353.96,1366.62,2408.43,35471.64,35358.59687500003,1364.973593750001,2408.3095312500013,35476.229218750035
2026-04-26,21:05:00.000,2026-04-26 21:05:00,35352.82,1366.95,2408.31,35470.5,35357.45687500003,1365.3035937500015,2408.1895312500014,35475.089218750036
2026-04-26,21:06:00.000,2026-04-26 21:06:00,35351.74,1367.57,2408.23,35469.43,35356.37687500003,1365.9235937500011,2408.109531250002,35474.01921875003
2026-04-26,21:07:00.000,2026-04-26 21:07:00,35351.36,1367.9,2408.32,35469.05,35355.996875000026,1366.253593750001,2408.199531250002,35473.639218750024
2026-04-26,21:08:00.000,2026-04-26 21:08:00,35351.43,1368.05,2408.52,35469.14,35356.06687500003,1366.4035937500007,2408.3995312500015,35473.729218750035
2026-04-26,21:09:00.000,2026-04-26 21:09:00,35351.57,1368.07,2408.72,35469.28,35356.20687500003,1366.4235937500007,2408.5995312500013,35473.869218750035
2026-04-26,21:10:00.000,2026-04-26 21:10:00,35351.49,1367.91,2408.86,35469.22,35356.12687500003,1366.263593750001,2408.7395312500016,35473.80921875003
2026-04-26,21:11:00.000,2026-04-26 21:11:00,35351.27,1367.8,2408.9,35468.99,35355.90687500003,1366.153593750001,2408.7795312500016,35473.579218750034
2026-04-26,21:12:00.000,2026-04-26 21:12:00,35350.92,1367.92,2408.9,35468.65,35357.66062500003,1365.238593750001,2408.3007812500014,35475.26296875003
2026-04-26,21:13:00.000,2026-04-26 21:13:00,35350.5,1368.15,2408.9,35468.26,35357.240625000035,1365.468593750001,2408.3007812500014,35474.87296875003
2026-04-26,21:14:00.000,2026-04-26 21:14:00,35350.28,1368.4,2408.95,35468.04,35357.02062500003,1365.7185937500012,2408.3507812500015,35474.65296875003
2026-04-26,21:15:00.000,2026-04-26 21:15:00,35350.24,1368.46,2409.05,35468.01,35356.98062500003,1365.7785937500012,2408.450781250002,35474.62296875003
2026-04-26,21:16:00.000,2026-04-26 21:16:00,35349.83,1368.63,2409.06,35467.61,35356.57062500004,1365.9485937500015,2408.460781250001,35474.22296875004
2026-04-26,21:17:00.000,2026-04-26 21:17:00,35349.34,1368.96,2409.05,35467.14,35356.08062500003,1366.2785937500014,2408.450781250002,35473.752968750036
2026-04-26,21:18:00.000,2026-04-26 21:18:00,35348.57,1369.31,2409.0,35466.39,35355.31062500003,1366.6285937500008,2408.4007812500017,35473.002968750036
2026-04-26,21:19:00.000,2026-04-26 21:19:00,35349.13,1369.32,2409.21,35466.96,35355.870625000025,1366.638593750001,2408.6107812500018,35473.57296875003
2026-04-26,21:20:00.000,2026-04-26 21:20:00,35350.04,1369.12,2409.49,35467.87,35347.27234375001,1370.7868750000007,2408.871406250002,35465.18015625002
2026-04-26,21:21:00.000,2026-04-26 21:21:00,35351.81,1368.88,2409.86,35469.64,35349.042343750014,1370.546875000001,2409.241406250002,35466.95015625002
2026-04-26,21:22:00.000,2026-04-26 21:22:00,35353.53,1368.71,2410.24,35471.39,35350.76234375002,1370.3768750000013,2409.6214062500017,35468.700156250015
2026-04-26,21:23:00.000,2026-04-26 21:23:00,35353.33,1368.61,2410.19,35471.19,35350.562343750025,1370.276875000001,2409.5714062500015,35468.50015625002
2026-04-26,21:24:00.000,2026-04-26 21:24:00,35353.49,1368.25,2410.17,35471.33,35350.72234375002,1369.9168750000013,2409.5514062500015,35468.64015625002
2026-04-26,21:25:00.000,2026-04-26 21:25:00,35354.86,1367.74,2410.33,35472.69,35352.09234375002,1369.406875000001,2409.7114062500013,35470.00015625002
2026-04-26,21:26:00.000,2026-04-26 21:26:00,35354.82,1368.14,2410.23,35472.66,35352.05234375003,1369.8068750000016,2409.611406250001,35469.97015625002
2026-04-26,21:27:00.000,2026-04-26 21:27:00,35354.61,1368.42,2410.13,35472.46,35351.842343750024,1370.0868750000013,2409.5114062500015,35469.77015625001
2026-04-26,21:28:00.000,2026-04-26 21:28:00,35354.61,1368.36,2410.04,35472.46,35351.787343750024,1369.395625000001,2409.7114062500013,35469.69515625001
2026-04-26,21:29:00.000,2026-04-26 21:29:00,35353.91,1368.83,2409.83,35471.75,35351.08734375003,1369.8656250000008,2409.5014062500013,35468.98515625002
2026-04-26,21:30:00.000,2026-04-26 21:30:00,35353.12,1369.36,2409.68,35470.98,35350.29734375002,1370.3956250000012,2409.351406250002,35468.215156250015
2026-04-26,21:31:00.000,2026-04-26 21:31:00,35353.58,1369.58,2409.74,35471.45,35350.75734375001,1370.615625000001,2409.4114062500025,35468.685156250016
2026-04-26,21:32:00.000,2026-04-26 21:32:00,35353.26,1369.41,2409.78,35471.12,35350.43734375002,1370.4456250000012,2409.4514062500016,35468.35515625002
2026-04-26,21:33:00.000,2026-04-26 21:33:00,35353.65,1369.54,2409.89,35471.55,35350.82734375002,1370.5756250000013,2409.5614062500013,35468.78515625003
2026-04-26,21:34:00.000,2026-04-26 21:34:00,35353.43,1368.87,2409.91,35471.3,35350.607343750016,1369.905625000001,2409.5814062500012,35468.53515625002
2026-04-26,21:35:00.000,2026-04-26 21:35:00,35351.37,1368.97,2409.45,35469.22,35348.54734375002,1370.005625000001,2409.121406250001,35466.45515625002
2026-04-26,21:36:00.000,2026-04-26 21:36:00,35350.17,1368.86,2409.21,35468.0,35352.90234375003,1369.1831250000012,2409.6239062500017,35470.776406250014
2026-04-26,21:37:00.000,2026-04-26 21:37:00,35349.33,1369.27,2409.05,35467.17,35352.06234375003,1369.593125000001,2409.463906250002,35469.94640625001
2026-04-26,21:38:00.000,2026-04-26 21:38:00,35348.74,1369.9,2409.03,35466.61,35351.47234375002,1370.223125000001,2409.4439062500014,35469.38640625002
2026-04-26,21:39:00.000,2026-04-26 21:39:00,35347.62,1370.09,2408.96,35465.49,35350.352343750026,1370.413125000001,2409.3739062500017,35468.26640625001
2026-04-26,21:40:00.000,2026-04-26 21:40:00,35347.28,1370.02,2409.03,35465.16,35350.012343750015,1370.343125000001,2409.443906250002,35467.93640625002
2026-04-26,21:41:00.000,2026-04-26 21:41:00,35346.15,1369.52,2408.92,35464.01,35348.88234375001,1369.843125000001,2409.333906250002,35466.78640625002
2026-04-26,21:42:00.000,2026-04-26 21:42:00,35346.53,1370.06,2409.02,35464.43,35349.262343750015,1370.3831250000012,2409.4339062500017,35467.20640625002
2026-04-26,21:43:00.000,2026-04-26 21:43:00,35346.67,1370.9,2409.16,35464.63,35349.402343750015,1371.2231250000013,2409.573906250001,35467.40640625002
2026-04-26,21:44:00.000,2026-04-26 21:44:00,35345.96,1371.25,2409.21,35463.92,35350.20484375001,1370.8581250000007,2409.255156250002,35468.11640625001
2026-04-26,21:45:00.000,2026-04-26 21:45:00,35346.55,1370.99,2409.45,35464.52,35350.79484375002,1370.598125000001,2409.495156250002,35468.716406250016
2026-04-26,21:46:00.000,2026-04-26 21:46:00,35346.48,1370.7,2409.53,35464.46,35350.72484375001,1370.3081250000012,2409.575156250002,35468.65640625001
2026-04-26,21:47:00.000,2026-04-26 21:47:00,35346.74,1370.42,2409.6,35464.72,35350.984843750004,1370.0281250000014,2409.6451562500015,35468.91640625002
2026-04-26,21:48:00.000,2026-04-26 21:48:00,35346.32,1369.85,2409.52,35464.27,35350.56484375003,1369.458125000001,2409.5651562500016,35468.46640625002
2026-04-26,21:49:00.000,2026-04-26 21:49:00,35346.16,1369.97,2409.4,35464.13,35350.40484375004,1369.578125000001,2409.4451562500017,35468.326406250024
2026-04-26,21:50:00.000,2026-04-26 21:50:00,35346.27,1370.4,2409.33,35464.24,35350.51484375002,1370.0081250000017,2409.3751562500015,35468.43640625002
2026-04-26,21:51:00.000,2026-04-26 21:51:00,35345.91,1370.76,2409.29,35463.88,35350.15484375003,1370.3681250000013,2409.3351562500015,35468.07640625002
2026-04-26,21:52:00.000,2026-04-26 21:52:00,35347.65,1370.81,2409.61,35465.62,35349.96984375002,1370.0618750000012,2409.4389062500018,35467.87890625003
2026-04-26,21:53:00.000,2026-04-26 21:53:00,35347.96,1370.22,2409.73,35465.92,35350.27984375002,1369.471875000001,2409.5589062500017,35468.17890625002
2026-04-26,21:54:00.000,2026-04-26 21:54:00,35347.58,1370.64,2409.62,35465.57,35349.89984375003,1369.8918750000014,2409.4489062500015,35467.828906250026
2026-04-26,21:55:00.000,2026-04-26 21:55:00,35348.26,1370.65,2409.66,35466.23,35350.57984375002,1369.9018750000012,2409.4889062500015,35468.48890625003
2026-04-26,21:56:00.000,2026-04-26 21:56:00,35348.36,1370.7,2409.62,35466.33,35350.67984375002,1369.951875000001,2409.4489062500015,35468.588906250014
2026-04-26,21:57:00.000,2026-04-26 21:57:00,35348.25,1371.01,2409.58,35466.23,35350.56984375002,1370.261875000001,2409.4089062500016,35468.48890625002
2026-04-26,21:58:00.000,2026-04-26 21:58:00,35348.44,1371.49,2409.55,35466.43,35350.75984375002,1370.741875000001,2409.3789062500023,35468.68890625002
2026-04-26,21:59:00.000,2026-04-26 21:59:00,35349.29,1371.67,2409.69,35467.31,35351.609843750026,1370.921875000001,2409.5189062500017,35469.56890625001
2026-04-26,22:00:00.000,2026-04-26 22:00:00,35349.06,1371.54,2409.6,35467.04,35348.96484375001,1370.3056250000013,2409.4276562500017,35466.87640625002
2026-04-26,22:01:00.000,2026-04-26 22:01:00,35349.96,1371.42,2409.74,35467.95,35349.864843750016,1370.1856250000014,2409.567656250001,35467.78640625002
2026-04-26,22:02:00.000,2026-04-26 22:02:00,35349.97,1371.45,2409.65,35467.96,35349.874843750025,1370.2156250000014,2409.477656250002,35467.79640625001
2026-04-26,22:03:00.000,2026-04-26 22:03:00,35350.78,1371.5,2409.73,35468.78,35350.68484375002,1370.2656250000011,2409.557656250002,35468.61640625002
2026-04-26,22:04:00.000,2026-04-26 22:04:00,35351.16,1371.43,2409.7,35469.16,35351.06484375002,1370.1956250000007,2409.527656250002,35468.996406250015
2026-04-26,22:05:00.000,2026-04-26 22:05:00,35350.96,1371.37,2409.57,35468.95,35350.86484375002,1370.1356250000008,2409.397656250002,35468.78640625001
2026-04-26,22:06:00.000,2026-04-26 22:06:00,35351.6,1371.23,2409.57,35469.58,35351.50484375002,1369.995625000001,2409.3976562500015,35469.41640625002
2026-04-26,22:07:00.000,2026-04-26 22:07:00,35351.62,1371.14,2409.51,35469.6,35351.52484375003,1369.9056250000008,2409.337656250002,35469.436406250024
2026-04-26,22:08:00.000,2026-04-26 22:08:00,35352.13,1370.88,2409.54,35470.08,35349.15234375003,1370.4731250000011,2409.531406250002,35467.081406250014
2026-04-26,22:09:00.000,2026-04-26 22:09:00,35352.97,1370.81,2409.61,35470.92,35349.992343750026,1370.403125000001,2409.6014062500026,35467.92140625001
2026-04-26,22:10:00.000,2026-04-26 22:10:00,35353.25,1370.8,2409.59,35471.21,35350.27234375001,1370.3931250000012,2409.5814062500017,35468.211406250004
2026-04-26,22:11:00.000,2026-04-26 22:11:00,35353.47,1370.69,2409.5,35471.42,35350.49234375001,1370.283125000001,2409.4914062500015,35468.42140625001
2026-04-26,22:12:00.000,2026-04-26 22:12:00,35353.69,1370.54,2409.43,35471.62,35350.71234375003,1370.1331250000012,2409.421406250001,35468.62140625003
2026-04-26,22:13:00.000,2026-04-26 22:13:00,35354.05,1370.33,2409.42,35471.98,35351.07234375003,1369.9231250000012,2409.4114062500016,35468.98140625003
2026-04-26,22:14:00.000,2026-04-26 22:14:00,35354.32,1370.24,2409.38,35472.25,35351.34234375002,1369.833125000001,2409.3714062500017,35469.25140625002
2026-04-26,22:15:00.000,2026-04-26 22:15:00,35354.29,1370.17,2409.29,35472.22,35351.31234375002,1369.7631250000013,2409.2814062500015,35469.22140625002
2026-04-26,22:16:00.000,2026-04-26 22:16:00,35353.77,1370.24,2409.12,35471.7,35353.13609375002,1369.995625000001,2409.960156250002,35471.08515625
2026-04-26,22:17:00.000,2026-04-26 22:17:00,35353.04,1370.29,2408.92,35470.94,35352.406093750025,1370.0456250000007,2409.760156250002,35470.32515625001
2026-04-26,22:18:00.000,2026-04-26 22:18:00,35352.14,1370.4,2408.74,35470.06,35351.50609375002,1370.1556250000012,2409.5801562500014,35469.44515625001
2026-04-26,22:19:00.000,2026-04-26 22:19:00,35351.06,1370.44,2408.54,35468.97,35350.426093750015,1370.1956250000012,2409.3801562500016,35468.355156250014
2026-04-26,22:20:00.000,2026-04-26 22:20:00,35350.5,1370.41,2408.43,35468.39,35349.866093750024,1370.165625000001,2409.2701562500015,35467.77515625003
2026-04-26,22:21:00.000,2026-04-26 22:21:00,35350.08,1370.4,2408.39,35467.96,35349.446093750026,1370.1556250000012,2409.2301562500015,35467.34515625002
2026-04-26,22:22:00.000,2026-04-26 22:22:00,35349.64,1370.47,2408.41,35467.52,35349.00609375002,1370.225625000001,2409.2501562500015,35466.905156250024
2026-04-26,22:23:00.000,2026-04-26 22:23:00,35349.19,1370.51,2408.42,35467.09,35348.55609375002,1370.265625000001,2409.2601562500017,35466.47515625002
2026-04-26,22:24:00.000,2026-04-26 22:24:00,35348.93,1370.42,2408.47,35466.82,35345.635781250036,1372.2235937500016,2409.1446875000015,35463.630312500034
2026-04-26,22:25:00.000,2026-04-26 22:25:00,35348.43,1370.43,2408.46,35466.33,35345.135781250036,1372.2335937500013,2409.134687500002,35463.14031250003
2026-04-26,22:26:00.000,2026-04-26 22:26:00,35348.25,1370.52,2408.5,35466.14,35344.95578125003,1372.323593750001,2409.174687500002,35462.950312500034
2026-04-26,22:27:00.000,2026-04-26 22:27:00,35348.19,1370.7,2408.57,35466.09,35344.89578125003,1372.5035937500013,2409.244687500003,35462.90031250003
2026-04-26,22:28:00.000,2026-04-26 22:28:00,35347.83,1370.76,2408.59,35465.73,35344.53578125003,1372.563593750001,2409.2646875000023,35462.54031250004
2026-04-26,22:29:00.000,2026-04-26 22:29:00,35347.44,1370.81,2408.57,35465.35,35344.14578125003,1372.6135937500012,2409.244687500003,35462.16031250003
2026-04-26,22:30:00.000,2026-04-26 22:30:00,35347.12,1370.97,2408.62,35465.04,35343.82578125002,1372.773593750001,2409.294687500002,35461.85031250004
2026-04-26,22:31:00.000,2026-04-26 22:31:00,35346.78,1371.15,2408.64,35464.71,35343.48578125003,1372.9535937500013,2409.3146875000025,35461.52031250004
2026-04-26,22:32:00.000,2026-04-26 22:32:00,35346.46,1371.25,2408.7,35464.4,35345.96828125003,1372.0210937500012,2409.187187500002,35463.955312500046
2026-04-26,22:33:00.000,2026-04-26 22:33:00,35346.15,1371.39,2408.75,35464.11,35345.658281250035,1372.1610937500016,2409.237187500002,35463.66531250004
2026-04-26,22:34:00.000,2026-04-26 22:34:00,35345.76,1371.58,2408.79,35463.72,35345.26828125003,1372.3510937500012,2409.2771875000026,35463.27531250004
2026-04-26,22:35:00.000,2026-04-26 22:35:00,35345.32,1371.71,2408.72,35463.28,35344.828281250026,1372.4810937500013,2409.207187500002,35462.835312500036
2026-04-26,22:36:00.000,2026-04-26 22:36:00,35344.84,1371.85,2408.72,35462.8,35344.34828125003,1372.6210937500011,2409.2071875000024,35462.355312500025
2026-04-26,22:37:00.000,2026-04-26 22:37:00,35344.42,1372.02,2408.74,35462.38,35343.92828125003,1372.7910937500012,2409.227187500002,35461.93531250003
2026-04-26,22:38:00.000,2026-04-26 22:38:00,35344.06,1372.09,2408.75,35462.03,35343.56828125002,1372.8610937500011,2409.237187500002,35461.585312500036
2026-04-26,22:39:00.000,2026-04-26 22:39:00,35343.54,1372.13,2408.75,35461.53,35343.04828125002,1372.901093750001,2409.237187500002,35461.085312500036
2026-04-26,22:40:00.000,2026-04-26 22:40:00,35343.25,1372.29,2408.79,35461.25,35345.503281250036,1372.0448437500008,2409.0496875000026,35463.49156250003
2026-04-26,22:41:00.000,2026-04-26 22:41:00,35342.99,1372.49,2408.85,35461.0,35345.24328125003,1372.244843750001,2409.109687500002,35463.24156250003
2026-04-26,22:42:00.000,2026-04-26 22:42:00,35342.67,1372.61,2408.91,35460.69,35344.923281250034,1372.3648437500012,2409.169687500002,35462.93156250004
2026-04-26,22:43:00.000,2026-04-26 22:43:00,35342.37,1372.61,2408.94,35460.39,35344.62328125003,1372.3648437500012,2409.1996875000027,35462.631562500035
2026-04-26,22:44:00.000,2026-04-26 22:44:00,35342.05,1372.71,2408.95,35460.07,35344.303281250024,1372.4648437500014,2409.209687500002,35462.31156250003
2026-04-26,22:45:00.000,2026-04-26 22:45:00,35341.86,1372.92,2409.03,35459.88,35344.11328125002,1372.6748437500014,2409.289687500002,35462.121562500026
2026-04-26,22:46:00.000,2026-04-26 22:46:00,35341.76,1373.18,2409.11,35459.8,35344.01328125002,1372.9348437500014,2409.369687500002,35462.04156250005
2026-04-26,22:47:00.000,2026-04-26 22:47:00,35341.64,1373.34,2409.16,35459.68,35343.89328125003,1373.0948437500012,2409.419687500002,35461.92156250004
2026-04-26,22:48:00.000,2026-04-26 22:48:00,35341.4,1373.44,2409.21,35459.45,35345.085781250025,1372.469843750001,2409.1584375000025,35463.089062500025
2026-04-26,22:49:00.000,2026-04-26 22:49:00,35341.27,1373.47,2409.25,35459.33,35344.95578125002,1372.4998437500012,2409.1984375000025,35462.96906250003
2026-04-26,22:50:00.000,2026-04-26 22:50:00,35341.2,1373.53,2409.27,35459.26,35344.88578125002,1372.559843750001,2409.218437500002,35462.89906250003
2026-04-26,22:51:00.000,2026-04-26 22:51:00,35341.03,1373.55,2409.3,35459.08,35344.71578125002,1372.579843750001,2409.2484375000026,35462.71906250002
2026-04-26,22:52:00.000,2026-04-26 22:52:00,35340.89,1373.56,2409.34,35458.95,35344.57578125003,1372.5898437500014,2409.288437500002,35462.58906250004
2026-04-26,22:53:00.000,2026-04-26 22:53:00,35340.65,1373.55,2409.32,35458.71,35344.33578125004,1372.5798437500011,2409.2684375000017,35462.349062500034
2026-04-26,22:54:00.000,2026-04-26 22:54:00,35340.44,1373.44,2409.28,35458.5,35344.125781250026,1372.4698437500015,2409.228437500002,35462.13906250004
2026-04-26,22:55:00.000,2026-04-26 22:55:00,35340.25,1373.41,2409.26,35458.3,35343.935781250024,1372.4398437500017,2409.2084375000027,35461.939062500045
2026-04-26,22:56:00.000,2026-04-26 22:56:00,35340.41,1373.44,2409.31,35458.47,35344.35953125003,1372.3523437500014,2409.1009375000026,35462.37031250004
2026-04-26,22:57:00.000,2026-04-26 22:57:00,35340.75,1373.5,2409.43,35458.82,35344.69953125003,1372.4123437500014,2409.2209375000025,35462.72031250003
2026-04-26,22:58:00.000,2026-04-26 22:58:00,35340.57,1373.52,2409.43,35458.63,35344.51953125004,1372.4323437500013,2409.220937500002,35462.53031250003
2026-04-26,22:59:00.000,2026-04-26 22:59:00,35340.69,1373.5,2409.46,35458.73,35344.63953125003,1372.4123437500014,2409.2509375000027,35462.630312500034
2026-04-26,23:00:00.000,2026-04-26 23:00:00,35340.53,1373.56,2409.45,35458.59,35344.47953125003,1372.4723437500013,2409.240937500002,35462.490312500035
2026-04-26,23:01:00.000,2026-04-26 23:01:00,35340.35,1373.75,2409.41,35458.41,35344.29953125002,1372.6623437500014,2409.200937500002,35462.31031250004
2026-04-26,23:02:00.000,2026-04-26 23:02:00,35340.81,1373.82,2409.49,35458.87,35344.75953125003,1372.7323437500008,2409.2809375000024,35462.77031250004
2026-04-26,23:03:00.000,2026-04-26 23:03:00,35340.91,1373.8,2409.51,35458.97,35344.85953125003,1372.7123437500009,2409.300937500003,35462.87031250003
2026-04-26,23:04:00.000,2026-04-26 23:04:00,35340.75,1373.77,2409.48,35458.82,35342.80078125002,1372.5135937500013,2409.019687500002,35460.80531250004
2026-04-26,23:05:00.000,2026-04-26 23:05:00,35341.32,1373.75,2409.57,35459.4,35343.37078125003,1372.4935937500013,2409.109687500002,35461.38531250004
2026-04-26,23:06:00.000,2026-04-26 23:06:00,35342.09,1373.77,2409.68,35460.16,35344.140781250026,1372.5135937500013,2409.219687500002,35462.14531250003
2026-04-26,23:07:00.000,2026-04-26 23:07:00,35341.96,1373.92,2409.63,35460.04,35344.01078125002,1372.6635937500014,2409.1696875000016,35462.02531250004
2026-04-26,23:08:00.000,2026-04-26 23:08:00,35342.93,1373.99,2409.73,35461.0,35344.98078125004,1372.733593750001,2409.269687500003,35462.98531250002
2026-04-26,23:09:00.000,2026-04-26 23:09:00,35343.18,1373.9,2409.78,35461.27,35345.23078125004,1372.6435937500014,2409.319687500003,35463.25531250003
2026-04-26,23:10:00.000,2026-04-26 23:10:00,35343.7,1373.58,2409.81,35461.78,35345.75078125003,1372.323593750001,2409.3496875000023,35463.765312500036
2026-04-26,23:11:00.000,2026-04-26 23:11:00,35344.28,1373.56,2409.82,35462.34,35346.330781250035,1372.303593750001,2409.3596875000026,35464.325312500034
2026-04-26,23:12:00.000,2026-04-26 23:12:00,35344.89,1373.57,2409.84,35462.96,35342.55203125003,1373.544843750001,2409.3009375000024,35460.60156250003
2026-04-26,23:13:00.000,2026-04-26 23:13:00,35345.48,1373.4,2409.85,35463.55,35343.14203125004,1373.3748437500014,2409.3109375000017,35461.19156250004
2026-04-26,23:14:00.000,2026-04-26 23:14:00,35346.02,1373.09,2409.85,35464.07,35343.682031250035,1373.0648437500013,2409.3109375000017,35461.71156250003
2026-04-26,23:15:00.000,2026-04-26 23:15:00,35346.66,1372.68,2409.82,35464.7,35344.322031250034,1372.6548437500014,2409.280937500002,35462.341562500034
2026-04-26,23:16:00.000,2026-04-26 23:16:00,35347.21,1372.29,2409.76,35465.22,35344.87203125002,1372.2648437500013,2409.220937500003,35462.86156250003
2026-04-26,23:17:00.000,2026-04-26 23:17:00,35347.83,1371.98,2409.71,35465.83,35345.49203125003,1371.9548437500014,2409.1709375000028,35463.47156250003
2026-04-26,23:18:00.000,2026-04-26 23:18:00,35348.42,1371.75,2409.69,35466.42,35346.08203125003,1371.7248437500011,2409.150937500003,35464.06156250004
2026-04-26,23:19:00.000,2026-04-26 23:19:00,35348.81,1371.63,2409.61,35466.81,35346.47203125003,1371.6048437500012,2409.070937500003,35464.45156250004
2026-04-26,23:20:00.000,2026-04-26 23:20:00,35349.17,1371.58,2409.53,35467.16,35343.35453125003,1372.5898437500014,2409.3684375000025,35461.38656250003
2026-04-26,23:21:00.000,2026-04-26 23:21:00,35349.62,1371.58,2409.5,35467.6,35343.804531250025,1372.5898437500014,2409.338437500002,35461.826562500035
2026-04-26,23:22:00.000,2026-04-26 23:22:00,35350.16,1371.54,2409.49,35468.14,35344.34453125003,1372.5498437500016,2409.3284375000026,35462.36656250003
2026-04-26,23:23:00.000,2026-04-26 23:23:00,35350.19,1371.55,2409.41,35468.16,35344.37453125003,1372.5598437500014,2409.2484375000026,35462.38656250003
2026-04-26,23:24:00.000,2026-04-26 23:24:00,35350.5,1371.54,2409.34,35468.45,35344.68453125003,1372.549843750001,2409.1784375000025,35462.67656250003
2026-04-26,23:25:00.000,2026-04-26 23:25:00,35350.98,1371.49,2409.33,35468.95,35345.164531250026,1372.4998437500012,2409.1684375000023,35463.17656250003
2026-04-26,23:26:00.000,2026-04-26 23:26:00,35351.2,1371.4,2409.28,35469.15,35345.38453125003,1372.409843750001,2409.118437500002,35463.37656250004
2026-04-26,23:27:00.000,2026-04-26 23:27:00,35351.32,1371.43,2409.23,35469.27,35345.50453125002,1372.4398437500008,2409.068437500002,35463.49656250003
2026-04-26,23:28:00.000,2026-04-26 23:28:00,35351.6,1371.51,2409.21,35469.55,35355.00531250002,1370.8750000000011,2408.9275000000016,35472.89625000003
2026-04-26,23:29:00.000,2026-04-26 23:29:00,35352.11,1371.56,2409.24,35470.06,35355.515312500014,1370.9250000000009,2408.9575000000013,35473.40625000002
2026-04-26,23:30:00.000,2026-04-26 23:30:00,35352.74,1371.61,2409.3,35470.68,35356.14531250002,1370.975000000001,2409.017500000002,35474.026250000024
2026-04-26,23:31:00.000,2026-04-26 23:31:00,35353.5,1371.57,2409.37,35471.46,35356.905312500014,1370.935000000001,2409.087500000002,35474.80625000002
2026-04-26,23:32:00.000,2026-04-26 23:32:00,35353.98,1371.56,2409.39,35471.94,35357.38531250003,1370.925000000001,2409.1075000000014,35475.28625000003
2026-04-26,23:33:00.000,2026-04-26 23:33:00,35354.73,1371.43,2409.41,35472.7,35358.13531250003,1370.795000000001,2409.127500000001,35476.04625000002
2026-04-26,23:34:00.000,2026-04-26 23:34:00,35354.99,1371.24,2409.38,35472.96,35358.39531250002,1370.6050000000012,2409.0975000000017,35476.30625000002
2026-04-26,23:35:00.000,2026-04-26 23:35:00,35354.83,1371.09,2409.22,35472.78,35358.23531250003,1370.455000000001,2408.937500000001,35476.126250000016
2026-04-26,23:36:00.000,2026-04-26 23:36:00,35355.06,1371.07,2409.14,35472.99,35354.95031250002,1370.850000000001,2408.922500000002,35472.85625000002
2026-04-26,23:37:00.000,2026-04-26 23:37:00,35355.63,1371.16,2409.16,35473.57,35355.52031250001,1370.9400000000012,2408.9425000000015,35473.43625000002
2026-04-26,23:38:00.000,2026-04-26 23:38:00,35356.43,1371.24,2409.25,35474.36,35356.320312500015,1371.020000000001,2409.0325000000016,35474.22625000002
2026-04-26,23:39:00.000,2026-04-26 23:39:00,35356.92,1371.21,2409.31,35474.85,35356.81031250002,1370.9900000000011,2409.092500000002,35474.71625000003
2026-04-26,23:40:00.000,2026-04-26 23:40:00,35357.42,1371.04,2409.3,35475.35,35357.31031250003,1370.820000000001,2409.0825000000013,35475.21625000003
2026-04-26,23:41:00.000,2026-04-26 23:41:00,35357.94,1370.92,2409.29,35475.85,35357.83031250003,1370.7000000000012,2409.072500000001,35475.71625000003
2026-04-26,23:42:00.000,2026-04-26 23:42:00,35358.44,1370.88,2409.29,35476.35,35358.33031250003,1370.660000000001,2409.0725000000016,35476.21625000002
2026-04-26,23:43:00.000,2026-04-26 23:43:00,35358.76,1370.73,2409.26,35476.65,35358.65031250002,1370.510000000001,2409.042500000002,35476.51625000002
2026-04-26,23:44:00.000,2026-04-26 23:44:00,35358.67,1370.55,2409.16,35476.55,35356.59531250003,1371.041250000001,2409.2237500000015,35474.51625000003
2026-04-26,23:45:00.000,2026-04-26 23:45:00,35358.88,1370.49,2409.09,35476.74,35356.80531250002,1370.981250000001,2409.1537500000018,35474.70625000003
2026-04-26,23:46:00.000,2026-04-26 23:46:00,35358.52,1370.46,2408.93,35476.37,35356.44531250002,1370.951250000001,2408.9937500000015,35474.33625000003
2026-04-26,23:47:00.000,2026-04-26 23:47:00,35358.57,1370.45,2408.86,35476.41,35356.495312500025,1370.9412500000012,2408.9237500000017,35474.37625000002
2026-04-26,23:48:00.000,2026-04-26 23:48:00,35359.32,1370.33,2408.95,35477.17,35357.24531250002,1370.821250000001,2409.0137500000014,35475.136250000025
2026-04-26,23:49:00.000,2026-04-26 23:49:00,35359.62,1370.23,2409.01,35477.49,35357.54531250002,1370.7212500000012,2409.073750000002,35475.45625000002
2026-04-26,23:50:00.000,2026-04-26 23:50:00,35359.6,1370.04,2408.95,35477.46,35357.525312500016,1370.5312500000011,2409.013750000001,35475.42625000002
2026-04-26,23:51:00.000,2026-04-26 23:51:00,35359.14,1370.01,2408.8,35476.98,35357.065312500024,1370.501250000001,2408.8637500000013,35474.94625000002
2026-04-26,23:52:00.000,2026-04-26 23:52:00,35359.02,1370.08,2408.71,35476.86,35357.799062500024,1370.443750000001,2409.1462500000016,35475.681250000016
2026-04-26,23:53:00.000,2026-04-26 23:53:00,35358.66,1370.29,2408.63,35476.52,35357.43906250004,1370.653750000001,2409.0662500000017,35475.34125000002
2026-04-26,23:54:00.000,2026-04-26 23:54:00,35358.28,1370.4,2408.53,35476.13,35357.05906250002,1370.7637500000012,2408.9662500000018,35474.95125000001
2026-04-26,23:55:00.000,2026-04-26 23:55:00,35358.07,1370.46,2408.52,35475.92,35356.84906250003,1370.8237500000012,2408.9562500000015,35474.74125000002
2026-04-26,23:56:00.000,2026-04-26 23:56:00,35357.96,1370.55,2408.56,35475.81,35356.739062500026,1370.9137500000013,2408.996250000001,35474.63125000003
2026-04-26,23:57:00.000,2026-04-26 23:57:00,35357.86,1370.63,2408.58,35475.73,35356.63906250002,1370.9937500000012,2409.0162500000015,35474.551250000026
2026-04-26,23:58:00.000,2026-04-26 23:58:00,35357.74,1370.61,2408.59,35475.59,35356.519062500025,1370.9737500000006,2409.0262500000017,35474.41125000003
2026-04-26,23:59:00.000,2026-04-26 23:59:00,35357.9,1370.56,2408.65,35475.77,35356.67906250003,1370.9237500000008,2409.086250000001,35474.591250000034
