DATE,TIME,datetime,ENTX,ENTY,ENTZ,ENTF,ENTX_filtered,ENTY_filtered,ENTZ_filtered,ENTF_filtered
2026-04-24,00:00:00.000,2026-04-24 00:00:00,35345.41,1372.52,2406.14,35463.17,35343.747656250016,1373.5656250000013,2406.492812500003,35461.56578125002
2026-04-24,00:01:00.000,2026-04-24 00:01:00,35345.68,1372.49,2406.14,35463.45,35344.01765625002,1373.5356250000016,2406.492812500003,35461.84578125002
2026-04-24,00:02:00.000,2026-04-24 00:02:00,35345.64,1372.44,2406.07,35463.4,35343.97765625002,1373.4856250000018,2406.422812500003,35461.79578125002
2026-04-24,00:03:00.000,2026-04-24 00:03:00,35345.73,1372.34,2406.05,35463.48,35344.067656250016,1373.3856250000015,2406.4028125000027,35461.87578125002
2026-04-24,00:04:00.000,2026-04-24 00:04:00,35345.86,1372.31,2406.03,35463.62,35344.19765625001,1373.3556250000013,2406.3828125000023,35462.01578125002
2026-04-24,00:05:00.000,2026-04-24 00:05:00,35345.66,1372.31,2405.93,35463.4,35343.997656250016,1373.3556250000013,2406.282812500002,35461.79578125002
2026-04-24,00:06:00.000,2026-04-24 00:06:00,35345.84,1372.35,2405.93,35463.58,35344.17765625001,1373.3956250000012,2406.282812500002,35461.97578125002
2026-04-24,00:07:00.000,2026-04-24 00:07:00,35345.78,1372.35,2405.89,35463.5,35344.11765625001,1373.3956250000012,2406.242812500002,35461.895781250016
2026-04-24,00:08:00.000,2026-04-24 00:08:00,35345.67,1372.38,2405.89,35463.42,35344.26765625002,1373.3318750000014,2406.442812500002,35462.089531250014
2026-04-24,00:09:00.000,2026-04-24 00:09:00,35345.66,1372.41,2405.85,35463.41,35344.257656250025,1373.3618750000012,2406.4028125000023,35462.07953125002
2026-04-24,00:10:00.000,2026-04-24 00:10:00,35345.65,1372.5,2405.84,35463.4,35344.24765625001,1373.4518750000013,2406.3928125000025,35462.069531250025
2026-04-24,00:11:00.000,2026-04-24 00:11:00,35345.43,1372.52,2405.8,35463.17,35344.02765625001,1373.4718750000013,2406.3528125000025,35461.839531250014
2026-04-24,00:12:00.000,2026-04-24 00:12:00,35345.41,1372.51,2405.78,35463.14,35344.00765625002,1373.4618750000016,2406.3328125000025,35461.80953125002
2026-04-24,00:13:00.000,2026-04-24 00:13:00,35345.29,1372.52,2405.79,35463.02,35343.88765625002,1373.4718750000013,2406.342812500002,35461.68953125001
2026-04-24,00:14:00.000,2026-04-24 00:14:00,35345.3,1372.51,2405.8,35463.03,35343.89765625002,1373.4618750000013,2406.3528125000025,35461.699531250015
2026-04-24,00:15:00.000,2026-04-24 00:15:00,35345.11,1372.51,2405.83,35462.82,35343.707656250015,1373.4618750000013,2406.3828125000023,35461.48953125001
2026-04-24,00:16:00.000,2026-04-24 00:16:00,35344.91,1372.49,2405.8,35462.62,35344.84640625002,1373.1631250000014,2406.387812500003,35462.64828125001
2026-04-24,00:17:00.000,2026-04-24 00:17:00,35344.58,1372.47,2405.75,35462.28,35344.51640625002,1373.1431250000014,2406.3378125000027,35462.308281250014
2026-04-24,00:18:00.000,2026-04-24 00:18:00,35344.24,1372.55,2405.73,35461.94,35344.17640625001,1373.2231250000011,2406.317812500002,35461.96828125002
2026-04-24,00:19:00.000,2026-04-24 00:19:00,35344.19,1372.71,2405.77,35461.9,35344.12640625002,1373.3831250000014,2406.357812500002,35461.928281250024
2026-04-24,00:20:00.000,2026-04-24 00:20:00,35344.08,1372.81,2405.81,35461.8,35344.01640625001,1373.4831250000013,2406.3978125000026,35461.82828125002
2026-04-24,00:21:00.000,2026-04-24 00:21:00,35343.87,1372.95,2405.81,35461.6,35343.806406250005,1373.6231250000012,2406.3978125000026,35461.62828125002
2026-04-24,00:22:00.000,2026-04-24 00:22:00,35343.63,1373.04,2405.81,35461.36,35343.566406250015,1373.7131250000011,2406.3978125000026,35461.38828125002
2026-04-24,00:23:00.000,2026-04-24 00:23:00,35343.31,1373.07,2405.82,35461.04,35343.24640625001,1373.7431250000013,2406.407812500003,35461.068281250016
2026-04-24,00:24:00.000,2026-04-24 00:24:00,35343.13,1373.16,2405.83,35460.87,35344.69015625,1373.4881250000014,2406.2728125000026,35462.47828125002
2026-04-24,00:25:00.000,2026-04-24 00:25:00,35342.97,1373.22,2405.84,35460.73,35344.53015625001,1373.5481250000014,2406.282812500003,35462.33828125002
2026-04-24,00:26:00.000,2026-04-24 00:26:00,35342.67,1373.23,2405.88,35460.43,35344.23015625001,1373.5581250000014,2406.322812500003,35462.03828125002
2026-04-24,00:27:00.000,2026-04-24 00:27:00,35342.45,1373.1,2405.91,35460.21,35344.010156250006,1373.4281250000013,2406.3528125000025,35461.818281250016
2026-04-24,00:28:00.000,2026-04-24 00:28:00,35342.23,1373.0,2405.91,35459.98,35343.79015625002,1373.3281250000014,2406.3528125000016,35461.58828125001
2026-04-24,00:29:00.000,2026-04-24 00:29:00,35342.18,1372.99,2405.98,35459.94,35343.740156250016,1373.3181250000011,2406.4228125000022,35461.54828125002
2026-04-24,00:30:00.000,2026-04-24 00:30:00,35342.11,1373.0,2406.03,35459.88,35343.67015625002,1373.3281250000014,2406.4728125000024,35461.48828125001
2026-04-24,00:31:00.000,2026-04-24 00:31:00,35342.08,1373.15,2406.08,35459.86,35343.64015625002,1373.4781250000015,2406.5228125000026,35461.46828125002
2026-04-24,00:32:00.000,2026-04-24 00:32:00,35341.45,1373.24,2406.03,35459.23,35343.880156250016,1372.8881250000015,2406.151562500003,35461.65203125002
2026-04-24,00:33:00.000,2026-04-24 00:33:00,35341.38,1373.42,2406.04,35459.17,35343.81015625001,1373.0681250000014,2406.161562500002,35461.592031250024
2026-04-24,00:34:00.000,2026-04-24 00:34:00,35341.01,1373.55,2406.05,35458.82,35343.44015625001,1373.1981250000013,2406.1715625000024,35461.24203125002
2026-04-24,00:35:00.000,2026-04-24 00:35:00,35341.68,1373.76,2406.19,35459.48,35344.11015625001,1373.4081250000013,2406.3115625000028,35461.90203125002
2026-04-24,00:36:00.000,2026-04-24 00:36:00,35341.72,1373.96,2406.3,35459.54,35344.150156250005,1373.6081250000013,2406.421562500003,35461.96203125003
2026-04-24,00:37:00.000,2026-04-24 00:37:00,35341.66,1374.08,2406.37,35459.5,35344.09015625001,1373.7281250000012,2406.4915625000026,35461.92203125002
2026-04-24,00:38:00.000,2026-04-24 00:38:00,35341.65,1374.14,2406.45,35459.49,35344.08015625002,1373.7881250000016,2406.571562500002,35461.912031250016
2026-04-24,00:39:00.000,2026-04-24 00:39:00,35342.31,1374.14,2406.6,35460.16,35344.74015625002,1373.7881250000016,2406.7215625000026,35462.582031250015
2026-04-24,00:40:00.000,2026-04-24 00:40:00,35341.55,1374.28,2406.51,35459.39,35343.18515625002,1373.3231250000017,2406.1565625000026,35460.95828125002
2026-04-24,00:41:00.000,2026-04-24 00:41:00,35341.89,1374.29,2406.58,35459.74,35343.52515625002,1373.3331250000015,2406.2265625000023,35461.308281250014
2026-04-24,00:42:00.000,2026-04-24 00:42:00,35341.79,1374.31,2406.57,35459.65,35343.425156250014,1373.3531250000015,2406.2165625000025,35461.218281250025
2026-04-24,00:43:00.000,2026-04-24 00:43:00,35342.06,1374.25,2406.64,35459.93,35343.69515625002,1373.2931250000015,2406.286562500002,35461.498281250024
2026-04-24,00:44:00.000,2026-04-24 00:44:00,35342.29,1374.25,2406.72,35460.17,35343.92515625001,1373.2931250000013,2406.366562500002,35461.738281250015
2026-04-24,00:45:00.000,2026-04-24 00:45:00,35342.46,1374.47,2406.79,35460.36,35344.095156250005,1373.5131250000015,2406.4365625000028,35461.92828125002
2026-04-24,00:46:00.000,2026-04-24 00:46:00,35343.54,1374.54,2407.0,35461.41,35345.17515625001,1373.5831250000015,2406.646562500003,35462.97828125002
2026-04-24,00:47:00.000,2026-04-24 00:47:00,35343.64,1374.74,2407.02,35461.57,35345.27515625001,1373.7831250000013,2406.6665625000023,35463.13828125001
2026-04-24,00:48:00.000,2026-04-24 00:48:00,35344.03,1374.53,2407.1,35461.94,35343.355156250014,1373.5156250000014,2406.310312500002,35461.16703125002
2026-04-24,00:49:00.000,2026-04-24 00:49:00,35343.78,1374.74,2407.08,35461.71,35343.105156250014,1373.7256250000014,2406.2903125000016,35460.937031250025
2026-04-24,00:50:00.000,2026-04-24 00:50:00,35344.44,1374.78,2407.15,35462.36,35343.76515625002,1373.7656250000014,2406.3603125000022,35461.58703125003
2026-04-24,00:51:00.000,2026-04-24 00:51:00,35344.67,1374.62,2407.19,35462.58,35343.995156250014,1373.605625000001,2406.400312500002,35461.80703125003
2026-04-24,00:52:00.000,2026-04-24 00:52:00,35344.86,1374.39,2407.19,35462.76,35344.18515625001,1373.3756250000013,2406.4003125000027,35461.98703125002
2026-04-24,00:53:00.000,2026-04-24 00:53:00,35345.45,1374.19,2407.26,35463.33,35344.775156250005,1373.1756250000014,2406.4703125000033,35462.55703125001
2026-04-24,00:54:00.000,2026-04-24 00:54:00,35344.99,1374.25,2407.15,35462.9,35344.31515625001,1373.2356250000012,2406.3603125000027,35462.12703125001
2026-04-24,00:55:00.000,2026-04-24 00:55:00,35345.48,1374.09,2407.2,35463.37,35344.80515625002,1373.0756250000013,2406.410312500003,35462.597031250014
2026-04-24,00:56:00.000,2026-04-24 00:56:00,35345.46,1373.96,2407.19,35463.35,35343.63765625001,1373.2843750000013,2406.275312500002,35461.43078125001
2026-04-24,00:57:00.000,2026-04-24 00:57:00,35345.83,1373.92,2407.26,35463.72,35344.00765625002,1373.2443750000014,2406.345312500003,35461.80078125002
2026-04-24,00:58:00.000,2026-04-24 00:58:00,35345.66,1373.97,2407.24,35463.56,35343.83765625001,1373.2943750000013,2406.325312500002,35461.64078125002
2026-04-24,00:59:00.000,2026-04-24 00:59:00,35345.95,1374.02,2407.28,35463.85,35344.127656250006,1373.344375000001,2406.365312500002,35461.93078125003
2026-04-24,01:00:00.000,2026-04-24 01:00:00,35345.92,1374.14,2407.31,35463.83,35344.097656250015,1373.4643750000014,2406.3953125000025,35461.91078125002
2026-04-24,01:01:00.000,2026-04-24 01:01:00,35345.93,1374.19,2407.32,35463.84,35344.107656250024,1373.5143750000016,2406.4053125000028,35461.92078125002
2026-04-24,01:02:00.000,2026-04-24 01:02:00,35346.07,1374.28,2407.35,35463.98,35344.24765625001,1373.6043750000015,2406.435312500003,35462.060781250024
2026-04-24,01:03:00.000,2026-04-24 01:03:00,35346.06,1374.4,2407.37,35463.99,35344.237656250014,1373.7243750000018,2406.4553125000025,35462.07078125002
2026-04-24,01:04:00.000,2026-04-24 01:04:00,35346.37,1374.61,2407.44,35464.32,35341.839062500025,1375.195156250001,2407.7893750000017,35459.83937500003
2026-04-24,01:05:00.000,2026-04-24 01:05:00,35346.74,1374.71,2407.44,35464.67,35342.20906250002,1375.2951562500014,2407.7893750000017,35460.18937500002
2026-04-24,01:06:00.000,2026-04-24 01:06:00,35347.0,1374.9,2407.43,35464.95,35342.46906250003,1375.4851562500014,2407.779375000002,35460.46937500002
2026-04-24,01:07:00.000,2026-04-24 01:07:00,35347.39,1375.06,2407.46,35465.35,35342.85906250003,1375.6451562500013,2407.8093750000016,35460.86937500002
2026-04-24,01:08:00.000,2026-04-24 01:08:00,35347.4,1375.26,2407.4,35465.36,35342.86906250004,1375.8451562500013,2407.7493750000026,35460.87937500003
2026-04-24,01:09:00.000,2026-04-24 01:09:00,35347.59,1375.46,2407.42,35465.56,35343.059062500026,1376.0451562500011,2407.769375000002,35461.07937500003
2026-04-24,01:10:00.000,2026-04-24 01:10:00,35347.73,1375.59,2407.43,35465.7,35343.19906250003,1376.175156250001,2407.7793750000023,35461.21937500002
2026-04-24,01:11:00.000,2026-04-24 01:11:00,35347.75,1375.71,2407.42,35465.74,35343.21906250004,1376.2951562500014,2407.769375000002,35461.259375000016
2026-04-24,01:12:00.000,2026-04-24 01:12:00,35347.57,1375.77,2407.38,35465.56,35342.669062500034,1376.147656250001,2407.7556250000025,35460.69937500003
2026-04-24,01:13:00.000,2026-04-24 01:13:00,35347.28,1375.75,2407.34,35465.27,35342.379062500026,1376.127656250001,2407.7156250000025,35460.409375000025
2026-04-24,01:14:00.000,2026-04-24 01:14:00,35347.54,1375.69,2407.38,35465.52,35342.639062500035,1376.0676562500012,2407.7556250000025,35460.65937500003
2026-04-24,01:15:00.000,2026-04-24 01:15:00,35347.71,1375.48,2407.43,35465.68,35342.80906250003,1375.8576562500011,2407.8056250000027,35460.819375000036
2026-04-24,01:16:00.000,2026-04-24 01:16:00,35347.79,1375.3,2407.43,35465.75,35342.88906250003,1375.6776562500013,2407.805625000002,35460.88937500002
2026-04-24,01:17:00.000,2026-04-24 01:17:00,35347.55,1375.14,2407.4,35465.51,35342.64906250004,1375.5176562500014,2407.775625000002,35460.64937500003
2026-04-24,01:18:00.000,2026-04-24 01:18:00,35347.75,1375.03,2407.42,35465.7,35342.84906250003,1375.407656250001,2407.795625000002,35460.83937500001
2026-04-24,01:19:00.000,2026-04-24 01:19:00,35347.74,1374.8,2407.45,35465.7,35342.83906250002,1375.177656250001,2407.8256250000018,35460.83937500001
2026-04-24,01:20:00.000,2026-04-24 01:20:00,35347.71,1374.77,2407.41,35465.66,35343.93031250004,1375.7539062500014,2407.9656250000016,35461.96187500004
2026-04-24,01:21:00.000,2026-04-24 01:21:00,35347.47,1374.64,2407.35,35465.4,35343.69031250003,1375.6239062500013,2407.905625000002,35461.70187500003
2026-04-24,01:22:00.000,2026-04-24 01:22:00,35347.38,1374.54,2407.32,35465.3,35343.600312500035,1375.5239062500011,2407.8756250000024,35461.60187500003
2026-04-24,01:23:00.000,2026-04-24 01:23:00,35346.95,1374.48,2407.25,35464.85,35343.17031250003,1375.4639062500012,2407.805625000002,35461.15187500003
2026-04-24,01:24:00.000,2026-04-24 01:24:00,35346.38,1374.65,2407.16,35464.3,35342.60031250002,1375.633906250001,2407.715625000002,35460.60187500002
2026-04-24,01:25:00.000,2026-04-24 01:25:00,35345.72,1374.86,2407.09,35463.65,35341.94031250003,1375.843906250001,2407.6456250000024,35459.95187500001
2026-04-24,01:26:00.000,2026-04-24 01:26:00,35345.29,1375.05,2407.08,35463.22,35341.51031250004,1376.0339062500013,2407.635625000002,35459.52187500003
2026-04-24,01:27:00.000,2026-04-24 01:27:00,35345.06,1375.12,2407.13,35463.01,35341.28031250003,1376.103906250001,2407.6856250000023,35459.31187500002
2026-04-24,01:28:00.000,2026-04-24 01:28:00,35344.9,1375.13,2407.2,35462.85,35343.47406250003,1375.5426562500013,2407.5968750000025,35461.46187500003
2026-04-24,01:29:00.000,2026-04-24 01:29:00,35344.83,1375.12,2407.29,35462.78,35343.404062500034,1375.532656250001,2407.6868750000026,35461.39187500002
2026-04-24,01:30:00.000,2026-04-24 01:30:00,35344.65,1375.23,2407.34,35462.6,35343.22406250003,1375.6426562500012,2407.736875000002,35461.21187500002
2026-04-24,01:31:00.000,2026-04-24 01:31:00,35344.19,1375.35,2407.33,35462.16,35342.764062500035,1375.762656250001,2407.7268750000017,35460.771875000035
2026-04-24,01:32:00.000,2026-04-24 01:32:00,35343.96,1375.4,2407.39,35461.95,35342.534062500024,1375.8126562500013,2407.786875000003,35460.56187500003
2026-04-24,01:33:00.000,2026-04-24 01:33:00,35343.84,1375.39,2407.49,35461.82,35342.41406250003,1375.8026562500015,2407.8868750000024,35460.43187500004
2026-04-24,01:34:00.000,2026-04-24 01:34:00,35343.63,1375.45,2407.51,35461.63,35342.20406250003,1375.8626562500012,2407.9068750000024,35460.24187500002
2026-04-24,01:35:00.000,2026-04-24 01:35:00,35343.13,1375.61,2407.51,35461.12,35341.70406250003,1376.022656250001,2407.9068750000024,35459.73187500003
2026-04-24,01:36:00.000,2026-04-24 01:36:00,35342.78,1375.65,2407.53,35460.77,35343.78406250003,1375.528906250001,2407.6406250000023,35461.77187500003
2026-04-24,01:37:00.000,2026-04-24 01:37:00,35342.49,1375.69,2407.57,35460.48,35343.49406250002,1375.568906250001,2407.6806250000022,35461.481875000034
2026-04-24,01:38:00.000,2026-04-24 01:38:00,35342.34,1375.7,2407.63,35460.34,35343.34406250003,1375.5789062500012,2407.7406250000017,35461.34187500002
2026-04-24,01:39:00.000,2026-04-24 01:39:00,35342.25,1375.74,2407.68,35460.26,35343.25406250003,1375.6189062500011,2407.790625000002,35461.26187500003
2026-04-24,01:40:00.000,2026-04-24 01:40:00,35341.53,1375.92,2407.68,35459.53,35342.53406250003,1375.7989062500014,2407.790625000002,35460.531875000015
2026-04-24,01:41:00.000,2026-04-24 01:41:00,35341.19,1376.02,2407.73,35459.22,35342.194062500035,1375.8989062500013,2407.840625000002,35460.22187500002
2026-04-24,01:42:00.000,2026-04-24 01:42:00,35340.73,1376.07,2407.76,35458.76,35341.734062500036,1375.9489062500013,2407.8706250000023,35459.761875000026
2026-04-24,01:43:00.000,2026-04-24 01:43:00,35340.38,1376.16,2407.77,35458.43,35341.38406250003,1376.0389062500014,2407.8806250000016,35459.431875000024
2026-04-24,01:44:00.000,2026-04-24 01:44:00,35339.37,1376.3,2407.74,35457.4,35343.606562500034,1375.6189062500011,2407.564375000002,35461.57812500002
2026-04-24,01:45:00.000,2026-04-24 01:45:00,35339.66,1376.28,2407.91,35457.7,35343.89656250004,1375.5989062500012,2407.7343750000023,35461.878125000025
2026-04-24,01:46:00.000,2026-04-24 01:46:00,35339.11,1376.31,2407.92,35457.18,35343.34656250003,1375.6289062500011,2407.744375000003,35461.35812500003
2026-04-24,01:47:00.000,2026-04-24 01:47:00,35338.78,1376.34,2407.93,35456.86,35343.01656250003,1375.6589062500009,2407.7543750000023,35461.038125000036
2026-04-24,01:48:00.000,2026-04-24 01:48:00,35337.81,1376.47,2407.9,35455.88,35342.04656250003,1375.7889062500014,2407.724375000002,35460.05812500001
2026-04-24,01:49:00.000,2026-04-24 01:49:00,35338.09,1376.41,2408.04,35456.18,35342.32656250003,1375.7289062500015,2407.8643750000015,35460.35812500001
2026-04-24,01:50:00.000,2026-04-24 01:50:00,35337.52,1376.56,2408.05,35455.58,35341.75656250003,1375.8789062500014,2407.874375000002,35459.75812500004
2026-04-24,01:51:00.000,2026-04-24 01:51:00,35337.49,1376.76,2408.15,35455.6,35341.72656250003,1376.0789062500012,2407.9743750000025,35459.778125000026
2026-04-24,01:52:00.000,2026-04-24 01:52:00,35336.85,1376.88,2408.14,35454.95,35342.246562500026,1375.7226562500016,2407.465625000002,35460.25312500002
2026-04-24,01:53:00.000,2026-04-24 01:53:00,35337.15,1376.93,2408.25,35455.25,35342.54656250003,1375.7726562500013,2407.5756250000027,35460.55312500002
2026-04-24,01:54:00.000,2026-04-24 01:54:00,35337.23,1376.94,2408.38,35455.35,35342.62656250003,1375.7826562500015,2407.705625000002,35460.65312500002
2026-04-24,01:55:00.000,2026-04-24 01:55:00,35337.08,1376.99,2408.43,35455.19,35342.47656250004,1375.8326562500013,2407.755625000002,35460.49312500003
2026-04-24,01:56:00.000,2026-04-24 01:56:00,35337.2,1376.99,2408.52,35455.31,35342.59656250003,1375.8326562500008,2407.8456250000017,35460.613125000025
2026-04-24,01:57:00.000,2026-04-24 01:57:00,35337.16,1376.96,2408.54,35455.26,35342.55656250004,1375.802656250001,2407.865625000002,35460.56312500004
2026-04-24,01:58:00.000,2026-04-24 01:58:00,35337.71,1376.85,2408.63,35455.8,35343.106562500034,1375.692656250001,2407.9556250000023,35461.10312500003
2026-04-24,01:59:00.000,2026-04-24 01:59:00,35338.17,1376.7,2408.74,35456.27,35343.566562500026,1375.5426562500008,2408.065625000002,35461.57312500002
2026-04-24,02:00:00.000,2026-04-24 02:00:00,35338.34,1376.52,2408.73,35456.43,35342.34031250002,1376.1201562500014,2407.791875000002,35460.37437500003
2026-04-24,02:01:00.000,2026-04-24 02:01:00,35337.98,1376.39,2408.63,35456.06,35341.98031250003,1375.9901562500013,2407.6918750000027,35460.00437500002
2026-04-24,02:02:00.000,2026-04-24 02:02:00,35338.5,1376.2,2408.72,35456.57,35342.50031250004,1375.8001562500012,2407.781875000002,35460.51437500003
2026-04-24,02:03:00.000,2026-04-24 02:03:00,35338.54,1376.11,2408.73,35456.59,35342.54031250003,1375.710156250001,2407.791875000002,35460.53437500002
2026-04-24,02:04:00.000,2026-04-24 02:04:00,35338.53,1376.08,2408.7,35456.6,35342.530312500036,1375.6801562500011,2407.7618750000024,35460.544375000034
2026-04-24,02:05:00.000,2026-04-24 02:05:00,35339.12,1376.04,2408.76,35457.17,35343.12031250003,1375.6401562500012,2407.821875000003,35461.11437500003
2026-04-24,02:06:00.000,2026-04-24 02:06:00,35339.35,1375.9,2408.77,35457.4,35343.35031250002,1375.5001562500013,2407.831875000002,35461.34437500002
2026-04-24,02:07:00.000,2026-04-24 02:07:00,35339.36,1375.94,2408.7,35457.43,35343.36031250003,1375.5401562500012,2407.7618750000015,35461.37437500002
2026-04-24,02:08:00.000,2026-04-24 02:08:00,35339.61,1375.83,2408.71,35457.66,35340.26406250002,1374.2370312500009,2408.071093750002,35458.20390625003
2026-04-24,02:09:00.000,2026-04-24 02:09:00,35339.48,1375.84,2408.67,35457.55,35340.13406250003,1374.247031250001,2408.031093750002,35458.09390625003
2026-04-24,02:10:00.000,2026-04-24 02:10:00,35339.78,1375.84,2408.69,35457.85,35340.43406250003,1374.247031250001,2408.0510937500017,35458.39390625003
2026-04-24,02:11:00.000,2026-04-24 02:11:00,35340.19,1375.89,2408.71,35458.24,35340.84406250004,1374.2970312500013,2408.071093750002,35458.78390625003
2026-04-24,02:12:00.000,2026-04-24 02:12:00,35340.43,1375.88,2408.72,35458.49,35341.08406250004,1374.2870312500013,2408.081093750002,35459.03390625003
2026-04-24,02:13:00.000,2026-04-24 02:13:00,35340.88,1375.85,2408.75,35458.95,35341.53406250004,1374.257031250001,2408.1110937500025,35459.49390625002
2026-04-24,02:14:00.000,2026-04-24 02:14:00,35341.18,1375.78,2408.78,35459.24,35341.83406250004,1374.1870312500012,2408.1410937500023,35459.78390625003
2026-04-24,02:15:00.000,2026-04-24 02:15:00,35341.48,1375.9,2408.78,35459.55,35342.134062500045,1374.3070312500015,2408.1410937500023,35460.09390625004
2026-04-24,02:16:00.000,2026-04-24 02:16:00,35341.75,1375.86,2408.76,35459.81,35340.81281250003,1374.470781250001,2408.228593750002,35458.77390625003
2026-04-24,02:17:00.000,2026-04-24 02:17:00,35341.95,1375.81,2408.74,35460.01,35341.01281250003,1374.4207812500008,2408.2085937500015,35458.97390625003
2026-04-24,02:18:00.000,2026-04-24 02:18:00,35341.7,1375.83,2408.63,35459.76,35340.76281250003,1374.4407812500012,2408.0985937500013,35458.72390625003
2026-04-24,02:19:00.000,2026-04-24 02:19:00,35341.77,1375.75,2408.62,35459.83,35340.83281250003,1374.3607812500013,2408.088593750001,35458.79390625004
2026-04-24,02:20:00.000,2026-04-24 02:20:00,35342.01,1375.62,2408.6,35460.06,35341.07281250004,1374.230781250001,2408.0685937500025,35459.023906250026
2026-04-24,02:21:00.000,2026-04-24 02:21:00,35342.19,1375.53,2408.58,35460.24,35341.252812500046,1374.1407812500013,2408.048593750003,35459.20390625003
2026-04-24,02:22:00.000,2026-04-24 02:22:00,35342.13,1375.46,2408.53,35460.17,35341.19281250004,1374.0707812500013,2407.9985937500032,35459.133906250034
2026-04-24,02:23:00.000,2026-04-24 02:23:00,35342.26,1375.32,2408.49,35460.29,35341.322812500046,1373.930781250001,2407.9585937500024,35459.25390625003
2026-04-24,02:24:00.000,2026-04-24 02:24:00,35342.13,1375.24,2408.42,35460.15,35341.106562500034,1374.4620312500012,2408.2235937500022,35459.063906250034
2026-04-24,02:25:00.000,2026-04-24 02:25:00,35342.11,1375.27,2408.34,35460.13,35341.086562500044,1374.492031250001,2408.1435937500023,35459.04390625003
2026-04-24,02:26:00.000,2026-04-24 02:26:00,35342.25,1375.22,2408.3,35460.28,35341.22656250003,1374.4420312500013,2408.1035937500023,35459.19390625003
2026-04-24,02:27:00.000,2026-04-24 02:27:00,35342.38,1375.06,2408.28,35460.4,35341.35656250002,1374.282031250001,2408.083593750003,35459.31390625003
2026-04-24,02:28:00.000,2026-04-24 02:28:00,35341.93,1375.09,2408.15,35459.94,35340.906562500044,1374.312031250001,2407.953593750002,35458.853906250035
2026-04-24,02:29:00.000,2026-04-24 02:29:00,35341.95,1374.9,2408.24,35459.96,35340.92656250003,1374.1220312500009,2408.043593750001,35458.87390625004
2026-04-24,02:30:00.000,2026-04-24 02:30:00,35341.93,1374.74,2408.21,35459.93,35340.906562500044,1373.962031250001,2408.0135937500017,35458.84390625003
2026-04-24,02:31:00.000,2026-04-24 02:31:00,35341.77,1374.77,2408.33,35459.78,35340.74656250004,1373.9920312500012,2408.1335937500016,35458.69390625004
2026-04-24,02:32:00.000,2026-04-24 02:32:00,35341.6,1374.62,2408.13,35459.59,35341.37031250004,1374.248281250001,2408.3173437500022,35459.34390625003
2026-04-24,02:33:00.000,2026-04-24 02:33:00,35341.54,1374.76,2407.98,35459.52,35341.31031250004,1374.3882812500012,2408.1673437500026,35459.273906250026
2026-04-24,02:34:00.000,2026-04-24 02:34:00,35341.4,1374.74,2408.06,35459.4,35341.17031250003,1374.3682812500012,2408.247343750002,35459.15390625004
2026-04-24,02:35:00.000,2026-04-24 02:35:00,35341.46,1374.75,2407.89,35459.44,35341.230312500025,1374.3782812500015,2408.077343750002,35459.19390625003
2026-04-24,02:36:00.000,2026-04-24 02:36:00,35340.97,1374.67,2407.82,35458.93,35340.740312500035,1374.298281250001,2408.007343750002,35458.68390625003
2026-04-24,02:37:00.000,2026-04-24 02:37:00,35341.28,1374.65,2407.67,35459.23,35341.05031250003,1374.278281250001,2407.8573437500013,35458.98390625003
2026-04-24,02:38:00.000,2026-04-24 02:38:00,35340.79,1374.41,2407.9,35458.74,35340.56031250004,1374.0382812500009,2408.0873437500018,35458.49390625003
2026-04-24,02:39:00.000,2026-04-24 02:39:00,35341.06,1374.44,2407.75,35459.0,35340.830312500046,1374.0682812500006,2407.937343750001,35458.75390625004
2026-04-24,02:40:00.000,2026-04-24 02:40:00,35340.76,1374.43,2407.57,35458.69,35340.74531250004,1374.635781250001,2407.8185937500025,35458.71515625004
2026-04-24,02:41:00.000,2026-04-24 02:41:00,35341.21,1374.25,2407.96,35459.16,35341.19531250004,1374.4557812500007,2408.208593750002,35459.18515625004
2026-04-24,02:42:00.000,2026-04-24 02:42:00,35340.92,1374.16,2407.97,35458.86,35340.905312500036,1374.365781250001,2408.218593750002,35458.885156250035
2026-04-24,02:43:00.000,2026-04-24 02:43:00,35340.93,1374.19,2407.87,35458.86,35340.91531250003,1374.3957812500012,2408.1185937500027,35458.885156250035
2026-04-24,02:44:00.000,2026-04-24 02:44:00,35341.27,1373.95,2407.97,35459.19,35341.25531250003,1374.1557812500012,2408.2185937500017,35459.21515625003
2026-04-24,02:45:00.000,2026-04-24 02:45:00,35340.96,1373.84,2407.81,35458.85,35340.94531250003,1374.045781250001,2408.058593750002,35458.87515625003
2026-04-24,02:46:00.000,2026-04-24 02:46:00,35341.35,1373.73,2407.93,35459.22,35341.335312500036,1373.9357812500014,2408.178593750002,35459.245156250036
2026-04-24,02:47:00.000,2026-04-24 02:47:00,35340.98,1373.87,2407.63,35458.85,35340.96531250004,1374.0757812500012,2407.878593750002,35458.875156250026
2026-04-24,02:48:00.000,2026-04-24 02:48:00,35340.67,1373.88,2408.06,35458.59,35341.40406250004,1374.1195312500013,2408.458593750002,35459.36140625002
2026-04-24,02:49:00.000,2026-04-24 02:49:00,35340.8,1373.99,2407.57,35458.69,35341.534062500046,1374.2295312500014,2407.968593750002,35459.461406250026
2026-04-24,02:50:00.000,2026-04-24 02:50:00,35340.12,1374.16,2407.58,35458.04,35340.85406250004,1374.3995312500012,2407.978593750002,35458.81140625003
2026-04-24,02:51:00.000,2026-04-24 02:51:00,35340.5,1374.2,2407.71,35458.43,35341.23406250004,1374.4395312500012,2408.108593750002,35459.20140625003
2026-04-24,02:52:00.000,2026-04-24 02:52:00,35340.02,1374.25,2407.56,35457.93,35340.75406250003,1374.489531250001,2407.958593750003,35458.70140625004
2026-04-24,02:53:00.000,2026-04-24 02:53:00,35340.14,1374.31,2407.49,35458.05,35340.87406250003,1374.5495312500009,2407.888593750002,35458.821406250034
2026-04-24,02:54:00.000,2026-04-24 02:54:00,35340.37,1373.77,2407.67,35458.27,35341.10406250003,1374.009531250001,2408.0685937500025,35459.041406250035
2026-04-24,02:55:00.000,2026-04-24 02:55:00,35339.77,1373.59,2407.87,35457.71,35340.504062500026,1373.8295312500006,2408.2685937500023,35458.48140625004
2026-04-24,02:56:00.000,2026-04-24 02:56:00,35340.18,1373.4,2407.86,35458.08,35340.88656250003,1374.8420312500011,2408.478593750002,35458.89015625003
2026-04-24,02:57:00.000,2026-04-24 02:57:00,35340.36,1373.05,2407.51,35458.22,35341.06656250004,1374.4920312500008,2408.1285937500024,35459.03015625003
2026-04-24,02:58:00.000,2026-04-24 02:58:00,35340.24,1372.96,2407.6,35458.1,35340.94656250004,1374.4020312500008,2408.218593750002,35458.91015625003
2026-04-24,02:59:00.000,2026-04-24 02:59:00,35340.55,1372.95,2407.22,35458.38,35341.256562500035,1374.3920312500006,2407.838593750002,35459.19015625003
2026-04-24,03:00:00.000,2026-04-24 03:00:00,35340.72,1372.94,2406.87,35458.55,35341.426562500026,1374.3820312500013,2407.488593750002,35459.360156250026
2026-04-24,03:01:00.000,2026-04-24 03:01:00,35340.37,1372.72,2407.38,35458.21,35341.076562500035,1374.1620312500015,2407.9985937500023,35459.02015625003
2026-04-24,03:02:00.000,2026-04-24 03:02:00,35340.04,1372.31,2407.54,35457.88,35340.74656250004,1373.7520312500012,2408.1585937500017,35458.690156250035
2026-04-24,03:03:00.000,2026-04-24 03:03:00,35340.15,1372.2,2407.77,35457.98,35340.85656250004,1373.642031250001,2408.388593750002,35458.79015625004
2026-04-24,03:04:00.000,2026-04-24 03:04:00,35340.27,1372.11,2408.15,35458.13,35340.38031250003,1374.354531250001,2408.063593750002,35458.34765625003
2026-04-24,03:05:00.000,2026-04-24 03:05:00,35340.74,1372.01,2407.83,35458.58,35340.85031250003,1374.254531250001,2407.7435937500013,35458.797656250026
2026-04-24,03:06:00.000,2026-04-24 03:06:00,35340.64,1371.98,2408.17,35458.5,35340.75031250003,1374.224531250001,2408.0835937500024,35458.71765625003
2026-04-24,03:07:00.000,2026-04-24 03:07:00,35340.67,1372.01,2408.31,35458.55,35340.78031250003,1374.2545312500008,2408.223593750002,35458.767656250035
2026-04-24,03:08:00.000,2026-04-24 03:08:00,35340.87,1371.89,2408.37,35458.73,35340.98031250005,1374.1345312500014,2408.2835937500026,35458.94765625003
2026-04-24,03:09:00.000,2026-04-24 03:09:00,35341.06,1372.01,2408.49,35458.91,35341.17031250005,1374.2545312500013,2408.4035937500025,35459.127656250035
2026-04-24,03:10:00.000,2026-04-24 03:10:00,35341.35,1372.0,2408.14,35459.18,35341.460312500036,1374.2445312500013,2408.0535937500017,35459.39765625003
2026-04-24,03:11:00.000,2026-04-24 03:11:00,35341.78,1372.1,2407.93,35459.56,35341.89031250004,1374.3445312500012,2407.8435937500017,35459.77765625004
2026-04-24,03:12:00.000,2026-04-24 03:12:00,35341.42,1372.43,2408.34,35459.27,35345.37812500004,1370.463750000001,2408.0967187500023,35463.11796875004
2026-04-24,03:13:00.000,2026-04-24 03:13:00,35341.87,1372.67,2408.0,35459.73,35345.82812500004,1370.7037500000008,2407.756718750002,35463.57796875005
2026-04-24,03:14:00.000,2026-04-24 03:14:00,35341.8,1372.83,2408.13,35459.67,35345.758125000044,1370.863750000001,2407.8867187500023,35463.51796875003
2026-04-24,03:15:00.000,2026-04-24 03:15:00,35341.74,1372.61,2408.45,35459.63,35345.698125000046,1370.6437500000006,2408.206718750002,35463.477968750034
2026-04-24,03:16:00.000,2026-04-24 03:16:00,35341.82,1372.48,2408.47,35459.71,35345.778125000055,1370.5137500000012,2408.226718750001,35463.557968750036
2026-04-24,03:17:00.000,2026-04-24 03:17:00,35341.84,1372.42,2408.5,35459.72,35345.798125000045,1370.4537500000013,2408.2567187500017,35463.56796875003
2026-04-24,03:18:00.000,2026-04-24 03:18:00,35342.31,1372.22,2408.48,35460.2,35346.26812500003,1370.2537500000012,2408.2367187500017,35464.04796875004
2026-04-24,03:19:00.000,2026-04-24 03:19:00,35342.34,1372.05,2408.55,35460.23,35346.29812500003,1370.0837500000011,2408.3067187500023,35464.07796875004
2026-04-24,03:20:00.000,2026-04-24 03:20:00,35342.51,1371.85,2408.77,35460.4,35344.55062500004,1370.3325000000011,2408.201718750002,35462.32046875003
2026-04-24,03:21:00.000,2026-04-24 03:21:00,35342.73,1371.94,2408.85,35460.62,35344.77062500004,1370.4225000000013,2408.281718750002,35462.540468750034
2026-04-24,03:22:00.000,2026-04-24 03:22:00,35343.43,1372.09,2408.28,35461.29,35345.47062500004,1370.5725000000011,2407.711718750002,35463.21046875005
2026-04-24,03:23:00.000,2026-04-24 03:23:00,35343.7,1372.0,2408.89,35461.61,35345.74062500004,1370.4825000000014,2408.3217187500018,35463.53046875004
2026-04-24,03:24:00.000,2026-04-24 03:24:00,35343.99,1372.06,2408.99,35461.92,35346.03062500004,1370.5425000000007,2408.421718750001,35463.84046875004
2026-04-24,03:25:00.000,2026-04-24 03:25:00,35344.49,1372.01,2408.74,35462.38,35346.53062500004,1370.492500000001,2408.171718750001,35464.30046875004
2026-04-24,03:26:00.000,2026-04-24 03:26:00,35344.79,1372.06,2408.4,35462.65,35346.83062500003,1370.542500000001,2407.831718750002,35464.57046875003
2026-04-24,03:27:00.000,2026-04-24 03:27:00,35344.84,1372.11,2408.6,35462.71,35346.880625000034,1370.592500000001,2408.031718750002,35464.63046875003
2026-04-24,03:28:00.000,2026-04-24 03:28:00,35344.96,1371.84,2408.62,35462.83,35344.84812500003,1370.810000000001,2408.522968750002,35462.667968750044
2026-04-24,03:29:00.000,2026-04-24 03:29:00,35345.55,1371.72,2408.35,35463.39,35345.438125000044,1370.6900000000012,2408.2529687500023,35463.22796875004
2026-04-24,03:30:00.000,2026-04-24 03:30:00,35346.0,1371.72,2408.19,35463.84,35345.888125000034,1370.6900000000012,2408.0929687500025,35463.67796875004
2026-04-24,03:31:00.000,2026-04-24 03:31:00,35346.53,1371.68,2407.23,35464.29,35346.41812500003,1370.6500000000012,2407.1329687500024,35464.127968750036
2026-04-24,03:32:00.000,2026-04-24 03:32:00,35346.05,1371.51,2408.38,35463.86,35345.93812500005,1370.480000000001,2408.282968750001,35463.697968750035
2026-04-24,03:33:00.000,2026-04-24 03:33:00,35346.15,1371.32,2408.28,35463.95,35346.03812500004,1370.2900000000009,2408.1829687500017,35463.78796875003
2026-04-24,03:34:00.000,2026-04-24 03:34:00,35346.06,1371.25,2408.49,35463.88,35345.94812500005,1370.220000000001,2408.3929687500017,35463.71796875003
2026-04-24,03:35:00.000,2026-04-24 03:35:00,35346.4,1371.18,2408.21,35464.2,35346.28812500005,1370.1500000000012,2408.112968750002,35464.03796875004
2026-04-24,03:36:00.000,2026-04-24 03:36:00,35346.14,1371.27,2408.59,35463.98,35345.76937500003,1370.430000000001,2408.6204687500026,35463.59046875005
2026-04-24,03:37:00.000,2026-04-24 03:37:00,35346.11,1371.37,2408.39,35463.91,35345.739375000034,1370.5300000000009,2408.420468750002,35463.520468750045
2026-04-24,03:38:00.000,2026-04-24 03:38:00,35346.4,1371.41,2407.95,35464.16,35346.02937500004,1370.5700000000013,2407.9804687500023,35463.770468750045
2026-04-24,03:39:00.000,2026-04-24 03:39:00,35346.35,1371.5,2407.8,35464.13,35345.97937500004,1370.660000000001,2407.8304687500026,35463.740468750046
2026-04-24,03:40:00.000,2026-04-24 03:40:00,35346.2,1371.27,2408.05,35463.98,35345.829375000045,1370.4300000000007,2408.0804687500017,35463.59046875004
2026-04-24,03:41:00.000,2026-04-24 03:41:00,35346.11,1371.45,2407.91,35463.87,35345.73937500005,1370.610000000001,2407.9404687500014,35463.48046875004
2026-04-24,03:42:00.000,2026-04-24 03:42:00,35346.15,1371.17,2408.11,35463.93,35345.77937500004,1370.3300000000013,2408.1404687500017,35463.540468750034
2026-04-24,03:43:00.000,2026-04-24 03:43:00,35346.31,1371.26,2407.93,35464.1,35345.93937500003,1370.420000000001,2407.9604687500014,35463.71046875003
2026-04-24,03:44:00.000,2026-04-24 03:44:00,35346.26,1371.42,2407.24,35463.99,35345.820625000044,1370.950000000001,2407.501718750002,35463.565468750036
2026-04-24,03:45:00.000,2026-04-24 03:45:00,35346.54,1371.33,2407.93,35464.3,35346.10062500004,1370.8600000000008,2408.1917187500017,35463.87546875005
2026-04-24,03:46:00.000,2026-04-24 03:46:00,35346.05,1371.25,2408.68,35463.88,35345.61062500004,1370.780000000001,2408.941718750001,35463.455468750035
2026-04-24,03:47:00.000,2026-04-24 03:47:00,35346.01,1371.04,2408.06,35463.79,35345.570625000044,1370.570000000001,2408.3217187500013,35463.36546875004
2026-04-24,03:48:00.000,2026-04-24 03:48:00,35346.45,1370.7,2407.61,35464.16,35346.01062500003,1370.2300000000012,2407.871718750002,35463.73546875004
2026-04-24,03:49:00.000,2026-04-24 03:49:00,35346.14,1370.75,2408.02,35463.91,35345.700625000034,1370.2800000000009,2408.281718750002,35463.48546875004
2026-04-24,03:50:00.000,2026-04-24 03:50:00,35346.14,1370.83,2407.85,35463.89,35345.70062500004,1370.360000000001,2408.1117187500017,35463.46546875003
2026-04-24,03:51:00.000,2026-04-24 03:51:00,35346.73,1370.42,2407.49,35464.42,35346.29062500005,1369.9500000000012,2407.751718750002,35463.99546875003
2026-04-24,03:52:00.000,2026-04-24 03:52:00,35346.66,1369.83,2407.82,35464.38,35345.791875000046,1370.5462500000012,2407.9867187500017,35463.56296875003
2026-04-24,03:53:00.000,2026-04-24 03:53:00,35346.78,1369.83,2407.27,35464.44,35345.91187500004,1370.5462500000012,2407.4367187500015,35463.622968750045
2026-04-24,03:54:00.000,2026-04-24 03:54:00,35346.49,1369.31,2407.72,35464.17,35345.62187500004,1370.0262500000008,2407.886718750001,35463.35296875004
2026-04-24,03:55:00.000,2026-04-24 03:55:00,35346.89,1369.74,2407.85,35464.59,35346.02187500005,1370.456250000001,2408.016718750001,35463.77296875004
2026-04-24,03:56:00.000,2026-04-24 03:56:00,35347.1,1369.92,2408.21,35464.83,35346.23187500004,1370.6362500000012,2408.3767187500025,35464.012968750045
2026-04-24,03:57:00.000,2026-04-24 03:57:00,35346.88,1370.16,2408.5,35464.65,35346.01187500004,1370.876250000001,2408.6667187500025,35463.83296875004
2026-04-24,03:58:00.000,2026-04-24 03:58:00,35346.86,1369.83,2407.94,35464.58,35345.991875000036,1370.546250000001,2408.1067187500025,35463.762968750045
2026-04-24,03:59:00.000,2026-04-24 03:59:00,35346.09,1369.63,2408.33,35463.84,35345.22187500003,1370.3462500000012,2408.496718750002,35463.02296875004
2026-04-24,04:00:00.000,2026-04-24 04:00:00,35346.06,1369.22,2408.43,35463.76,35345.01937500004,1371.345000000001,2408.641718750002,35462.82171875003
2026-04-24,04:01:00.000,2026-04-24 04:01:00,35346.93,1369.08,2407.77,35464.61,35345.889375000035,1371.2050000000006,2407.981718750002,35463.67171875003
2026-04-24,04:02:00.000,2026-04-24 04:02:00,35347.29,1368.66,2407.77,35464.96,35346.24937500005,1370.7850000000012,2407.9817187500025,35464.02171875004
2026-04-24,04:03:00.000,2026-04-24 04:03:00,35347.05,1368.44,2407.29,35464.69,35346.009375000045,1370.5650000000014,2407.501718750002,35463.751718750034
2026-04-24,04:04:00.000,2026-04-24 04:04:00,35346.15,1368.18,2408.13,35463.85,35345.10937500004,1370.3050000000012,2408.3417187500017,35462.91171875004
2026-04-24,04:05:00.000,2026-04-24 04:05:00,35346.86,1368.07,2407.95,35464.52,35345.81937500004,1370.195000000001,2408.1617187500015,35463.581718750036
2026-04-24,04:06:00.000,2026-04-24 04:06:00,35347.27,1367.67,2408.11,35464.91,35346.22937500004,1369.795000000001,2408.321718750002,35463.97171875005
2026-04-24,04:07:00.000,2026-04-24 04:07:00,35347.52,1367.66,2407.83,35465.15,35346.47937500004,1369.7850000000008,2408.0417187500016,35464.21171875004
2026-04-24,04:08:00.000,2026-04-24 04:08:00,35347.9,1367.57,2408.1,35465.56,35344.73187500004,1370.552500000001,2408.337968750002,35462.52296875003
2026-04-24,04:09:00.000,2026-04-24 04:09:00,35348.34,1367.78,2408.37,35466.01,35345.17187500003,1370.762500000001,2408.6079687500023,35462.97296875003
2026-04-24,04:10:00.000,2026-04-24 04:10:00,35349.37,1367.86,2407.98,35467.01,35346.20187500004,1370.8425000000009,2408.2179687500025,35463.972968750044
2026-04-24,04:11:00.000,2026-04-24 04:11:00,35349.36,1367.76,2408.35,35467.04,35346.19187500003,1370.742500000001,2408.5879687500023,35464.00296875004
2026-04-24,04:12:00.000,2026-04-24 04:12:00,35349.88,1367.84,2407.46,35467.51,35346.71187500004,1370.822500000001,2407.6979687500016,35464.472968750044
2026-04-24,04:13:00.000,2026-04-24 04:13:00,35349.45,1367.47,2407.85,35467.07,35346.281875000044,1370.452500000001,2408.087968750001,35464.03296875004
2026-04-24,04:14:00.000,2026-04-24 04:14:00,35349.05,1367.13,2407.77,35466.67,35345.88187500005,1370.1125000000013,2408.0079687500015,35463.63296875003
2026-04-24,04:15:00.000,2026-04-24 04:15:00,35348.8,1366.71,2407.19,35466.37,35345.63187500005,1369.6925000000012,2407.4279687500016,35463.33296875003
2026-04-24,04:16:00.000,2026-04-24 04:16:00,35348.52,1366.39,2407.81,35466.1,35358.960312500036,1360.062656250001,2404.225766308378,35475.96093750003
2026-04-24,04:17:00.000,2026-04-24 04:17:00,35348.83,1366.21,2407.41,35466.38,35359.27031250003,1359.8826562500012,2403.8257663083773,35476.24093750003
2026-04-24,04:18:00.000,2026-04-24 04:18:00,35349.01,1366.33,2407.55,35466.57,35359.45031250004,1360.0026562500007,2403.9657663083776,35476.43093750003
2026-04-24,04:19:00.000,2026-04-24 04:19:00,35349.36,1366.02,2407.36,35466.9,35359.80031250003,1359.6926562500007,2403.775766308377,35476.76093750003
2026-04-24,04:20:00.000,2026-04-24 04:20:00,35349.49,1365.9,2407.16,35467.0,35359.93031250003,1359.572656250001,2403.5757663083778,35476.86093750004
2026-04-24,04:21:00.000,2026-04-24 04:21:00,35349.91,1365.87,2406.41,35467.36,35360.35031250003,1359.5426562500008,2402.8257663083778,35477.22093750004
2026-04-24,04:22:00.000,2026-04-24 04:22:00,35349.73,1365.43,2407.24,35467.22,35360.17031250003,1359.1026562500006,2403.6557663083777,35477.08093750004
2026-04-24,04:23:00.000,2026-04-24 04:23:00,35349.94,1365.48,2407.01,35467.41,35360.380312500034,1359.1526562500007,2403.425766308378,35477.27093750004
2026-04-24,04:24:00.000,2026-04-24 04:24:00,35350.54,1365.22,2407.06,35467.99,35358.02656250004,1360.091406250001,2404.120766308378,35475.03343750003
2026-04-24,04:25:00.000,2026-04-24 04:25:00,35350.73,1365.08,2407.26,35468.18,35358.21656250004,1359.9514062500011,2404.3207663083786,35475.22343750003
2026-04-24,04:26:00.000,2026-04-24 04:26:00,35351.15,1364.56,2407.05,35468.58,35358.63656250004,1359.4314062500007,2404.1107663083785,35475.623437500035
2026-04-24,04:27:00.000,2026-04-24 04:27:00,35352.13,1364.34,2406.11,35469.45,35359.616562500036,1359.211406250001,2403.170766308379,35476.49343750003
2026-04-24,04:28:00.000,2026-04-24 04:28:00,35352.15,1364.6,2406.9,35469.56,35359.636562500025,1359.4714062500007,2403.960766308377,35476.603437500045
2026-04-24,04:29:00.000,2026-04-24 04:29:00,35353.33,1364.58,2406.63,35470.65,35360.81656250003,1359.4514062500007,2403.6907663083775,35477.69343750004
2026-04-24,04:30:00.000,2026-04-24 04:30:00,35354.24,1364.83,2405.91,35471.57,35361.72656250002,1359.701406250001,2402.9707663083777,35478.61343750004
2026-04-24,04:31:00.000,2026-04-24 04:31:00,35354.15,1364.83,2405.87,35471.5,35361.636562500025,1359.701406250001,2402.9307663083778,35478.54343750003
2026-04-24,04:32:00.000,2026-04-24 04:32:00,35354.44,1364.15,2405.46,35471.73,35358.86156250003,1360.6964062500008,2403.6495163083778,35475.83718750003
2026-04-24,04:33:00.000,2026-04-24 04:33:00,35354.45,1363.76,2405.36,35471.73,35358.871562500026,1360.306406250001,2403.5495163083783,35475.83718750003
2026-04-24,04:34:00.000,2026-04-24 04:34:00,35354.34,1363.51,2405.62,35471.62,35358.76156250003,1360.056406250001,2403.809516308377,35475.72718750004
2026-04-24,04:35:00.000,2026-04-24 04:35:00,35355.09,1363.03,2405.43,35472.34,35359.51156250003,1359.576406250001,2403.6195163083776,35476.44718750004
2026-04-24,04:36:00.000,2026-04-24 04:36:00,35355.61,1362.92,2405.49,35472.86,35360.03156250003,1359.466406250001,2403.679516308378,35476.967187500035
2026-04-24,04:37:00.000,2026-04-24 04:37:00,35355.8,1362.62,2405.74,35473.06,35360.22156250003,1359.1664062500008,2403.929516308378,35477.16718750003
2026-04-24,04:38:00.000,2026-04-24 04:38:00,35356.38,1362.45,2405.46,35473.59,35360.80156250003,1358.9964062500005,2403.649516308378,35477.69718750004
2026-04-24,04:39:00.000,2026-04-24 04:39:00,35356.83,1362.2,2405.2,35474.04,35361.25156250003,1358.7464062500005,2403.389516308378,35478.147187500035
2026-04-24,04:40:00.000,2026-04-24 04:40:00,35357.21,1361.8,2405.23,35474.4,35359.50031250004,1360.6126562500008,2404.952016308378,35476.57218750003
2026-04-24,04:41:00.000,2026-04-24 04:41:00,35358.09,1361.61,2405.07,35475.26,35360.38031250003,1360.4226562500007,2404.792016308378,35477.43218750003
2026-04-24,04:42:00.000,2026-04-24 04:42:00,35358.29,1361.44,2404.55,35475.44,35360.58031250003,1360.2526562500009,2404.272016308378,35477.61218750004
2026-04-24,04:43:00.000,2026-04-24 04:43:00,35357.52,1360.73,2403.78,35474.59,35359.81031250003,1359.5426562500008,2403.5020163083786,35476.76218750003
2026-04-24,04:44:00.000,2026-04-24 04:44:00,35356.24,1360.41,2403.75,35473.27,35358.53031250003,1359.222656250001,2403.472016308377,35475.44218750003
2026-04-24,04:45:00.000,2026-04-24 04:45:00,35356.3,1360.18,2403.56,35473.3,35358.59031250004,1358.992656250001,2403.2820163083775,35475.47218750003
2026-04-24,04:46:00.000,2026-04-24 04:46:00,35357.3,1360.28,2403.5,35474.28,35359.59031250004,1359.0926562500008,2403.2220163083775,35476.452187500036
2026-04-24,04:47:00.000,2026-04-24 04:47:00,35359.04,1360.06,2402.06,35475.91,35361.330312500046,1358.872656250001,2401.782016308378,35478.08218750004
2026-04-24,04:48:00.000,2026-04-24 04:48:00,35358.57,1359.79,2403.53,35475.54,35357.99406250003,1361.1164062500009,2403.536546284288,35475.062187500036
2026-04-24,04:49:00.000,2026-04-24 04:49:00,35358.61,1359.17,2403.6,35475.55,35358.034062500024,1360.496406250001,2403.6065462842876,35475.07218750003
2026-04-24,04:50:00.000,2026-04-24 04:50:00,35358.82,1358.74,2403.2,35475.7,35358.24406250004,1360.0664062500007,2403.206546284287,35475.22218750003
2026-04-24,04:51:00.000,2026-04-24 04:51:00,35359.93,1358.25,2402.66,35476.77,35359.35406250004,1359.576406250001,2402.666546284287,35476.292187500025
2026-04-24,04:52:00.000,2026-04-24 04:52:00,35360.6,1357.93,2402.92,35477.43,35360.02406250003,1359.2564062500007,2402.926546284288,35476.95218750004
2026-04-24,04:53:00.000,2026-04-24 04:53:00,35361.19,1357.73,2402.6,35478.0,35360.61406250004,1359.056406250001,2402.6065462842876,35477.522187500035
2026-04-24,04:54:00.000,2026-04-24 04:54:00,35362.3,1357.44,2401.83,35479.03,35361.724062500034,1358.766406250001,2401.8365462842876,35478.55218750004
2026-04-24,04:55:00.000,2026-04-24 04:55:00,35362.9,1357.35,2402.09,35479.63,35362.32406250004,1358.6764062500008,2402.096546284288,35479.15218750005
2026-04-24,04:56:00.000,2026-04-24 04:56:00,35363.25,1357.17,2402.01,35479.99,35359.28406250003,1360.477656250001,2403.5537960989654,35476.32468750004
2026-04-24,04:57:00.000,2026-04-24 04:57:00,35363.92,1356.97,2401.6,35480.63,35359.95406250003,1360.2776562500007,2403.1437960989647,35476.96468750004
2026-04-24,04:58:00.000,2026-04-24 04:58:00,35364.03,1356.7,2401.25,35480.68,35360.064062500045,1360.0076562500008,2402.7937960989652,35477.014687500036
2026-04-24,04:59:00.000,2026-04-24 04:59:00,35364.32,1356.29,2400.91,35480.96,35360.35406250004,1359.597656250001,2402.453796098965,35477.294687500034
2026-04-24,05:00:00.000,2026-04-24 05:00:00,35364.09,1356.33,2400.28,35480.69,35360.12406250003,1359.6376562500006,2401.823796098966,35477.02468750004
2026-04-24,05:01:00.000,2026-04-24 05:01:00,35363.35,1355.86,2400.59,35479.95,35359.38406250004,1359.1676562500008,2402.1337960989654,35476.28468750003
2026-04-24,05:02:00.000,2026-04-24 05:02:00,35363.45,1355.68,2400.6,35480.03,35359.48406250003,1358.9876562500008,2402.1437960989656,35476.364687500034
2026-04-24,05:03:00.000,2026-04-24 05:03:00,35363.63,1355.55,2400.61,35480.22,35359.66406250004,1358.8576562500007,2402.153796098966,35476.55468750004
2026-04-24,05:04:00.000,2026-04-24 05:04:00,35364.25,1355.47,2400.5,35480.83,35356.98531250003,1360.687656250001,2403.298921191626,35474.020937500034
2026-04-24,05:05:00.000,2026-04-24 05:05:00,35365.73,1355.54,2399.94,35482.27,35358.46531250004,1360.7576562500008,2402.7389211916266,35475.46093750004
2026-04-24,05:06:00.000,2026-04-24 05:06:00,35366.57,1355.0,2399.92,35483.09,35359.30531250004,1360.2176562500008,2402.718921191626,35476.28093750003
2026-04-24,05:07:00.000,2026-04-24 05:07:00,35366.76,1354.72,2399.89,35483.26,35359.49531250004,1359.9376562500006,2402.6889211916264,35476.45093750003
2026-04-24,05:08:00.000,2026-04-24 05:08:00,35367.11,1353.92,2399.84,35483.57,35359.84531250004,1359.1376562500006,2402.6389211916267,35476.76093750004
2026-04-24,05:09:00.000,2026-04-24 05:09:00,35367.57,1353.75,2399.78,35484.0,35360.30531250003,1358.9676562500006,2402.5789211916263,35477.19093750003
2026-04-24,05:10:00.000,2026-04-24 05:10:00,35368.77,1353.62,2399.84,35485.21,35361.505312500034,1358.8376562500007,2402.6389211916267,35478.40093750004
2026-04-24,05:11:00.000,2026-04-24 05:11:00,35369.67,1353.25,2399.24,35486.07,35362.40531250004,1358.4676562500008,2402.0389211916263,35479.26093750004
2026-04-24,05:12:00.000,2026-04-24 05:12:00,35370.33,1353.4,2398.66,35486.69,35357.497812500034,1359.645156250001,2402.9226711916267,35474.45843750003
2026-04-24,05:13:00.000,2026-04-24 05:13:00,35370.5,1353.17,2399.25,35486.89,35357.66781250003,1359.415156250001,2403.512671191627,35474.658437500024
2026-04-24,05:14:00.000,2026-04-24 05:14:00,35371.31,1353.2,2398.73,35487.67,35358.47781250003,1359.445156250001,2402.992671191627,35475.43843750002
2026-04-24,05:15:00.000,2026-04-24 05:15:00,35372.22,1353.38,2398.69,35488.57,35359.387812500034,1359.6251562500013,2402.952671191627,35476.33843750003
2026-04-24,05:16:00.000,2026-04-24 05:16:00,35372.76,1353.27,2398.51,35489.1,35359.92781250004,1359.5151562500005,2402.772671191626,35476.86843750004
2026-04-24,05:17:00.000,2026-04-24 05:17:00,35373.8,1353.41,2397.97,35490.11,35360.967812500036,1359.6551562500008,2402.232671191626,35477.87843750005
2026-04-24,05:18:00.000,2026-04-24 05:18:00,35374.71,1353.51,2397.87,35491.01,35361.87781250003,1359.7551562500005,2402.132671191626,35478.77843750004
2026-04-24,05:19:00.000,2026-04-24 05:19:00,35375.34,1353.71,2397.56,35491.64,35362.50781250004,1359.9551562500003,2401.8226711916263,35479.40843750003
2026-04-24,05:20:00.000,2026-04-24 05:20:00,35376.06,1353.53,2396.84,35492.29,35394.073284377344,1352.830781250001,2392.527453901039,35509.45373540589
2026-04-24,05:21:00.000,2026-04-24 05:21:00,35376.01,1353.57,2397.07,35492.25,35394.023284377356,1352.870781250001,2392.7574539010393,35509.4137354059
2026-04-24,05:22:00.000,2026-04-24 05:22:00,35377.18,1353.63,2396.38,35493.4,35395.19328437735,1352.930781250001,2392.067453901039,35510.5637354059
2026-04-24,05:23:00.000,2026-04-24 05:23:00,35377.82,1353.79,2396.65,35494.04,35395.833284377346,1353.0907812500009,2392.337453901039,35511.2037354059
2026-04-24,05:24:00.000,2026-04-24 05:24:00,35378.22,1353.97,2396.53,35494.45,35396.23328437734,1353.2707812500014,2392.2174539010393,35511.6137354059
2026-04-24,05:25:00.000,2026-04-24 05:25:00,35379.18,1353.91,2396.78,35495.43,35397.19328437735,1353.2107812500014,2392.4674539010393,35512.5937354059
2026-04-24,05:26:00.000,2026-04-24 05:26:00,35379.7,1354.03,2396.36,35495.95,35397.71328437734,1353.3307812500013,2392.0474539010393,35513.113735405896
2026-04-24,05:27:00.000,2026-04-24 05:27:00,35380.27,1353.76,2396.16,35496.47,35398.283284377336,1353.0607812500014,2391.8474539010385,35513.6337354059
2026-04-24,05:28:00.000,2026-04-24 05:28:00,35380.06,1353.28,2394.8,35496.15,35395.59828437735,1354.1382812500015,2392.024703715717,35511.03623540591
2026-04-24,05:29:00.000,2026-04-24 05:29:00,35379.47,1352.9,2395.58,35495.59,35395.008284377356,1353.7582812500013,2392.8047037157166,35510.4762354059
2026-04-24,05:30:00.000,2026-04-24 05:30:00,35379.74,1352.4,2394.89,35495.76,35395.27828437735,1353.2582812500013,2392.1147037157166,35510.64623540589
2026-04-24,05:31:00.000,2026-04-24 05:31:00,35379.6,1351.87,2394.96,35495.62,35395.13828437735,1352.7282812500011,2392.184703715717,35510.50623540589
2026-04-24,05:32:00.000,2026-04-24 05:32:00,35379.56,1351.6,2394.93,35495.58,35395.09828437734,1352.4582812500012,2392.1547037157175,35510.466235405904
2026-04-24,05:33:00.000,2026-04-24 05:33:00,35380.06,1351.3,2394.99,35496.06,35395.59828437734,1352.1582812500014,2392.214703715717,35510.9462354059
2026-04-24,05:34:00.000,2026-04-24 05:34:00,35381.51,1351.76,2394.86,35497.5,35397.048284377335,1352.6182812500008,2392.084703715717,35512.386235405895
2026-04-24,05:35:00.000,2026-04-24 05:35:00,35384.24,1352.62,2394.68,35500.24,35399.77828437733,1353.478281250001,2391.9047037157166,35515.1262354059
2026-04-24,05:36:00.000,2026-04-24 05:36:00,35387.06,1353.43,2394.67,35503.1,35396.47953437734,1353.432031250001,2393.406078808378,35511.91873540589
2026-04-24,05:37:00.000,2026-04-24 05:37:00,35388.17,1353.61,2394.62,35504.24,35397.58953437734,1353.6120312500009,2393.356078808378,35513.05873540589
2026-04-24,05:38:00.000,2026-04-24 05:38:00,35387.52,1353.5,2393.64,35503.53,35396.93953437735,1353.502031250001,2392.3760788083778,35512.3487354059
2026-04-24,05:39:00.000,2026-04-24 05:39:00,35385.62,1353.07,2393.52,35501.61,35395.039534377356,1353.0720312500011,2392.256078808378,35510.428735405905
2026-04-24,05:40:00.000,2026-04-24 05:40:00,35386.05,1353.09,2393.61,35502.04,35395.46953437734,1353.0920312500014,2392.3460788083776,35510.8587354059
2026-04-24,05:41:00.000,2026-04-24 05:41:00,35386.41,1352.84,2392.36,35502.32,35395.82953437734,1352.8420312500014,2391.0960788083776,35511.1387354059
2026-04-24,05:42:00.000,2026-04-24 05:42:00,35385.74,1352.62,2392.86,35501.67,35395.159534377344,1352.622031250001,2391.5960788083785,35510.488735405896
2026-04-24,05:43:00.000,2026-04-24 05:43:00,35386.62,1352.42,2392.71,35502.53,35396.03953437735,1352.4220312500013,2391.446078808378,35511.348735405896
2026-04-24,05:44:00.000,2026-04-24 05:44:00,35387.89,1352.8,2392.88,35503.82,35393.02953437734,1352.6582812500012,2392.619828808378,35508.4349854059
2026-04-24,05:45:00.000,2026-04-24 05:45:00,35389.02,1353.23,2392.4,35504.93,35394.159534377344,1353.088281250001,2392.1398288083783,35509.5449854059
2026-04-24,05:46:00.000,2026-04-24 05:46:00,35388.4,1353.34,2392.42,35504.37,35393.53953437735,1353.1982812500012,2392.1598288083787,35508.98498540589
2026-04-24,05:47:00.000,2026-04-24 05:47:00,35384.04,1353.05,2392.22,35499.92,35389.17953437735,1352.9082812500012,2391.959828808378,35504.534985405895
2026-04-24,05:48:00.000,2026-04-24 05:48:00,35389.08,1353.54,2392.44,35504.99,35394.21953437735,1353.3982812500014,2392.179828808378,35509.6049854059
2026-04-24,05:49:00.000,2026-04-24 05:49:00,35393.68,1353.69,2392.82,35509.6,35398.81953437734,1353.5482812500015,2392.559828808378,35514.2149854059
2026-04-24,05:50:00.000,2026-04-24 05:50:00,35397.14,1353.29,2392.74,35513.02,35402.27953437735,1353.1482812500014,2392.4798288083775,35517.6349854059
2026-04-24,05:51:00.000,2026-04-24 05:51:00,35398.18,1352.79,2392.04,35514.02,35403.31953437734,1352.6482812500014,2391.7798288083777,35518.6349854059
2026-04-24,05:52:00.000,2026-04-24 05:52:00,35399.54,1352.61,2390.97,35515.27,35393.83546562271,1352.847031250001,2391.016233784287,35510.11720209415
2026-04-24,05:53:00.000,2026-04-24 05:53:00,35401.04,1352.66,2390.62,35516.73,35395.33546562271,1352.8970312500012,2390.6662337842877,35511.57720209416
2026-04-24,05:54:00.000,2026-04-24 05:54:00,35399.78,1352.66,2390.28,35515.51,35394.075465622715,1352.8970312500012,2390.326233784287,35510.357202094165
2026-04-24,05:55:00.000,2026-04-24 05:55:00,35400.13,1352.81,2389.94,35515.83,35394.425465622706,1353.0470312500013,2389.986233784287,35510.67720209416
2026-04-24,05:56:00.000,2026-04-24 05:56:00,35401.05,1352.93,2389.79,35516.73,35395.345465622726,1353.167031250001,2389.8362337842873,35511.57720209415
2026-04-24,05:57:00.000,2026-04-24 05:57:00,35403.07,1352.9,2389.55,35518.73,35397.365465622715,1353.1370312500012,2389.5962337842875,35513.57720209415
2026-04-24,05:58:00.000,2026-04-24 05:58:00,35405.31,1353.19,2389.23,35520.99,35399.60546562271,1353.4270312500012,2389.2762337842864,35515.83720209415
2026-04-24,05:59:00.000,2026-04-24 05:59:00,35405.9,1352.94,2389.51,35521.6,35400.195465622724,1353.1770312500012,2389.556233784287,35516.447202094154
2026-04-24,06:00:00.000,2026-04-24 06:00:00,35404.51,1352.67,2389.36,35520.21,35395.37546562272,1353.0970312500008,2390.943483598965,35511.70345209416
2026-04-24,06:01:00.000,2026-04-24 06:01:00,35403.55,1352.41,2388.66,35519.16,35394.415465622726,1352.837031250001,2390.2434835989643,35510.65345209417
2026-04-24,06:02:00.000,2026-04-24 06:02:00,35404.55,1352.48,2388.58,35520.16,35395.415465622726,1352.9070312500012,2390.163483598964,35511.65345209416
2026-04-24,06:03:00.000,2026-04-24 06:03:00,35404.95,1352.56,2388.4,35520.58,35395.81546562272,1352.987031250001,2389.9834835989645,35512.073452094155
2026-04-24,06:04:00.000,2026-04-24 06:04:00,35405.53,1352.76,2388.42,35521.16,35396.39546562271,1353.1870312500012,2390.003483598965,35512.65345209416
2026-04-24,06:05:00.000,2026-04-24 06:05:00,35405.92,1352.89,2388.44,35521.56,35396.78546562271,1353.3170312500013,2390.0234835989654,35513.05345209415
2026-04-24,06:06:00.000,2026-04-24 06:06:00,35406.72,1352.81,2387.83,35522.32,35397.58546562271,1353.2370312500013,2389.4134835989644,35513.81345209414
2026-04-24,06:07:00.000,2026-04-24 06:07:00,35407.53,1352.6,2387.36,35523.07,35398.39546562271,1353.0270312500013,2388.943483598965,35514.56345209414
2026-04-24,06:08:00.000,2026-04-24 06:08:00,35408.61,1352.78,2387.42,35524.17,35394.46921562272,1352.9295312500008,2390.388608691626,35510.73095209416
2026-04-24,06:09:00.000,2026-04-24 06:09:00,35409.51,1352.73,2387.13,35525.06,35395.36921562271,1352.879531250001,2390.098608691626,35511.62095209416
2026-04-24,06:10:00.000,2026-04-24 06:10:00,35409.85,1352.93,2386.68,35525.38,35395.7092156227,1353.0795312500009,2389.6486086916257,35511.940952094155
2026-04-24,06:11:00.000,2026-04-24 06:11:00,35409.61,1352.81,2386.9,35525.15,35395.46921562271,1352.959531250001,2389.868608691626,35511.71095209416
2026-04-24,06:12:00.000,2026-04-24 06:12:00,35410.26,1352.91,2386.92,35525.81,35396.11921562271,1353.0595312500016,2389.8886086916254,35512.370952094156
2026-04-24,06:13:00.000,2026-04-24 06:13:00,35410.86,1352.91,2386.81,35526.38,35396.71921562272,1353.0595312500016,2389.778608691626,35512.94095209415
2026-04-24,06:14:00.000,2026-04-24 06:14:00,35412.02,1353.08,2387.09,35527.56,35397.87921562272,1353.2295312500012,2390.058608691626,35514.12095209415
2026-04-24,06:15:00.000,2026-04-24 06:15:00,35412.59,1353.25,2387.29,35528.17,35398.44921562271,1353.3995312500012,2390.258608691626,35514.73095209415
2026-04-24,06:16:00.000,2026-04-24 06:16:00,35412.27,1353.39,2386.88,35527.84,35393.139215622716,1352.5570312500013,2390.8936086916256,35509.45470209415
2026-04-24,06:17:00.000,2026-04-24 06:17:00,35412.99,1353.42,2386.55,35528.52,35393.85921562272,1352.587031250001,2390.5636086916256,35510.13470209415
2026-04-24,06:18:00.000,2026-04-24 06:18:00,35414.81,1353.7,2386.91,35530.36,35395.67921562272,1352.8670312500014,2390.923608691626,35511.97470209416
2026-04-24,06:19:00.000,2026-04-24 06:19:00,35416.32,1353.72,2386.07,35531.81,35397.18921562271,1352.8870312500014,2390.083608691626,35513.424702094155
2026-04-24,06:20:00.000,2026-04-24 06:20:00,35415.86,1354.11,2385.71,35531.36,35396.72921562272,1353.2770312500008,2389.7236086916264,35512.97470209415
2026-04-24,06:21:00.000,2026-04-24 06:21:00,35416.53,1354.22,2385.44,35531.99,35397.39921562272,1353.387031250001,2389.453608691626,35513.604702094155
2026-04-24,06:22:00.000,2026-04-24 06:22:00,35416.99,1354.24,2385.54,35532.49,35397.85921562271,1353.4070312500012,2389.5536086916263,35514.104702094155
2026-04-24,06:23:00.000,2026-04-24 06:23:00,35417.46,1354.46,2384.78,35532.88,35398.32921562271,1353.627031250001,2388.793608691626,35514.494702094154
2026-04-24,06:24:00.000,2026-04-24 06:24:00,35417.99,1354.57,2384.62,35533.42,35424.37703125002,1356.2193750000013,2381.2206250000013,35539.58718750002
2026-04-24,06:25:00.000,2026-04-24 06:25:00,35418.25,1354.84,2385.51,35533.75,35424.63703125003,1356.4893750000012,2382.1106250000016,35539.917187500025
2026-04-24,06:26:00.000,2026-04-24 06:26:00,35418.83,1355.02,2385.03,35534.3,35425.21703125003,1356.6693750000013,2381.630625000002,35540.46718750002
2026-04-24,06:27:00.000,2026-04-24 06:27:00,35419.38,1355.37,2384.48,35534.83,35425.76703125002,1357.0193750000012,2381.080625000002,35540.99718750002
2026-04-24,06:28:00.000,2026-04-24 06:28:00,35419.48,1355.27,2384.89,35534.98,35425.86703125002,1356.9193750000015,2381.4906250000017,35541.14718750001
2026-04-24,06:29:00.000,2026-04-24 06:29:00,35419.48,1355.36,2384.5,35534.94,35425.86703125002,1357.0093750000012,2381.1006250000023,35541.10718750002
2026-04-24,06:30:00.000,2026-04-24 06:30:00,35419.88,1355.62,2384.25,35535.35,35426.26703125002,1357.269375000001,2380.850625000002,35541.517187500016
2026-04-24,06:31:00.000,2026-04-24 06:31:00,35420.02,1355.85,2384.17,35535.46,35426.40703125002,1357.499375000001,2380.770625000002,35541.62718750002
2026-04-24,06:32:00.000,2026-04-24 06:32:00,35420.53,1355.92,2384.12,35535.99,35425.053281250024,1356.5843750000013,2381.956875000001,35540.33968750001
2026-04-24,06:33:00.000,2026-04-24 06:33:00,35420.37,1356.0,2383.97,35535.83,35424.893281250035,1356.6643750000012,2381.8068750000016,35540.17968750002
2026-04-24,06:34:00.000,2026-04-24 06:34:00,35421.12,1356.08,2383.6,35536.53,35425.64328125003,1356.7443750000014,2381.4368750000017,35540.87968750001
2026-04-24,06:35:00.000,2026-04-24 06:35:00,35421.52,1356.15,2383.83,35536.96,35426.04328125002,1356.8143750000015,2381.666875000002,35541.30968750002
2026-04-24,06:36:00.000,2026-04-24 06:36:00,35421.78,1356.36,2382.86,35537.18,35426.30328125001,1357.024375000001,2380.6968750000024,35541.52968750002
2026-04-24,06:37:00.000,2026-04-24 06:37:00,35421.01,1356.34,2383.04,35536.39,35425.53328125002,1357.0043750000011,2380.8768750000017,35540.73968750001
2026-04-24,06:38:00.000,2026-04-24 06:38:00,35421.0,1356.39,2383.1,35536.4,35425.52328125001,1357.0543750000013,2380.9368750000017,35540.74968750003
2026-04-24,06:39:00.000,2026-04-24 06:39:00,35420.89,1356.54,2383.04,35536.29,35425.41328125001,1357.2043750000014,2380.876875000002,35540.63968750003
2026-04-24,06:40:00.000,2026-04-24 06:40:00,35420.86,1356.55,2383.1,35536.27,35426.164531250026,1356.569375000001,2382.0531250000013,35541.45343750001
2026-04-24,06:41:00.000,2026-04-24 06:41:00,35420.76,1356.67,2382.51,35536.13,35426.06453125002,1356.6893750000013,2381.463125000002,35541.31343750001
2026-04-24,06:42:00.000,2026-04-24 06:42:00,35420.7,1356.67,2382.45,35536.06,35426.004531250015,1356.6893750000013,2381.403125000002,35541.243437500016
2026-04-24,06:43:00.000,2026-04-24 06:43:00,35420.54,1356.88,2382.36,35535.91,35425.844531250026,1356.8993750000013,2381.313125000002,35541.09343750002
2026-04-24,06:44:00.000,2026-04-24 06:44:00,35420.02,1356.91,2382.24,35535.37,35425.32453125002,1356.9293750000013,2381.1931250000016,35540.553437500035
2026-04-24,06:45:00.000,2026-04-24 06:45:00,35419.82,1356.96,2382.1,35535.17,35425.124531250025,1356.9793750000015,2381.053125000002,35540.35343750002
2026-04-24,06:46:00.000,2026-04-24 06:46:00,35419.59,1357.09,2381.74,35534.94,35424.894531250015,1357.109375000001,2380.6931250000016,35540.12343750001
2026-04-24,06:47:00.000,2026-04-24 06:47:00,35419.68,1357.21,2382.13,35535.05,35424.984531250026,1357.2293750000013,2381.083125000002,35540.233437500014
2026-04-24,06:48:00.000,2026-04-24 06:48:00,35419.94,1357.4,2381.84,35535.3,35424.68453125002,1356.7943750000013,2381.618125000002,35539.983437500036
2026-04-24,06:49:00.000,2026-04-24 06:49:00,35419.66,1357.47,2382.18,35535.02,35424.404531250024,1356.8643750000015,2381.958125000002,35539.70343750002
2026-04-24,06:50:00.000,2026-04-24 06:50:00,35420.41,1357.47,2381.95,35535.75,35425.15453125003,1356.8643750000012,2381.7281250000015,35540.433437500025
2026-04-24,06:51:00.000,2026-04-24 06:51:00,35420.88,1357.47,2381.41,35536.17,35425.62453125002,1356.8643750000012,2381.1881250000015,35540.85343750002
2026-04-24,06:52:00.000,2026-04-24 06:52:00,35421.42,1357.46,2381.87,35536.75,35426.16453125002,1356.854375000001,2381.6481250000015,35541.43343750001
2026-04-24,06:53:00.000,2026-04-24 06:53:00,35422.06,1357.45,2381.24,35537.34,35426.80453125002,1356.8443750000013,2381.0181250000014,35542.02343750001
2026-04-24,06:54:00.000,2026-04-24 06:54:00,35421.24,1357.65,2380.58,35536.47,35425.984531250026,1357.044375000001,2380.3581250000016,35541.15343750002
2026-04-24,06:55:00.000,2026-04-24 06:55:00,35420.84,1357.57,2380.96,35536.1,35425.58453125002,1356.9643750000012,2380.7381250000017,35540.78343750001
2026-04-24,06:56:00.000,2026-04-24 06:56:00,35421.01,1357.6,2380.86,35536.27,35424.539531250026,1356.8181250000011,2381.348125000002,35539.80343750001
2026-04-24,06:57:00.000,2026-04-24 06:57:00,35420.75,1357.62,2380.8,35535.99,35424.27953125002,1356.8381250000011,2381.2881250000023,35539.523437500015
2026-04-24,06:58:00.000,2026-04-24 06:58:00,35421.29,1357.68,2380.63,35536.53,35424.81953125003,1356.8981250000015,2381.1181250000022,35540.06343750002
2026-04-24,06:59:00.000,2026-04-24 06:59:00,35421.87,1357.61,2380.76,35537.11,35425.399531250034,1356.8281250000014,2381.2481250000023,35540.643437500024
2026-04-24,07:00:00.000,2026-04-24 07:00:00,35421.93,1357.76,2380.97,35537.21,35425.45953125001,1356.9781250000015,2381.458125000001,35540.743437500016
2026-04-24,07:01:00.000,2026-04-24 07:01:00,35422.68,1357.63,2380.67,35537.91,35426.20953125001,1356.8481250000013,2381.1581250000017,35541.44343750003
2026-04-24,07:02:00.000,2026-04-24 07:02:00,35422.75,1357.72,2380.87,35537.99,35426.27953125002,1356.9381250000008,2381.3581250000016,35541.52343750002
2026-04-24,07:03:00.000,2026-04-24 07:03:00,35423.89,1357.73,2380.79,35539.09,35427.419531250016,1356.948125000001,2381.2781250000016,35542.62343750001
2026-04-24,07:04:00.000,2026-04-24 07:04:00,35423.97,1357.76,2381.12,35539.22,35422.84953125001,1357.2481250000012,2382.114375000002,35538.20218750002
2026-04-24,07:05:00.000,2026-04-24 07:05:00,35424.87,1357.77,2380.54,35540.06,35423.74953125002,1357.2581250000014,2381.534375000002,35539.04218750002
2026-04-24,07:06:00.000,2026-04-24 07:06:00,35425.24,1357.48,2379.62,35540.37,35424.11953125002,1356.9681250000015,2380.614375000002,35539.35218750002
2026-04-24,07:07:00.000,2026-04-24 07:07:00,35424.82,1357.35,2380.52,35539.96,35423.69953125002,1356.8381250000014,2381.5143750000016,35538.94218750002
2026-04-24,07:08:00.000,2026-04-24 07:08:00,35426.46,1357.32,2380.1,35541.55,35425.33953125002,1356.808125000001,2381.094375000002,35540.53218750001
2026-04-24,07:09:00.000,2026-04-24 07:09:00,35427.87,1357.2,2380.14,35542.98,35426.749531250025,1356.688125000001,2381.134375000002,35541.962187500016
2026-04-24,07:10:00.000,2026-04-24 07:10:00,35429.21,1357.25,2380.36,35544.34,35428.08953125002,1356.7381250000012,2381.3543750000017,35543.322187500016
2026-04-24,07:11:00.000,2026-04-24 07:11:00,35430.93,1357.06,2379.9,35546.03,35429.80953125002,1356.5481250000012,2380.8943750000017,35545.01218750002
2026-04-24,07:12:00.000,2026-04-24 07:12:00,35431.63,1357.05,2380.43,35546.77,35423.87508073112,1356.889375000001,2382.5031250000015,35539.21486401967
2026-04-24,07:13:00.000,2026-04-24 07:13:00,35432.23,1357.03,2379.65,35547.32,35424.47508073113,1356.8693750000011,2381.723125000002,35539.76486401967
2026-04-24,07:14:00.000,2026-04-24 07:14:00,35431.91,1357.07,2379.05,35546.97,35424.15508073112,1356.909375000001,2381.123125000002,35539.41486401967
2026-04-24,07:15:00.000,2026-04-24 07:15:00,35431.7,1356.95,2379.17,35546.76,35423.945080731115,1356.7893750000012,2381.243125000002,35539.204864019666
2026-04-24,07:16:00.000,2026-04-24 07:16:00,35432.35,1357.16,2378.79,35547.4,35424.595080731124,1356.9993750000015,2380.8631250000017,35539.84486401967
2026-04-24,07:17:00.000,2026-04-24 07:17:00,35433.24,1357.01,2378.84,35548.25,35425.48508073112,1356.8493750000014,2380.913125000002,35540.694864019664
2026-04-24,07:18:00.000,2026-04-24 07:18:00,35434.08,1357.05,2379.28,35549.15,35426.325080731134,1356.8893750000013,2381.3531250000015,35541.59486401967
2026-04-24,07:19:00.000,2026-04-24 07:19:00,35435.89,1357.06,2378.46,35550.9,35428.13508073113,1356.899375000001,2380.5331250000017,35543.34486401967
2026-04-24,07:20:00.000,2026-04-24 07:20:00,35436.81,1357.09,2378.93,35551.84,35421.19648176893,1356.8168750000013,2382.205625000002,35536.49576098036
2026-04-24,07:21:00.000,2026-04-24 07:21:00,35438.51,1357.29,2378.36,35553.5,35422.89648176893,1357.0168750000016,2381.635625000002,35538.155760980364
2026-04-24,07:22:00.000,2026-04-24 07:22:00,35439.32,1357.12,2378.6,35554.32,35423.70648176892,1356.8468750000013,2381.8756250000015,35538.97576098036
2026-04-24,07:23:00.000,2026-04-24 07:23:00,35441.71,1356.87,2377.62,35556.62,35426.09648176892,1356.5968750000013,2380.895625000002,35541.27576098036
2026-04-24,07:24:00.000,2026-04-24 07:24:00,35442.95,1357.24,2378.02,35557.92,35427.336481768914,1356.9668750000012,2381.2956250000016,35542.57576098037
2026-04-24,07:25:00.000,2026-04-24 07:25:00,35444.31,1357.07,2377.7,35559.22,35428.696481768915,1356.7968750000011,2380.975625000002,35543.87576098037
2026-04-24,07:26:00.000,2026-04-24 07:26:00,35444.63,1357.39,2377.66,35559.57,35429.01648176892,1357.116875000001,2380.935625000002,35544.225760980364
2026-04-24,07:27:00.000,2026-04-24 07:27:00,35444.49,1357.21,2377.16,35559.42,35428.87648176892,1356.9368750000008,2380.435625000002,35544.07576098037
2026-04-24,07:28:00.000,2026-04-24 07:28:00,35443.5,1357.26,2376.66,35558.4,35459.60296875003,1354.9048437500012,2374.1315625000007,35574.20296875002
2026-04-24,07:29:00.000,2026-04-24 07:29:00,35442.69,1357.16,2377.69,35557.62,35458.79296875003,1354.8048437500013,2375.1615625000013,35573.42296875002
2026-04-24,07:30:00.000,2026-04-24 07:30:00,35443.47,1357.25,2376.59,35558.34,35459.57296875002,1354.8948437500012,2374.0615625000014,35574.14296875001
2026-04-24,07:31:00.000,2026-04-24 07:31:00,35443.29,1357.42,2376.65,35558.17,35459.39296875001,1355.0648437500013,2374.121562500001,35573.972968750015
2026-04-24,07:32:00.000,2026-04-24 07:32:00,35443.99,1357.7,2376.62,35558.86,35460.092968750025,1355.3448437500008,2374.0915625000016,35574.66296875002
2026-04-24,07:33:00.000,2026-04-24 07:33:00,35444.39,1357.58,2376.26,35559.25,35460.49296875002,1355.224843750001,2373.731562500002,35575.05296875002
2026-04-24,07:34:00.000,2026-04-24 07:34:00,35444.1,1357.71,2376.69,35559.0,35460.202968750025,1355.3548437500012,2374.1615625000018,35574.80296875001
2026-04-24,07:35:00.000,2026-04-24 07:35:00,35442.98,1357.73,2376.05,35557.86,35459.08296875003,1355.3748437500012,2373.5215625000014,35573.66296875001
2026-04-24,07:36:00.000,2026-04-24 07:36:00,35444.33,1357.6,2376.81,35559.18,35453.945468750026,1355.007343750001,2374.5503125000014,35568.54921875002
2026-04-24,07:37:00.000,2026-04-24 07:37:00,35448.99,1357.62,2377.07,35563.84,35458.605468750015,1355.027343750001,2374.8103125000016,35573.20921875001
2026-04-24,07:38:00.000,2026-04-24 07:38:00,35450.17,1357.65,2377.14,35565.08,35459.78546875002,1355.0573437500013,2374.880312500001,35574.44921875002
2026-04-24,07:39:00.000,2026-04-24 07:39:00,35450.33,1357.73,2376.5,35565.19,35459.945468750026,1355.1373437500013,2374.2403125000014,35574.55921875002
2026-04-24,07:40:00.000,2026-04-24 07:40:00,35449.57,1357.89,2376.71,35564.45,35459.18546875002,1355.297343750001,2374.4503125000015,35573.81921875
2026-04-24,07:41:00.000,2026-04-24 07:41:00,35450.11,1357.85,2375.95,35564.91,35459.72546875002,1355.257343750001,2373.6903125000013,35574.27921875001
2026-04-24,07:42:00.000,2026-04-24 07:42:00,35452.52,1357.69,2375.55,35567.26,35462.13546875002,1355.0973437500013,2373.2903125000016,35576.629218750015
2026-04-24,07:43:00.000,2026-04-24 07:43:00,35454.29,1357.68,2375.33,35569.06,35463.905468750025,1355.087343750001,2373.0703125000014,35578.42921875
2026-04-24,07:44:00.000,2026-04-24 07:44:00,35454.19,1357.37,2374.96,35568.92,35462.61296875002,1355.361093750001,2374.5565625000017,35577.20421875001
2026-04-24,07:45:00.000,2026-04-24 07:45:00,35453.54,1357.29,2374.45,35568.24,35461.96296875003,1355.281093750001,2374.0465625000015,35576.52421875002
2026-04-24,07:46:00.000,2026-04-24 07:46:00,35452.66,1357.23,2374.4,35567.38,35461.08296875004,1355.221093750001,2373.9965625000023,35575.66421875001
2026-04-24,07:47:00.000,2026-04-24 07:47:00,35451.48,1357.22,2374.2,35566.2,35459.90296875003,1355.2110937500013,2373.7965625000015,35574.48421875
2026-04-24,07:48:00.000,2026-04-24 07:48:00,35449.49,1357.18,2374.41,35564.22,35457.91296875,1355.171093750001,2374.006562500001,35572.504218750015
2026-04-24,07:49:00.000,2026-04-24 07:49:00,35449.28,1357.14,2374.72,35564.02,35457.70296875001,1355.1310937500011,2374.3165625000015,35572.30421875002
2026-04-24,07:50:00.000,2026-04-24 07:50:00,35450.3,1356.76,2374.46,35565.01,35458.72296875001,1354.751093750001,2374.0565625000013,35573.29421875002
2026-04-24,07:51:00.000,2026-04-24 07:51:00,35448.91,1356.85,2374.61,35563.66,35457.33296875001,1354.8410937500007,2374.206562500001,35571.94421875002
2026-04-24,07:52:00.000,2026-04-24 07:52:00,35448.08,1356.78,2374.24,35562.83,35459.447968750035,1355.646093750001,2373.919062500001,35574.07671875002
2026-04-24,07:53:00.000,2026-04-24 07:53:00,35447.83,1356.69,2374.37,35562.56,35459.197968750035,1355.5560937500013,2374.049062500001,35573.80671875001
2026-04-24,07:54:00.000,2026-04-24 07:54:00,35447.35,1356.63,2374.19,35562.09,35458.717968750025,1355.4960937500011,2373.8690625000013,35573.33671875001
2026-04-24,07:55:00.000,2026-04-24 07:55:00,35446.97,1356.49,2374.29,35561.68,35458.33796875002,1355.3560937500008,2373.9690625000017,35572.92671875001
2026-04-24,07:56:00.000,2026-04-24 07:56:00,35447.7,1356.34,2374.0,35562.33,35459.067968750016,1355.206093750001,2373.6790625000017,35573.57671875001
2026-04-24,07:57:00.000,2026-04-24 07:57:00,35448.78,1355.92,2374.64,35563.48,35460.14796875002,1354.7860937500013,2374.319062500002,35574.72671875002
2026-04-24,07:58:00.000,2026-04-24 07:58:00,35449.9,1355.62,2374.49,35564.56,35461.26796875001,1354.486093750001,2374.169062500002,35575.806718750006
2026-04-24,07:59:00.000,2026-04-24 07:59:00,35449.68,1355.57,2375.33,35564.42,35461.04796875001,1354.4360937500012,2375.009062500002,35575.666718750006
2026-04-24,08:00:00.000,2026-04-24 08:00:00,35450.77,1355.47,2374.36,35565.4,35450.15896462659,1355.901286485361,2374.923632783547,35564.833466340824
2026-04-24,08:01:00.000,2026-04-24 08:01:00,35450.93,1355.39,2375.01,35565.64,35450.3189646266,1355.821286485361,2375.5736327835475,35565.07346634083
2026-04-24,08:02:00.000,2026-04-24 08:02:00,35450.66,1355.54,2374.74,35565.35,35450.04896462661,1355.9712864853607,2375.303632783547,35564.78346634082
2026-04-24,08:03:00.000,2026-04-24 08:03:00,35450.67,1355.19,2374.92,35565.34,35450.0589646266,1355.6212864853608,2375.4836327835474,35564.77346634083
2026-04-24,08:04:00.000,2026-04-24 08:04:00,35450.55,1355.2,2374.97,35565.24,35449.9389646266,1355.6312864853608,2375.5336327835466,35564.67346634083
2026-04-24,08:05:00.000,2026-04-24 08:05:00,35450.51,1355.28,2375.08,35565.19,35449.898964626605,1355.7112864853607,2375.643632783547,35564.62346634084
2026-04-24,08:06:00.000,2026-04-24 08:06:00,35450.57,1355.17,2375.18,35565.26,35449.958964626596,1355.6012864853608,2375.743632783546,35564.69346634084
2026-04-24,08:07:00.000,2026-04-24 08:07:00,35450.96,1355.23,2374.95,35565.64,35450.348964626595,1355.6612864853607,2375.5136327835467,35565.073466340844
2026-04-24,08:08:00.000,2026-04-24 08:08:00,35451.05,1354.9,2375.49,35565.75,35442.58036566441,1357.8109010146416,2374.5163829688686,35557.39436330152
2026-04-24,08:09:00.000,2026-04-24 08:09:00,35451.1,1354.79,2375.5,35565.79,35442.6303656644,1357.7009010146414,2374.526382968869,35557.434363301516
2026-04-24,08:10:00.000,2026-04-24 08:10:00,35454.15,1353.92,2375.79,35568.71,35445.68036566441,1356.8309010146415,2374.8163829688683,35560.35436330152
2026-04-24,08:11:00.000,2026-04-24 08:11:00,35467.76,1352.14,2377.27,35582.26,35459.29036566441,1355.0509010146413,2376.296382968869,35573.904363301524
2026-04-24,08:12:00.000,2026-04-24 08:12:00,35482.04,1350.49,2377.64,35596.51,35473.570365664404,1353.4009010146415,2376.666382968868,35588.15436330153
2026-04-24,08:13:00.000,2026-04-24 08:13:00,35487.9,1349.57,2378.25,35602.4,35479.430365664404,1352.4809010146414,2377.276382968869,35594.04436330153
2026-04-24,08:14:00.000,2026-04-24 08:14:00,35493.4,1348.21,2376.65,35607.78,35484.930365664404,1351.1209010146413,2375.6763829688684,35599.42436330152
2026-04-24,08:15:00.000,2026-04-24 08:15:00,35492.43,1348.71,2375.71,35606.79,35483.9603656644,1351.6209010146413,2374.736382968869,35598.43436330153
2026-04-24,08:16:00.000,2026-04-24 08:16:00,35493.18,1348.79,2373.34,35607.38,35471.03634787344,1352.4040260146414,2375.704992123796,35585.5949711592
2026-04-24,08:17:00.000,2026-04-24 08:17:00,35493.72,1348.66,2372.61,35607.9,35471.57634787344,1352.2740260146413,2374.9749921237953,35586.1149711592
2026-04-24,08:18:00.000,2026-04-24 08:18:00,35491.98,1349.13,2371.13,35606.09,35469.83634787344,1352.7440260146413,2373.4949921237962,35584.3049711592
2026-04-24,08:19:00.000,2026-04-24 08:19:00,35489.86,1350.06,2370.11,35603.97,35467.716347873444,1353.6740260146412,2372.474992123796,35582.18497115921
2026-04-24,08:20:00.000,2026-04-24 08:20:00,35487.77,1350.81,2369.38,35601.84,35465.62634787343,1354.4240260146412,2371.7449921237962,35580.054971159196
2026-04-24,08:21:00.000,2026-04-24 08:21:00,35484.25,1351.67,2369.06,35598.34,35462.10634787344,1355.2840260146413,2371.4249921237956,35576.554971159196
2026-04-24,08:22:00.000,2026-04-24 08:22:00,35482.14,1352.34,2368.93,35596.25,35459.99634787344,1355.954026014641,2371.294992123795,35574.4649711592
2026-04-24,08:23:00.000,2026-04-24 08:23:00,35480.0,1352.88,2368.37,35594.07,35457.85634787344,1356.4940260146413,2370.7349921237956,35572.28497115919
2026-04-24,08:24:00.000,2026-04-24 08:24:00,35477.67,1353.42,2368.6,35591.8,35463.38494683564,1354.5544114853606,2372.1574921237957,35577.80407419852
2026-04-24,08:25:00.000,2026-04-24 08:25:00,35476.67,1353.97,2368.65,35590.8,35462.38494683564,1355.1044114853607,2372.207492123796,35576.80407419852
2026-04-24,08:26:00.000,2026-04-24 08:26:00,35475.35,1354.28,2368.75,35589.51,35461.064946835635,1355.4144114853607,2372.3074921237953,35575.514074198516
2026-04-24,08:27:00.000,2026-04-24 08:27:00,35473.74,1354.78,2369.59,35587.98,35459.454946835634,1355.9144114853607,2373.1474921237955,35573.98407419852
2026-04-24,08:28:00.000,2026-04-24 08:28:00,35472.94,1355.43,2368.68,35587.15,35458.654946835646,1356.5644114853608,2372.2374921237956,35573.15407419852
2026-04-24,08:29:00.000,2026-04-24 08:29:00,35470.34,1355.75,2369.59,35584.63,35456.05494683564,1356.884411485361,2373.1474921237955,35570.63407419852
2026-04-24,08:30:00.000,2026-04-24 08:30:00,35469.23,1355.89,2369.49,35583.52,35454.944946835654,1357.0244114853608,2373.047492123795,35569.52407419852
2026-04-24,08:31:00.000,2026-04-24 08:31:00,35468.72,1356.09,2370.04,35583.04,35454.43494683566,1357.2244114853606,2373.5974921237953,35569.04407419852
2026-04-24,08:32:00.000,2026-04-24 08:32:00,35469.01,1356.35,2370.67,35583.36,35459.47445051893,1359.1371875000011,2374.0784607811356,35574.13654223037
2026-04-24,08:33:00.000,2026-04-24 08:33:00,35468.75,1356.52,2370.88,35583.14,35459.21445051892,1359.3071875000012,2374.2884607811357,35573.91654223037
2026-04-24,08:34:00.000,2026-04-24 08:34:00,35467.17,1356.96,2371.66,35581.64,35457.63445051891,1359.7471875000012,2375.068460781135,35572.41654223036
2026-04-24,08:35:00.000,2026-04-24 08:35:00,35466.11,1357.09,2371.88,35580.6,35456.574450518914,1359.877187500001,2375.288460781135,35571.37654223037
2026-04-24,08:36:00.000,2026-04-24 08:36:00,35465.22,1357.48,2371.66,35579.7,35455.68445051893,1360.267187500001,2375.0684607811354,35570.476542230375
2026-04-24,08:37:00.000,2026-04-24 08:37:00,35463.85,1357.47,2372.08,35578.35,35454.314450518934,1360.2571875000012,2375.4884607811355,35569.12654223037
2026-04-24,08:38:00.000,2026-04-24 08:38:00,35462.59,1357.61,2372.37,35577.12,35453.05445051893,1360.397187500001,2375.7784607811354,35567.89654223038
2026-04-24,08:39:00.000,2026-04-24 08:39:00,35461.07,1357.67,2372.37,35575.62,35451.53445051894,1360.457187500001,2375.7784607811354,35566.39654223038
2026-04-24,08:40:00.000,2026-04-24 08:40:00,35459.45,1357.78,2372.9,35574.03,35457.773049481126,1359.7396875000009,2374.7712109664576,35572.59564526968
2026-04-24,08:41:00.000,2026-04-24 08:41:00,35458.36,1357.86,2372.5,35572.92,35456.68304948113,1359.8196875000008,2374.371210966458,35571.48564526968
2026-04-24,08:42:00.000,2026-04-24 08:42:00,35456.44,1357.82,2372.93,35571.03,35454.76304948113,1359.7796875000013,2374.8012109664573,35569.595645269685
2026-04-24,08:43:00.000,2026-04-24 08:43:00,35455.39,1357.9,2373.51,35570.0,35453.71304948113,1359.8596875000012,2375.381210966458,35568.565645269686
2026-04-24,08:44:00.000,2026-04-24 08:44:00,35455.16,1357.93,2373.23,35569.75,35453.48304948114,1359.8896875000012,2375.1012109664584,35568.31564526968
2026-04-24,08:45:00.000,2026-04-24 08:45:00,35454.2,1358.13,2374.01,35568.86,35452.52304948113,1360.0896875000014,2375.881210966458,35567.42564526968
2026-04-24,08:46:00.000,2026-04-24 08:46:00,35454.05,1358.14,2373.29,35568.66,35452.373049481124,1360.0996875000014,2375.161210966458,35567.22564526968
2026-04-24,08:47:00.000,2026-04-24 08:47:00,35452.59,1358.21,2374.48,35567.28,35450.91304948112,1360.1696875000011,2376.3512109664584,35565.84564526968
2026-04-24,08:48:00.000,2026-04-24 08:48:00,35451.55,1358.53,2375.36,35566.38,35456.92312500003,1359.704687500001,2375.6022265335473,35571.731093750015
2026-04-24,08:49:00.000,2026-04-24 08:49:00,35451.81,1358.59,2374.96,35566.55,35457.183125000025,1359.764687500001,2375.2022265335468,35571.90109375003
2026-04-24,08:50:00.000,2026-04-24 08:50:00,35451.05,1358.57,2375.33,35565.84,35456.42312500004,1359.744687500001,2375.572226533547,35571.19109375002
2026-04-24,08:51:00.000,2026-04-24 08:51:00,35449.74,1358.82,2375.95,35564.55,35455.113125000025,1359.994687500001,2376.192226533547,35569.90109375003
2026-04-24,08:52:00.000,2026-04-24 08:52:00,35449.33,1358.65,2376.25,35564.18,35454.70312500003,1359.8246875000013,2376.4922265335467,35569.53109375003
2026-04-24,08:53:00.000,2026-04-24 08:53:00,35448.74,1358.88,2376.39,35563.6,35454.11312500003,1360.0546875000014,2376.632226533546,35568.95109375003
2026-04-24,08:54:00.000,2026-04-24 08:54:00,35447.79,1358.94,2376.83,35562.69,35453.163125000036,1360.1146875000013,2377.072226533547,35568.04109375003
2026-04-24,08:55:00.000,2026-04-24 08:55:00,35446.86,1359.07,2377.25,35561.8,35452.23312500003,1360.244687500001,2377.492226533547,35567.15109375003
2026-04-24,08:56:00.000,2026-04-24 08:56:00,35446.5,1359.17,2377.25,35561.44,35452.97062500003,1359.6659375000008,2375.954976718868,35567.76359375003
2026-04-24,08:57:00.000,2026-04-24 08:57:00,35447.22,1359.27,2377.71,35562.15,35453.69062500003,1359.7659375000007,2376.414976718868,35568.47359375002
2026-04-24,08:58:00.000,2026-04-24 08:58:00,35447.54,1359.28,2378.03,35562.52,35454.01062500004,1359.7759375000007,2376.7349767188684,35568.843593750025
2026-04-24,08:59:00.000,2026-04-24 08:59:00,35448.81,1359.19,2378.19,35563.77,35455.28062500003,1359.685937500001,2376.8949767188683,35570.093593750025
2026-04-24,09:00:00.000,2026-04-24 09:00:00,35448.89,1359.45,2378.47,35563.85,35455.36062500003,1359.9459375000015,2377.174976718869,35570.17359375002
2026-04-24,09:01:00.000,2026-04-24 09:01:00,35449.79,1359.52,2378.25,35564.75,35456.26062500004,1360.0159375000012,2376.9549767188687,35571.07359375003
2026-04-24,09:02:00.000,2026-04-24 09:02:00,35449.61,1359.71,2378.5,35564.61,35456.08062500003,1360.2059375000015,2377.204976718869,35570.93359375003
2026-04-24,09:03:00.000,2026-04-24 09:03:00,35449.73,1359.89,2378.49,35564.72,35456.20062500003,1360.3859375000013,2377.194976718869,35571.04359375003
2026-04-24,09:04:00.000,2026-04-24 09:04:00,35450.95,1359.93,2378.68,35565.95,35450.70687500003,1359.625937500001,2375.9321563426633,35565.51484375002
2026-04-24,09:05:00.000,2026-04-24 09:05:00,35453.42,1359.96,2379.06,35568.44,35453.176875000034,1359.6559375000008,2376.3121563426635,35568.00484375002
2026-04-24,09:06:00.000,2026-04-24 09:06:00,35455.22,1360.18,2379.04,35570.25,35454.97687500004,1359.8759375000013,2376.292156342664,35569.814843750035
2026-04-24,09:07:00.000,2026-04-24 09:07:00,35456.29,1360.26,2378.91,35571.32,35456.046875000044,1359.9559375000013,2376.162156342664,35570.88484375003
2026-04-24,09:08:00.000,2026-04-24 09:08:00,35456.75,1360.16,2378.68,35571.78,35456.506875000036,1359.8559375000011,2375.9321563426633,35571.34484375003
2026-04-24,09:09:00.000,2026-04-24 09:09:00,35456.24,1360.38,2378.84,35571.27,35455.996875000026,1360.075937500001,2376.092156342663,35570.83484375003
2026-04-24,09:10:00.000,2026-04-24 09:10:00,35456.01,1360.48,2378.38,35571.01,35455.76687500002,1360.175937500001,2375.632156342663,35570.57484375003
2026-04-24,09:11:00.000,2026-04-24 09:11:00,35456.92,1360.53,2377.39,35571.86,35456.67687500003,1360.2259375000008,2374.6421563426625,35571.42484375002
2026-04-24,09:12:00.000,2026-04-24 09:12:00,35456.98,1360.81,2377.13,35571.91,35455.69562500003,1359.6234375000013,2375.919406157341,35570.53234375003
2026-04-24,09:13:00.000,2026-04-24 09:13:00,35456.55,1360.94,2377.48,35571.49,35455.26562500004,1359.7534375000014,2376.2694061573416,35570.112343750014
2026-04-24,09:14:00.000,2026-04-24 09:14:00,35455.69,1360.99,2377.09,35570.61,35454.405625000036,1359.8034375000013,2375.8794061573412,35569.23234375003
2026-04-24,09:15:00.000,2026-04-24 09:15:00,35455.45,1361.37,2376.71,35570.35,35454.16562500003,1360.183437500001,2375.499406157341,35568.97234375002
2026-04-24,09:16:00.000,2026-04-24 09:16:00,35455.79,1361.28,2376.66,35570.68,35454.50562500003,1360.0934375000013,2375.44940615734,35569.30234375003
2026-04-24,09:17:00.000,2026-04-24 09:17:00,35456.34,1361.15,2376.92,35571.23,35455.05562500003,1359.9634375000012,2375.7094061573403,35569.85234375003
2026-04-24,09:18:00.000,2026-04-24 09:18:00,35456.55,1361.36,2377.0,35571.46,35455.26562500004,1360.1734375000012,2375.7894061573406,35570.08234375003
2026-04-24,09:19:00.000,2026-04-24 09:19:00,35456.78,1361.04,2377.42,35571.69,35455.49562500003,1359.853437500001,2376.2094061573407,35570.312343750025
2026-04-24,09:20:00.000,2026-04-24 09:20:00,35457.24,1361.37,2376.37,35572.11,35456.65437500003,1359.163437500001,2376.326406250002,35571.48359375003
2026-04-24,09:21:00.000,2026-04-24 09:21:00,35457.03,1361.5,2376.33,35571.9,35456.44437500002,1359.2934375000011,2376.286406250002,35571.273593750026
2026-04-24,09:22:00.000,2026-04-24 09:22:00,35455.14,1361.86,2376.1,35570.02,35454.554375000036,1359.653437500001,2376.0564062500025,35569.39359375003
2026-04-24,09:23:00.000,2026-04-24 09:23:00,35454.85,1362.24,2375.36,35569.68,35454.26437500003,1360.0334375000011,2375.3164062500027,35569.05359375003
2026-04-24,09:24:00.000,2026-04-24 09:24:00,35454.62,1362.39,2375.84,35569.49,35454.03437500004,1360.1834375000012,2375.7964062500023,35568.86359375002
2026-04-24,09:25:00.000,2026-04-24 09:25:00,35454.82,1362.61,2375.55,35569.65,35454.23437500004,1360.403437500001,2375.5064062500023,35569.023593750026
2026-04-24,09:26:00.000,2026-04-24 09:26:00,35455.81,1362.4,2375.23,35570.62,35455.224375000034,1360.193437500001,2375.1864062500026,35569.99359375003
2026-04-24,09:27:00.000,2026-04-24 09:27:00,35455.03,1362.73,2376.43,35569.94,35454.444375000036,1360.523437500001,2376.3864062500024,35569.313593750034
2026-04-24,09:28:00.000,2026-04-24 09:28:00,35454.96,1362.71,2375.64,35569.83,35456.441875000026,1359.9896875000013,2375.415156250002,35571.25234375003
2026-04-24,09:29:00.000,2026-04-24 09:29:00,35454.08,1362.71,2375.93,35568.95,35455.561875000036,1359.9896875000013,2375.705156250002,35570.37234375002
2026-04-24,09:30:00.000,2026-04-24 09:30:00,35452.81,1362.64,2376.46,35567.73,35454.29187500003,1359.9196875000011,2376.2351562500025,35569.15234375002
2026-04-24,09:31:00.000,2026-04-24 09:31:00,35452.41,1362.57,2376.17,35567.3,35453.89187500004,1359.849687500001,2375.9451562500026,35568.72234375003
2026-04-24,09:32:00.000,2026-04-24 09:32:00,35452.6,1362.79,2376.23,35567.49,35454.08187500003,1360.0696875000008,2376.0051562500025,35568.912343750024
2026-04-24,09:33:00.000,2026-04-24 09:33:00,35453.78,1362.42,2376.3,35568.63,35455.261875000026,1359.699687500001,2376.075156250003,35570.05234375002
2026-04-24,09:34:00.000,2026-04-24 09:34:00,35453.41,1362.75,2376.26,35568.3,35454.89187500003,1360.0296875000013,2376.0351562500027,35569.72234375003
2026-04-24,09:35:00.000,2026-04-24 09:35:00,35453.95,1362.62,2375.67,35568.79,35455.431875000024,1359.8996875000012,2375.4451562500026,35570.212343750034
2026-04-24,09:36:00.000,2026-04-24 09:36:00,35452.81,1363.09,2376.42,35567.73,35449.07937500004,1366.655468750001,2378.8021875000013,35564.17203125003
2026-04-24,09:37:00.000,2026-04-24 09:37:00,35453.05,1363.3,2375.48,35567.9,35449.31937500004,1366.8654687500011,2377.8621875000017,35564.34203125003
2026-04-24,09:38:00.000,2026-04-24 09:38:00,35452.5,1363.5,2376.02,35567.39,35448.76937500003,1367.0654687500014,2378.402187500001,35563.83203125003
2026-04-24,09:39:00.000,2026-04-24 09:39:00,35452.68,1363.73,2376.42,35567.59,35448.94937500004,1367.2954687500014,2378.8021875000018,35564.032031250026
2026-04-24,09:40:00.000,2026-04-24 09:40:00,35452.89,1363.82,2376.54,35567.81,35449.159375000025,1367.3854687500009,2378.9221875000017,35564.25203125002
2026-04-24,09:41:00.000,2026-04-24 09:41:00,35452.59,1364.19,2376.25,35567.5,35448.85937500002,1367.7554687500012,2378.6321875000017,35563.94203125002
2026-04-24,09:42:00.000,2026-04-24 09:42:00,35451.91,1364.47,2376.62,35566.84,35448.179375000036,1368.0354687500014,2379.002187500002,35563.28203125002
2026-04-24,09:43:00.000,2026-04-24 09:43:00,35451.29,1364.71,2376.97,35566.26,35447.559375000026,1368.2754687500012,2379.3521875000015,35562.70203125003
2026-04-24,09:44:00.000,2026-04-24 09:44:00,35450.04,1364.69,2377.18,35565.01,35448.09687500003,1367.4317187500012,2378.2134375000014,35563.187031250025
2026-04-24,09:45:00.000,2026-04-24 09:45:00,35449.54,1364.85,2377.24,35564.51,35447.59687500003,1367.591718750001,2378.273437500002,35562.687031250025
2026-04-24,09:46:00.000,2026-04-24 09:46:00,35450.2,1364.75,2377.28,35565.15,35448.25687500003,1367.4917187500012,2378.3134375000022,35563.32703125004
2026-04-24,09:47:00.000,2026-04-24 09:47:00,35450.63,1364.72,2377.15,35565.56,35448.686875000036,1367.4617187500014,2378.183437500002,35563.73703125003
2026-04-24,09:48:00.000,2026-04-24 09:48:00,35450.64,1364.56,2378.14,35565.61,35448.696875000045,1367.3017187500016,2379.173437500002,35563.78703125003
2026-04-24,09:49:00.000,2026-04-24 09:49:00,35451.49,1364.64,2377.95,35566.46,35449.54687500004,1367.3817187500015,2378.9834375000014,35564.63703125002
2026-04-24,09:50:00.000,2026-04-24 09:50:00,35451.67,1364.51,2378.05,35566.62,35449.72687500004,1367.2517187500014,2379.0834375000013,35564.79703125003
2026-04-24,09:51:00.000,2026-04-24 09:51:00,35451.21,1364.68,2378.52,35566.22,35449.266875000045,1367.4217187500014,2379.5534375000016,35564.397031250024
2026-04-24,09:52:00.000,2026-04-24 09:52:00,35451.79,1364.72,2378.05,35566.72,35447.209375000035,1366.7304687500014,2378.7921875000015,35562.27828125002
2026-04-24,09:53:00.000,2026-04-24 09:53:00,35452.55,1364.9,2377.97,35567.48,35447.969375000044,1366.9104687500012,2378.7121875000016,35563.03828125003
2026-04-24,09:54:00.000,2026-04-24 09:54:00,35452.97,1365.19,2377.81,35567.9,35448.389375000035,1367.2004687500014,2378.5521875000018,35563.45828125003
2026-04-24,09:55:00.000,2026-04-24 09:55:00,35453.15,1365.41,2378.23,35568.12,35448.56937500003,1367.4204687500012,2378.972187500002,35563.67828125003
2026-04-24,09:56:00.000,2026-04-24 09:56:00,35453.96,1365.42,2378.01,35568.91,35449.37937500003,1367.4304687500016,2378.752187500002,35564.46828125003
2026-04-24,09:57:00.000,2026-04-24 09:57:00,35453.77,1365.8,2377.96,35568.74,35449.18937500003,1367.8104687500013,2378.702187500002,35564.298281250034
2026-04-24,09:58:00.000,2026-04-24 09:58:00,35453.91,1365.82,2378.2,35568.87,35449.32937500004,1367.830468750001,2378.9421875000016,35564.42828125004
2026-04-24,09:59:00.000,2026-04-24 09:59:00,35454.42,1365.99,2377.61,35569.35,35449.83937500003,1368.0004687500011,2378.3521875000024,35564.908281250035
2026-04-24,10:00:00.000,2026-04-24 10:00:00,35453.67,1366.26,2378.08,35568.65,35450.39187500004,1366.8079687500012,2378.9384375000022,35565.47203125003
2026-04-24,10:01:00.000,2026-04-24 10:01:00,35452.83,1366.52,2377.93,35567.82,35449.55187500004,1367.067968750001,2378.7884375000017,35564.64203125003
2026-04-24,10:02:00.000,2026-04-24 10:02:00,35451.6,1366.74,2377.8,35566.59,35448.321875000045,1367.2879687500015,2378.6584375000016,35563.41203125004
2026-04-24,10:03:00.000,2026-04-24 10:03:00,35451.2,1366.83,2378.05,35566.21,35447.92187500005,1367.3779687500012,2378.9084375000016,35563.03203125003
2026-04-24,10:04:00.000,2026-04-24 10:04:00,35451.44,1367.03,2378.02,35566.44,35448.16187500003,1367.5779687500014,2378.878437500001,35563.26203125004
2026-04-24,10:05:00.000,2026-04-24 10:05:00,35451.46,1367.16,2378.38,35566.48,35448.18187500003,1367.7079687500016,2379.2384375000015,35563.30203125003
2026-04-24,10:06:00.000,2026-04-24 10:06:00,35451.84,1367.2,2377.59,35566.8,35448.56187500002,1367.7479687500013,2378.4484375000015,35563.62203125003
2026-04-24,10:07:00.000,2026-04-24 10:07:00,35452.06,1367.21,2377.06,35566.99,35448.78187500002,1367.7579687500015,2377.918437500002,35563.81203125002
2026-04-24,10:08:00.000,2026-04-24 10:08:00,35451.47,1367.46,2377.82,35566.48,35449.11937500004,1367.2967187500012,2378.250937500002,35564.17328125003
2026-04-24,10:09:00.000,2026-04-24 10:09:00,35451.47,1367.23,2377.88,35566.46,35449.11937500004,1367.0667187500012,2378.3109375000013,35564.15328125002
2026-04-24,10:10:00.000,2026-04-24 10:10:00,35451.3,1367.41,2377.95,35566.28,35448.94937500004,1367.2467187500015,2378.3809375000014,35563.97328125002
2026-04-24,10:11:00.000,2026-04-24 10:11:00,35450.99,1367.53,2378.39,35566.04,35448.63937500003,1367.3667187500014,2378.820937500002,35563.73328125002
2026-04-24,10:12:00.000,2026-04-24 10:12:00,35451.44,1367.56,2378.11,35566.48,35449.08937500003,1367.396718750001,2378.5409375000013,35564.173281250034
2026-04-24,10:13:00.000,2026-04-24 10:13:00,35451.25,1367.7,2378.53,35566.32,35448.89937500003,1367.5367187500012,2378.9609375000014,35564.01328125003
2026-04-24,10:14:00.000,2026-04-24 10:14:00,35450.79,1367.81,2378.71,35565.87,35448.43937500003,1367.6467187500011,2379.140937500001,35563.56328125004
2026-04-24,10:15:00.000,2026-04-24 10:15:00,35449.97,1367.94,2378.94,35565.08,35447.619375000024,1367.7767187500012,2379.3709375000017,35562.77328125003
2026-04-24,10:16:00.000,2026-04-24 10:16:00,35449.3,1368.08,2378.87,35564.4,35451.250625000044,1366.545468750001,2378.8359375000014,35566.30703125004
2026-04-24,10:17:00.000,2026-04-24 10:17:00,35449.07,1368.39,2378.26,35564.11,35451.020625000034,1366.8554687500014,2378.2259375000017,35566.017031250034
2026-04-24,10:18:00.000,2026-04-24 10:18:00,35448.17,1368.77,2378.61,35563.31,35450.120625000025,1367.2354687500015,2378.5759375000016,35565.21703125004
2026-04-24,10:19:00.000,2026-04-24 10:19:00,35447.5,1368.86,2378.42,35562.6,35449.45062500003,1367.3254687500012,2378.385937500002,35564.50703125003
2026-04-24,10:20:00.000,2026-04-24 10:20:00,35446.34,1368.88,2379.01,35561.49,35448.29062500003,1367.3454687500011,2378.975937500002,35563.39703125003
2026-04-24,10:21:00.000,2026-04-24 10:21:00,35445.63,1369.28,2378.51,35560.75,35447.580625000024,1367.7454687500012,2378.475937500002,35562.657031250026
2026-04-24,10:22:00.000,2026-04-24 10:22:00,35444.43,1369.55,2378.97,35559.6,35446.38062500004,1368.0154687500012,2378.9359375000013,35561.50703125002
2026-04-24,10:23:00.000,2026-04-24 10:23:00,35443.83,1369.8,2379.4,35559.04,35445.780625000036,1368.2654687500012,2379.3659375000016,35560.94703125002
2026-04-24,10:24:00.000,2026-04-24 10:24:00,35442.75,1370.07,2380.17,35558.03,35449.05437500003,1366.8454687500014,2378.232062407341,35564.115781250024
2026-04-24,10:25:00.000,2026-04-24 10:25:00,35442.91,1370.3,2379.9,35558.16,35449.21437500003,1367.0754687500014,2377.9620624073405,35564.24578125003
2026-04-24,10:26:00.000,2026-04-24 10:26:00,35442.93,1370.42,2380.57,35558.22,35449.23437500003,1367.1954687500015,2378.6320624073405,35564.30578125003
2026-04-24,10:27:00.000,2026-04-24 10:27:00,35442.51,1370.62,2380.43,35557.81,35448.81437500003,1367.3954687500013,2378.49206240734,35563.89578125002
2026-04-24,10:28:00.000,2026-04-24 10:28:00,35442.02,1370.69,2381.0,35557.36,35448.32437500003,1367.4654687500013,2379.062062407341,35563.44578125004
2026-04-24,10:29:00.000,2026-04-24 10:29:00,35442.11,1370.9,2380.77,35557.41,35448.41437500003,1367.6754687500013,2378.8320624073413,35563.49578125004
2026-04-24,10:30:00.000,2026-04-24 10:30:00,35442.17,1370.93,2381.3,35557.5,35448.474375000034,1367.7054687500013,2379.362062407341,35563.585781250025
2026-04-24,10:31:00.000,2026-04-24 10:31:00,35442.04,1371.2,2381.06,35557.38,35448.34437500003,1367.9754687500013,2379.122062407341,35563.46578125003
2026-04-24,10:32:00.000,2026-04-24 10:32:00,35442.06,1371.04,2381.08,35557.38,35449.68812500003,1367.0967187500014,2377.6048125926627,35564.69453125003
2026-04-24,10:33:00.000,2026-04-24 10:33:00,35441.94,1371.13,2380.87,35557.24,35449.568125000034,1367.1867187500015,2377.3948125926627,35564.55453125003
2026-04-24,10:34:00.000,2026-04-24 10:34:00,35441.36,1371.03,2381.96,35556.74,35448.98812500003,1367.0867187500012,2378.484812592663,35564.054531250025
2026-04-24,10:35:00.000,2026-04-24 10:35:00,35440.97,1371.18,2381.48,35556.33,35448.59812500003,1367.2367187500013,2378.0048125926623,35563.64453125002
2026-04-24,10:36:00.000,2026-04-24 10:36:00,35440.26,1371.29,2382.65,35555.69,35447.888125000034,1367.3467187500012,2379.174812592663,35563.00453125004
2026-04-24,10:37:00.000,2026-04-24 10:37:00,35440.24,1371.61,2383.07,35555.69,35447.86812500003,1367.6667187500013,2379.594812592663,35563.00453125004
2026-04-24,10:38:00.000,2026-04-24 10:38:00,35441.03,1371.55,2383.11,35556.48,35448.65812500004,1367.6067187500014,2379.634812592663,35563.79453125004
2026-04-24,10:39:00.000,2026-04-24 10:39:00,35440.99,1372.05,2383.44,35556.49,35448.61812500003,1368.1067187500014,2379.964812592663,35563.80453125003
2026-04-24,10:40:00.000,2026-04-24 10:40:00,35441.38,1372.06,2383.56,35556.88,35431.91468750002,1374.4492187500011,2387.0111249073407,35547.68109375002
2026-04-24,10:41:00.000,2026-04-24 10:41:00,35441.09,1372.27,2383.56,35556.6,35431.624687500014,1374.6592187500012,2387.0111249073407,35547.40109375002
2026-04-24,10:42:00.000,2026-04-24 10:42:00,35440.38,1372.54,2383.82,35555.92,35430.914687500015,1374.9292187500012,2387.2711249073413,35546.72109375002
2026-04-24,10:43:00.000,2026-04-24 10:43:00,35439.9,1372.6,2383.35,35555.41,35430.43468750002,1374.989218750001,2386.801124907341,35546.211093750026
2026-04-24,10:44:00.000,2026-04-24 10:44:00,35438.84,1372.85,2383.45,35554.35,35429.374687500014,1375.239218750001,2386.901124907341,35545.15109375001
2026-04-24,10:45:00.000,2026-04-24 10:45:00,35438.29,1373.02,2384.08,35553.86,35428.824687500026,1375.4092187500012,2387.531124907341,35544.66109375001
2026-04-24,10:46:00.000,2026-04-24 10:46:00,35437.84,1373.39,2384.17,35553.43,35428.37468750002,1375.7792187500013,2387.621124907341,35544.231093750015
2026-04-24,10:47:00.000,2026-04-24 10:47:00,35436.86,1373.73,2385.13,35552.51,35427.394687500026,1376.1192187500014,2388.581124907341,35543.31109375002
2026-04-24,10:48:00.000,2026-04-24 10:48:00,35436.82,1373.89,2385.46,35552.51,35431.452187500014,1374.2417187500014,2387.3738750926627,35547.201093750016
2026-04-24,10:49:00.000,2026-04-24 10:49:00,35436.84,1374.25,2385.44,35552.55,35431.47218750002,1374.601718750001,2387.3538750926623,35547.24109375001
2026-04-24,10:50:00.000,2026-04-24 10:50:00,35436.25,1374.52,2385.57,35551.99,35430.88218750002,1374.8717187500013,2387.483875092663,35546.68109375001
2026-04-24,10:51:00.000,2026-04-24 10:51:00,35435.53,1374.73,2385.87,35551.3,35430.16218750002,1375.0817187500013,2387.783875092662,35545.99109375001
2026-04-24,10:52:00.000,2026-04-24 10:52:00,35434.73,1374.98,2386.19,35550.53,35429.362187500024,1375.3317187500013,2388.103875092663,35545.22109375002
2026-04-24,10:53:00.000,2026-04-24 10:53:00,35434.22,1375.25,2385.76,35549.99,35428.852187500015,1375.6017187500013,2387.673875092663,35544.68109375001
2026-04-24,10:54:00.000,2026-04-24 10:54:00,35433.61,1375.45,2385.99,35549.39,35428.242187500015,1375.8017187500013,2387.903875092663,35544.081093750014
2026-04-24,10:55:00.000,2026-04-24 10:55:00,35433.8,1375.69,2385.96,35549.58,35428.43218750002,1376.041718750001,2387.873875092663,35544.271093750016
2026-04-24,10:56:00.000,2026-04-24 10:56:00,35432.89,1376.03,2386.39,35548.73,35429.367187500015,1374.791718750001,2387.3887500000014,35545.18484375002
2026-04-24,10:57:00.000,2026-04-24 10:57:00,35434.26,1376.15,2385.88,35550.03,35430.737187500024,1374.9117187500015,2386.878750000001,35546.48484375001
2026-04-24,10:58:00.000,2026-04-24 10:58:00,35433.78,1376.34,2386.59,35549.62,35430.25718750001,1375.101718750001,2387.588750000002,35546.07484375002
2026-04-24,10:59:00.000,2026-04-24 10:59:00,35433.7,1376.68,2386.01,35549.52,35430.177187500005,1375.4417187500012,2387.0087500000022,35545.97484375002
2026-04-24,11:00:00.000,2026-04-24 11:00:00,35433.31,1376.44,2386.9,35549.17,35429.78718750002,1375.2017187500012,2387.898750000002,35545.62484375002
2026-04-24,11:01:00.000,2026-04-24 11:01:00,35433.25,1376.55,2386.82,35549.1,35429.72718750002,1375.3117187500013,2387.818750000002,35545.55484375001
2026-04-24,11:02:00.000,2026-04-24 11:02:00,35432.9,1376.59,2386.95,35548.76,35429.377187500024,1375.3517187500013,2387.9487500000014,35545.21484375002
2026-04-24,11:03:00.000,2026-04-24 11:03:00,35432.95,1376.7,2386.61,35548.8,35429.42718750001,1375.4617187500014,2387.6087500000012,35545.254843750015
2026-04-24,11:04:00.000,2026-04-24 11:04:00,35432.33,1376.84,2386.96,35548.2,35431.65593750002,1375.1879687500011,2387.458750000002,35547.48484375001
2026-04-24,11:05:00.000,2026-04-24 11:05:00,35432.08,1376.69,2387.17,35547.95,35431.40593750002,1375.037968750001,2387.668750000002,35547.23484375001
2026-04-24,11:06:00.000,2026-04-24 11:06:00,35431.74,1376.79,2386.64,35547.58,35431.06593750001,1375.1379687500014,2387.1387500000014,35546.864843750016
2026-04-24,11:07:00.000,2026-04-24 11:07:00,35430.88,1376.82,2386.49,35546.7,35430.20593750001,1375.1679687500016,2386.988750000002,35545.98484375001
2026-04-24,11:08:00.000,2026-04-24 11:08:00,35429.79,1376.89,2387.04,35545.65,35429.11593750001,1375.237968750001,2387.5387500000015,35544.934843750016
2026-04-24,11:09:00.000,2026-04-24 11:09:00,35429.33,1376.98,2387.14,35545.19,35428.65593750002,1375.3279687500012,2387.638750000001,35544.474843750024
2026-04-24,11:10:00.000,2026-04-24 11:10:00,35429.22,1376.95,2387.05,35545.06,35428.545937500014,1375.2979687500017,2387.5487500000013,35544.34484375002
2026-04-24,11:11:00.000,2026-04-24 11:11:00,35428.88,1376.83,2387.66,35544.76,35428.20593750002,1375.1779687500014,2388.158750000001,35544.044843750016
2026-04-24,11:12:00.000,2026-04-24 11:12:00,35429.15,1376.71,2387.02,35545.0,35430.889687500014,1375.676718750001,2387.270000000002,35546.73984375001
2026-04-24,11:13:00.000,2026-04-24 11:13:00,35428.63,1376.7,2387.88,35544.51,35430.36968750001,1375.6667187500009,2388.1300000000015,35546.24984375002
2026-04-24,11:14:00.000,2026-04-24 11:14:00,35428.98,1376.39,2387.17,35544.78,35430.719687500015,1375.3567187500014,2387.420000000002,35546.519843750015
2026-04-24,11:15:00.000,2026-04-24 11:15:00,35428.83,1376.23,2386.89,35544.62,35430.56968750002,1375.196718750001,2387.1400000000012,35546.35984375001
2026-04-24,11:16:00.000,2026-04-24 11:16:00,35428.1,1376.04,2387.52,35543.92,35429.83968750001,1375.0067187500015,2387.7700000000013,35545.659843750014
2026-04-24,11:17:00.000,2026-04-24 11:17:00,35427.58,1375.96,2387.08,35543.36,35429.31968750002,1374.9267187500016,2387.3300000000017,35545.09984375002
2026-04-24,11:18:00.000,2026-04-24 11:18:00,35426.57,1375.91,2387.84,35542.41,35428.30968750002,1374.8767187500011,2388.090000000002,35544.14984375003
2026-04-24,11:19:00.000,2026-04-24 11:19:00,35427.1,1375.9,2386.74,35542.85,35428.83968750002,1374.8667187500014,2386.9900000000016,35544.589843750015
2026-04-24,11:20:00.000,2026-04-24 11:20:00,35426.3,1375.62,2387.91,35542.11,35430.06468750002,1375.529218750001,2386.9400000000014,35545.85359375001
2026-04-24,11:21:00.000,2026-04-24 11:21:00,35426.16,1375.58,2387.71,35541.95,35429.92468750002,1375.489218750001,2386.7400000000016,35545.69359375001
2026-04-24,11:22:00.000,2026-04-24 11:22:00,35425.96,1375.48,2388.28,35541.79,35429.72468750002,1375.3892187500016,2387.3100000000013,35545.533593750006
2026-04-24,11:23:00.000,2026-04-24 11:23:00,35426.08,1375.44,2388.3,35541.91,35429.844687500015,1375.3492187500017,2387.3300000000017,35545.653593750016
2026-04-24,11:24:00.000,2026-04-24 11:24:00,35426.25,1375.24,2388.62,35542.08,35430.01468750001,1375.1492187500014,2387.6500000000015,35545.82359375002
2026-04-24,11:25:00.000,2026-04-24 11:25:00,35425.93,1375.11,2388.94,35541.8,35429.694687500014,1375.0192187500013,2387.970000000002,35545.54359375002
2026-04-24,11:26:00.000,2026-04-24 11:26:00,35425.87,1374.96,2389.14,35541.74,35429.63468750002,1374.8692187500012,2388.1700000000014,35545.48359375002
2026-04-24,11:27:00.000,2026-04-24 11:27:00,35426.19,1374.87,2389.0,35542.04,35429.954687500016,1374.779218750001,2388.030000000002,35545.78359375002
2026-04-24,11:28:00.000,2026-04-24 11:28:00,35425.81,1374.66,2389.77,35541.7,35430.95718750001,1375.3004687500015,2387.4673749073413,35546.78109375002
2026-04-24,11:29:00.000,2026-04-24 11:29:00,35425.75,1374.56,2389.43,35541.61,35430.89718750001,1375.2004687500012,2387.127374907341,35546.69109375002
2026-04-24,11:30:00.000,2026-04-24 11:30:00,35425.08,1374.55,2389.7,35540.96,35430.227187500015,1375.1904687500014,2387.3973749073407,35546.04109375001
2026-04-24,11:31:00.000,2026-04-24 11:31:00,35424.99,1374.62,2389.31,35540.83,35430.137187500004,1375.260468750001,2387.0073749073413,35545.91109375002
2026-04-24,11:32:00.000,2026-04-24 11:32:00,35424.57,1374.5,2389.83,35540.44,35429.71718750003,1375.1404687500012,2387.527374907341,35545.52109375001
2026-04-24,11:33:00.000,2026-04-24 11:33:00,35424.24,1374.56,2389.81,35540.11,35429.387187500026,1375.2004687500012,2387.5073749073413,35545.19109375001
2026-04-24,11:34:00.000,2026-04-24 11:34:00,35423.92,1374.49,2390.0,35539.82,35429.06718750002,1375.1304687500015,2387.697374907341,35544.90109375
2026-04-24,11:35:00.000,2026-04-24 11:35:00,35423.32,1374.51,2390.43,35539.25,35428.46718750001,1375.1504687500014,2388.127374907341,35544.33109375001
2026-04-24,11:36:00.000,2026-04-24 11:36:00,35422.78,1374.56,2390.75,35538.72,35431.158437500024,1375.1929687500012,2386.910125092663,35546.92359375001
2026-04-24,11:37:00.000,2026-04-24 11:37:00,35422.56,1374.41,2390.88,35538.5,35430.93843750002,1375.0429687500011,2387.040125092663,35546.70359375001
2026-04-24,11:38:00.000,2026-04-24 11:38:00,35422.36,1374.4,2390.57,35538.29,35430.73843750001,1375.0329687500014,2386.7301250926625,35546.49359375002
2026-04-24,11:39:00.000,2026-04-24 11:39:00,35421.55,1374.33,2391.31,35537.52,35429.92843750001,1374.9629687500012,2387.4701250926623,35545.723593750015
2026-04-24,11:40:00.000,2026-04-24 11:40:00,35421.11,1374.52,2391.24,35537.1,35429.48843750002,1375.1529687500013,2387.4001250926626,35545.30359375001
2026-04-24,11:41:00.000,2026-04-24 11:41:00,35420.65,1374.6,2391.91,35536.68,35429.02843750003,1375.2329687500012,2388.0701250926627,35544.88359375001
2026-04-24,11:42:00.000,2026-04-24 11:42:00,35420.8,1374.71,2391.9,35536.83,35429.17843750002,1375.3429687500013,2388.0601250926625,35545.03359375001
2026-04-24,11:43:00.000,2026-04-24 11:43:00,35420.02,1374.98,2392.58,35536.1,35428.39843750001,1375.6129687500013,2388.7401250926628,35544.30359375002
2026-04-24,11:44:00.000,2026-04-24 11:44:00,35420.31,1374.88,2392.53,35536.37,35409.06109375002,1376.7146875000008,2396.512046191626,35525.41671875003
2026-04-24,11:45:00.000,2026-04-24 11:45:00,35419.7,1375.04,2392.98,35535.81,35408.451093750016,1376.8746875000006,2396.9620461916256,35524.85671875003
2026-04-24,11:46:00.000,2026-04-24 11:46:00,35419.23,1375.28,2393.1,35535.37,35407.98109375002,1377.114687500001,2397.082046191625,35524.41671875003
2026-04-24,11:47:00.000,2026-04-24 11:47:00,35418.68,1375.39,2393.15,35534.82,35407.43109375002,1377.2246875000012,2397.1320461916252,35523.866718750025
2026-04-24,11:48:00.000,2026-04-24 11:48:00,35417.52,1375.6,2393.28,35533.68,35406.27109375001,1377.434687500001,2397.262046191626,35522.72671875003
2026-04-24,11:49:00.000,2026-04-24 11:49:00,35417.04,1375.65,2393.1,35533.19,35405.79109375001,1377.4846875000012,2397.0820461916255,35522.23671875003
2026-04-24,11:50:00.000,2026-04-24 11:50:00,35416.24,1375.93,2393.46,35532.45,35404.99109375001,1377.7646875000012,2397.442046191625,35521.49671875003
2026-04-24,11:51:00.000,2026-04-24 11:51:00,35416.47,1376.22,2392.81,35532.62,35405.22109375002,1378.0546875000011,2396.7920461916246,35521.66671875004
2026-04-24,11:52:00.000,2026-04-24 11:52:00,35415.84,1376.19,2393.38,35531.98,35408.30234375002,1376.898437500001,2396.073296191626,35524.62421875003
2026-04-24,11:53:00.000,2026-04-24 11:53:00,35415.63,1376.28,2393.57,35531.8,35408.09234375002,1376.988437500001,2396.2632961916256,35524.444218750024
2026-04-24,11:54:00.000,2026-04-24 11:54:00,35414.95,1376.46,2394.29,35531.2,35407.412343750024,1377.1684375000011,2396.9832961916254,35523.844218750026
2026-04-24,11:55:00.000,2026-04-24 11:55:00,35414.81,1376.6,2393.78,35531.02,35407.272343750024,1377.308437500001,2396.473296191625,35523.66421875002
2026-04-24,11:56:00.000,2026-04-24 11:56:00,35414.1,1376.68,2394.44,35530.38,35406.56234375002,1377.3884375000011,2397.1332961916255,35523.02421875003
2026-04-24,11:57:00.000,2026-04-24 11:57:00,35413.57,1376.9,2394.95,35529.9,35406.03234375002,1377.608437500001,2397.6432961916257,35522.54421875004
2026-04-24,11:58:00.000,2026-04-24 11:58:00,35413.27,1376.96,2395.17,35529.6,35405.73234375,1377.6684375000011,2397.8632961916255,35522.24421875003
2026-04-24,11:59:00.000,2026-04-24 11:59:00,35413.33,1376.93,2395.14,35529.65,35405.792343750014,1377.638437500001,2397.833296191625,35522.29421875003
2026-04-24,12:00:00.000,2026-04-24 12:00:00,35412.93,1377.02,2395.31,35529.27,35407.91609375003,1377.130937500001,2396.6332961916255,35524.33171875002
2026-04-24,12:01:00.000,2026-04-24 12:01:00,35412.44,1377.13,2395.58,35528.79,35407.42609375002,1377.240937500001,2396.903296191625,35523.851718750026
2026-04-24,12:02:00.000,2026-04-24 12:02:00,35412.4,1377.19,2395.2,35528.72,35407.38609375003,1377.3009375000008,2396.5232961916254,35523.781718750026
2026-04-24,12:03:00.000,2026-04-24 12:03:00,35411.78,1377.3,2395.85,35528.15,35406.76609375002,1377.410937500001,2397.173296191626,35523.21171875003
2026-04-24,12:04:00.000,2026-04-24 12:04:00,35411.81,1377.28,2395.62,35528.14,35406.79609375002,1377.390937500001,2396.9432961916254,35523.20171875003
2026-04-24,12:05:00.000,2026-04-24 12:05:00,35411.4,1377.28,2395.97,35527.78,35406.386093750014,1377.390937500001,2397.293296191625,35522.84171875003
2026-04-24,12:06:00.000,2026-04-24 12:06:00,35411.52,1377.3,2395.99,35527.89,35406.50609375,1377.410937500001,2397.313296191626,35522.95171875004
2026-04-24,12:07:00.000,2026-04-24 12:07:00,35411.03,1377.28,2396.16,35527.45,35406.01609375001,1377.390937500001,2397.483296191626,35522.51171875004
2026-04-24,12:08:00.000,2026-04-24 12:08:00,35410.54,1377.24,2396.35,35526.96,35408.26734375001,1377.114687500001,2396.963296191625,35524.709218750024
2026-04-24,12:09:00.000,2026-04-24 12:09:00,35410.03,1377.42,2396.46,35526.43,35407.75734375,1377.294687500001,2397.0732961916256,35524.179218750025
2026-04-24,12:10:00.000,2026-04-24 12:10:00,35409.95,1377.3,2396.55,35526.35,35407.677343750016,1377.174687500001,2397.1632961916252,35524.09921875003
2026-04-24,12:11:00.000,2026-04-24 12:11:00,35409.34,1377.53,2396.77,35525.76,35407.067343750015,1377.404687500001,2397.3832961916255,35523.509218750034
2026-04-24,12:12:00.000,2026-04-24 12:12:00,35409.57,1377.41,2395.9,35525.94,35407.29734375002,1377.2846875000014,2396.5132961916256,35523.68921875003
2026-04-24,12:13:00.000,2026-04-24 12:13:00,35408.28,1377.62,2396.96,35524.74,35406.007343750025,1377.494687500001,2397.573296191626,35522.48921875003
2026-04-24,12:14:00.000,2026-04-24 12:14:00,35408.18,1377.45,2396.19,35524.59,35405.90734375002,1377.3246875000011,2396.803296191626,35522.33921875003
2026-04-24,12:15:00.000,2026-04-24 12:15:00,35407.49,1377.7,2396.18,35523.92,35405.21734375002,1377.5746875000011,2396.793296191626,35521.66921875003
2026-04-24,12:16:00.000,2026-04-24 12:16:00,35406.93,1377.6,2396.86,35523.37,35408.37609375001,1377.2521875000011,2396.5125162157174,35524.777968750044
2026-04-24,12:17:00.000,2026-04-24 12:17:00,35406.61,1377.62,2396.56,35523.04,35408.05609375002,1377.272187500001,2396.212516215717,35524.44796875004
2026-04-24,12:18:00.000,2026-04-24 12:18:00,35405.95,1377.58,2397.3,35522.43,35407.396093750016,1377.2321875000011,2396.9525162157174,35523.837968750035
2026-04-24,12:19:00.000,2026-04-24 12:19:00,35405.63,1377.57,2397.28,35522.1,35407.07609375002,1377.222187500001,2396.932516215718,35523.50796875003
2026-04-24,12:20:00.000,2026-04-24 12:20:00,35405.32,1377.79,2396.8,35521.75,35406.76609375002,1377.4421875000007,2396.452516215717,35523.15796875003
2026-04-24,12:21:00.000,2026-04-24 12:21:00,35404.68,1377.7,2397.84,35521.17,35406.12609375002,1377.352187500001,2397.492516215717,35522.577968750025
2026-04-24,12:22:00.000,2026-04-24 12:22:00,35404.53,1377.79,2397.79,35521.04,35405.97609375001,1377.4421875000007,2397.4425162157177,35522.44796875002
2026-04-24,12:23:00.000,2026-04-24 12:23:00,35403.98,1377.8,2398.26,35520.52,35405.42609375002,1377.452187500001,2397.912516215718,35521.92796875002
2026-04-24,12:24:00.000,2026-04-24 12:24:00,35403.45,1377.73,2398.64,35520.0,35408.573593750014,1377.1909375000012,2396.755266401039,35524.99171875003
2026-04-24,12:25:00.000,2026-04-24 12:25:00,35402.7,1377.85,2398.99,35519.27,35407.823593750014,1377.310937500001,2397.1052664010385,35524.26171875002
2026-04-24,12:26:00.000,2026-04-24 12:26:00,35402.43,1377.91,2398.68,35518.98,35407.553593750024,1377.3709375000012,2396.795266401039,35523.971718750036
2026-04-24,12:27:00.000,2026-04-24 12:27:00,35402.22,1377.84,2399.2,35518.79,35407.34359375002,1377.300937500001,2397.3152664010386,35523.78171875003
2026-04-24,12:28:00.000,2026-04-24 12:28:00,35401.89,1377.81,2399.19,35518.46,35407.013593750016,1377.2709375000009,2397.3052664010393,35523.451718750024
2026-04-24,12:29:00.000,2026-04-24 12:29:00,35401.0,1377.84,2399.77,35517.59,35406.12359375002,1377.300937500001,2397.885266401039,35522.58171875003
2026-04-24,12:30:00.000,2026-04-24 12:30:00,35400.54,1377.91,2399.27,35517.11,35405.66359375002,1377.370937500001,2397.385266401039,35522.101718750026
2026-04-24,12:31:00.000,2026-04-24 12:31:00,35399.98,1378.09,2399.43,35516.55,35405.10359375002,1377.5509375000008,2397.545266401039,35521.54171875003
2026-04-24,12:32:00.000,2026-04-24 12:32:00,35399.61,1378.13,2399.53,35516.2,35407.73359375002,1377.3246875000013,2396.5538913083788,35524.14046875002
2026-04-24,12:33:00.000,2026-04-24 12:33:00,35398.96,1378.38,2399.4,35515.54,35407.08359375002,1377.5746875000013,2396.4238913083786,35523.48046875003
2026-04-24,12:34:00.000,2026-04-24 12:34:00,35398.52,1378.32,2399.72,35515.13,35406.643593750014,1377.5146875000012,2396.7438913083784,35523.070468750026
2026-04-24,12:35:00.000,2026-04-24 12:35:00,35398.63,1378.41,2399.81,35515.24,35406.753593750014,1377.6046875000013,2396.8338913083785,35523.180468750026
2026-04-24,12:36:00.000,2026-04-24 12:36:00,35398.61,1378.19,2400.43,35515.25,35406.73359375002,1377.3846875000008,2397.4538913083775,35523.190468750036
2026-04-24,12:37:00.000,2026-04-24 12:37:00,35398.89,1378.01,2400.51,35515.52,35407.013593750016,1377.204687500001,2397.5338913083774,35523.46046875004
2026-04-24,12:38:00.000,2026-04-24 12:38:00,35398.66,1377.96,2400.73,35515.31,35406.78359375002,1377.154687500001,2397.7538913083777,35523.25046875003
2026-04-24,12:39:00.000,2026-04-24 12:39:00,35398.33,1377.71,2400.68,35514.97,35406.45359375002,1376.904687500001,2397.7038913083775,35522.91046875004
2026-04-24,12:40:00.000,2026-04-24 12:40:00,35397.82,1377.84,2400.41,35514.45,35409.199843750015,1377.003437500001,2397.0063913083786,35525.607968750024
2026-04-24,12:41:00.000,2026-04-24 12:41:00,35397.39,1377.66,2400.45,35514.02,35408.76984375002,1376.823437500001,2397.0463913083786,35525.17796875002
2026-04-24,12:42:00.000,2026-04-24 12:42:00,35396.73,1377.91,2400.23,35513.36,35408.10984375002,1377.0734375000013,2396.8263913083783,35524.517968750035
2026-04-24,12:43:00.000,2026-04-24 12:43:00,35395.6,1378.03,2400.6,35512.25,35406.979843750014,1377.1934375000012,2397.196391308378,35523.407968750034
2026-04-24,12:44:00.000,2026-04-24 12:44:00,35394.88,1378.32,2400.57,35511.54,35406.25984375001,1377.483437500001,2397.166391308378,35522.697968750035
2026-04-24,12:45:00.000,2026-04-24 12:45:00,35394.39,1378.39,2400.43,35511.06,35405.76984375001,1377.553437500001,2397.0263913083777,35522.217968750025
2026-04-24,12:46:00.000,2026-04-24 12:46:00,35394.04,1378.63,2400.5,35510.71,35405.41984375002,1377.7934375000011,2397.096391308378,35521.86796875003
2026-04-24,12:47:00.000,2026-04-24 12:47:00,35393.31,1378.58,2401.04,35510.03,35404.68984375001,1377.743437500001,2397.636391308378,35521.18796875004
2026-04-24,12:48:00.000,2026-04-24 12:48:00,35393.08,1378.47,2400.85,35509.79,35386.48968750004,1379.0934375000013,2405.243171098965,35503.538906250025
2026-04-24,12:49:00.000,2026-04-24 12:49:00,35392.61,1378.57,2401.06,35509.37,35386.01968750004,1379.1934375000012,2405.453171098965,35503.11890625003
2026-04-24,12:50:00.000,2026-04-24 12:50:00,35391.96,1378.52,2401.47,35508.72,35385.36968750003,1379.1434375000013,2405.8631710989653,35502.46890625003
2026-04-24,12:51:00.000,2026-04-24 12:51:00,35391.33,1378.57,2402.03,35508.12,35384.73968750003,1379.193437500001,2406.4231710989657,35501.86890625003
2026-04-24,12:52:00.000,2026-04-24 12:52:00,35391.07,1378.52,2402.44,35507.88,35384.47968750002,1379.1434375000017,2406.8331710989655,35501.628906250015
2026-04-24,12:53:00.000,2026-04-24 12:53:00,35391.03,1378.61,2402.29,35507.84,35384.439687500024,1379.2334375000014,2406.683171098965,35501.58890625002
2026-04-24,12:54:00.000,2026-04-24 12:54:00,35390.41,1378.69,2402.68,35507.26,35383.81968750003,1379.3134375000016,2407.0731710989653,35501.00890625003
2026-04-24,12:55:00.000,2026-04-24 12:55:00,35389.93,1378.83,2402.9,35506.8,35383.33968750002,1379.4534375000014,2407.2931710989656,35500.548906250035
2026-04-24,12:56:00.000,2026-04-24 12:56:00,35389.61,1378.82,2403.52,35506.52,35385.11718750002,1379.018437500001,2406.375921284287,35502.23640625003
2026-04-24,12:57:00.000,2026-04-24 12:57:00,35389.67,1378.84,2403.75,35506.56,35385.17718750002,1379.038437500001,2406.6059212842865,35502.27640625002
2026-04-24,12:58:00.000,2026-04-24 12:58:00,35389.43,1379.14,2403.54,35506.32,35384.93718750003,1379.3384375000014,2406.3959212842865,35502.03640625003
2026-04-24,12:59:00.000,2026-04-24 12:59:00,35388.96,1379.04,2404.21,35505.88,35384.46718750003,1379.238437500001,2407.0659212842866,35501.59640625003
2026-04-24,13:00:00.000,2026-04-24 13:00:00,35389.2,1379.13,2404.29,35506.11,35384.70718750004,1379.3284375000019,2407.145921284287,35501.82640625002
2026-04-24,13:01:00.000,2026-04-24 13:01:00,35389.23,1379.18,2404.43,35506.18,35384.73718750004,1379.3784375000016,2407.2859212842864,35501.89640625002
2026-04-24,13:02:00.000,2026-04-24 13:02:00,35389.43,1379.0,2404.51,35506.37,35384.937187500036,1379.1984375000013,2407.3659212842867,35502.086406250026
2026-04-24,13:03:00.000,2026-04-24 13:03:00,35389.11,1379.03,2404.97,35506.1,35384.61718750003,1379.2284375000015,2407.825921284287,35501.81640625002
2026-04-24,13:04:00.000,2026-04-24 13:04:00,35388.84,1379.04,2405.09,35505.82,35385.92218750003,1379.2021875000012,2406.425796191626,35503.02265625002
2026-04-24,13:05:00.000,2026-04-24 13:05:00,35389.07,1378.92,2404.5,35506.02,35386.152187500025,1379.0821875000013,2405.835796191626,35503.222656250015
2026-04-24,13:06:00.000,2026-04-24 13:06:00,35388.43,1378.88,2405.32,35505.43,35385.512187500026,1379.0421875000015,2406.6557961916255,35502.632656250025
2026-04-24,13:07:00.000,2026-04-24 13:07:00,35388.12,1378.93,2404.96,35505.1,35385.20218750003,1379.0921875000013,2406.295796191626,35502.30265625002
2026-04-24,13:08:00.000,2026-04-24 13:08:00,35387.44,1379.03,2405.57,35504.47,35384.52218750003,1379.1921875000014,2406.9057961916265,35501.67265625003
2026-04-24,13:09:00.000,2026-04-24 13:09:00,35387.24,1379.1,2405.43,35504.27,35384.32218750003,1379.2621875000011,2406.765796191626,35501.47265625002
2026-04-24,13:10:00.000,2026-04-24 13:10:00,35386.81,1379.28,2405.4,35503.85,35383.89218750002,1379.4421875000014,2406.735796191626,35501.05265625002
2026-04-24,13:11:00.000,2026-04-24 13:11:00,35386.09,1379.29,2406.51,35503.19,35383.17218750002,1379.4521875000016,2407.8457961916256,35500.392656250035
2026-04-24,13:12:00.000,2026-04-24 13:12:00,35386.79,1379.37,2405.25,35503.82,35386.69218750002,1379.344687500001,2405.277046191626,35503.750156250026
2026-04-24,13:13:00.000,2026-04-24 13:13:00,35385.83,1379.41,2406.48,35502.93,35385.73218750003,1379.3846875000015,2406.5070461916266,35502.860156250026
2026-04-24,13:14:00.000,2026-04-24 13:14:00,35385.47,1379.2,2406.34,35502.55,35385.37218750002,1379.1746875000013,2406.3670461916263,35502.48015625002
2026-04-24,13:15:00.000,2026-04-24 13:15:00,35385.03,1379.12,2406.57,35502.12,35384.93218750002,1379.0946875000013,2406.5970461916268,35502.05015625003
2026-04-24,13:16:00.000,2026-04-24 13:16:00,35384.4,1379.17,2407.06,35501.53,35384.30218750004,1379.1446875000015,2407.087046191625,35501.460156250025
2026-04-24,13:17:00.000,2026-04-24 13:17:00,35384.2,1379.13,2407.13,35501.33,35384.10218750003,1379.1046875000015,2407.157046191626,35501.26015625003
2026-04-24,13:18:00.000,2026-04-24 13:18:00,35384.1,1379.27,2406.92,35501.23,35384.00218750003,1379.2446875000014,2406.9470461916258,35501.16015625002
2026-04-24,13:19:00.000,2026-04-24 13:19:00,35383.66,1379.3,2407.5,35500.82,35383.56218750003,1379.2746875000012,2407.5270461916257,35500.75015625002
2026-04-24,13:20:00.000,2026-04-24 13:20:00,35383.83,1379.2,2407.35,35500.99,35385.244687500024,1379.4284375000013,2406.197328808378,35502.327656250025
2026-04-24,13:21:00.000,2026-04-24 13:21:00,35383.68,1379.24,2407.71,35500.85,35385.09468750003,1379.4684375000013,2406.557328808378,35502.187656250026
2026-04-24,13:22:00.000,2026-04-24 13:22:00,35383.59,1379.05,2408.08,35500.78,35385.004687500026,1379.2784375000012,2406.927328808377,35502.117656250026
2026-04-24,13:23:00.000,2026-04-24 13:23:00,35383.3,1379.07,2408.28,35500.53,35384.71468750003,1379.2984375000012,2407.1273288083776,35501.867656250026
2026-04-24,13:24:00.000,2026-04-24 13:24:00,35383.22,1379.04,2408.52,35500.46,35384.63468750003,1379.2684375000015,2407.367328808378,35501.79765625002
2026-04-24,13:25:00.000,2026-04-24 13:25:00,35383.21,1378.84,2408.67,35500.44,35384.62468750002,1379.0684375000017,2407.5173288083784,35501.77765625003
2026-04-24,13:26:00.000,2026-04-24 13:26:00,35383.14,1378.72,2408.92,35500.39,35384.55468750003,1378.9484375000013,2407.7673288083774,35501.727656250034
2026-04-24,13:27:00.000,2026-04-24 13:27:00,35383.41,1378.78,2408.11,35500.63,35384.82468750003,1379.0084375000013,2406.957328808377,35501.967656250024
2026-04-24,13:28:00.000,2026-04-24 13:28:00,35383.12,1378.62,2408.68,35500.34,35385.45343750003,1379.1396875000014,2406.8485788083776,35502.55765625002
2026-04-24,13:29:00.000,2026-04-24 13:29:00,35382.78,1378.67,2409.04,35500.03,35385.11343750003,1379.1896875000016,2407.2085788083773,35502.24765625002
2026-04-24,13:30:00.000,2026-04-24 13:30:00,35382.79,1378.62,2408.74,35500.01,35385.12343750003,1379.1396875000014,2406.908578808377,35502.227656250034
2026-04-24,13:31:00.000,2026-04-24 13:31:00,35382.89,1378.67,2408.16,35500.07,35385.22343750003,1379.1896875000016,2406.328578808377,35502.28765625003
2026-04-24,13:32:00.000,2026-04-24 13:32:00,35382.46,1378.65,2408.83,35499.71,35384.79343750003,1379.1696875000011,2406.9985788083777,35501.92765625003
2026-04-24,13:33:00.000,2026-04-24 13:33:00,35382.21,1378.8,2409.11,35499.47,35384.54343750003,1379.3196875000012,2407.2785788083784,35501.687656250026
2026-04-24,13:34:00.000,2026-04-24 13:34:00,35382.07,1378.65,2409.46,35499.39,35384.40343750003,1379.1696875000014,2407.6285788083783,35501.607656250024
2026-04-24,13:35:00.000,2026-04-24 13:35:00,35381.71,1378.93,2409.05,35499.01,35384.043437500026,1379.4496875000011,2407.2185788083784,35501.22765625002
2026-04-24,13:36:00.000,2026-04-24 13:36:00,35381.5,1379.1,2409.07,35498.8,35385.97218750002,1378.7996875000013,2406.2073288083775,35503.03140625003
2026-04-24,13:37:00.000,2026-04-24 13:37:00,35380.82,1379.35,2409.7,35498.18,35385.292187500025,1379.0496875000013,2406.8373288083776,35502.41140625002
2026-04-24,13:38:00.000,2026-04-24 13:38:00,35380.7,1379.22,2409.91,35498.06,35385.172187500015,1378.9196875000014,2407.0473288083776,35502.29140625002
2026-04-24,13:39:00.000,2026-04-24 13:39:00,35380.54,1379.38,2409.92,35497.91,35385.012187500026,1379.0796875000012,2407.057328808378,35502.141406250026
2026-04-24,13:40:00.000,2026-04-24 13:40:00,35380.28,1379.49,2410.11,35497.67,35384.75218750003,1379.1896875000011,2407.2473288083775,35501.90140625003
2026-04-24,13:41:00.000,2026-04-24 13:41:00,35379.91,1379.71,2410.2,35497.3,35384.382187500036,1379.4096875000014,2407.3373288083776,35501.53140625003
2026-04-24,13:42:00.000,2026-04-24 13:42:00,35379.72,1379.84,2410.29,35497.14,35384.19218750003,1379.5396875000015,2407.4273288083778,35501.37140625003
2026-04-24,13:43:00.000,2026-04-24 13:43:00,35379.45,1380.08,2410.12,35496.86,35383.92218750003,1379.7796875000013,2407.2573288083777,35501.09140625003
2026-04-24,13:44:00.000,2026-04-24 13:44:00,35379.13,1380.28,2410.38,35496.56,35385.00843750002,1378.8734375000013,2407.6148288083778,35502.17515625002
2026-04-24,13:45:00.000,2026-04-24 13:45:00,35378.98,1380.39,2410.12,35496.38,35384.85843750003,1378.9834375000014,2407.3548288083775,35501.995156250014
2026-04-24,13:46:00.000,2026-04-24 13:46:00,35378.74,1380.65,2409.89,35496.14,35384.61843750003,1379.2434375000014,2407.124828808378,35501.755156250016
2026-04-24,13:47:00.000,2026-04-24 13:47:00,35378.8,1380.58,2410.19,35496.22,35384.67843750004,1379.1734375000012,2407.424828808378,35501.83515625002
2026-04-24,13:48:00.000,2026-04-24 13:48:00,35378.99,1380.85,2409.75,35496.4,35384.86843750002,1379.4434375000012,2406.9848288083776,35502.01515625003
2026-04-24,13:49:00.000,2026-04-24 13:49:00,35379.48,1380.74,2408.94,35496.81,35385.35843750003,1379.333437500001,2406.1748288083772,35502.425156250036
2026-04-24,13:50:00.000,2026-04-24 13:50:00,35378.77,1380.71,2409.85,35496.17,35384.64843750003,1379.3034375000016,2407.084828808377,35501.78515625004
2026-04-24,13:51:00.000,2026-04-24 13:51:00,35378.78,1380.82,2409.42,35496.17,35384.658437500024,1379.4134375000017,2406.654828808377,35501.78515625004
2026-04-24,13:52:00.000,2026-04-24 13:52:00,35378.18,1380.69,2410.08,35495.6,35370.64968750004,1379.3940625000012,2408.9590625000023,35488.071406250034
2026-04-24,13:53:00.000,2026-04-24 13:53:00,35378.33,1380.64,2409.49,35495.7,35370.79968750003,1379.344062500001,2408.369062500002,35488.171406250025
2026-04-24,13:54:00.000,2026-04-24 13:54:00,35378.27,1380.72,2408.61,35495.59,35370.73968750003,1379.424062500001,2407.489062500002,35488.06140625002
2026-04-24,13:55:00.000,2026-04-24 13:55:00,35377.39,1380.73,2409.72,35494.79,35369.85968750004,1379.4340625000011,2408.5990625000018,35487.26140625003
2026-04-24,13:56:00.000,2026-04-24 13:56:00,35377.87,1380.56,2408.65,35495.17,35370.33968750005,1379.2640625000008,2407.529062500002,35487.64140625003
2026-04-24,13:57:00.000,2026-04-24 13:57:00,35376.71,1380.78,2409.46,35494.11,35369.179687500044,1379.484062500001,2408.3390625000025,35486.581406250036
2026-04-24,13:58:00.000,2026-04-24 13:58:00,35377.25,1380.78,2408.2,35494.55,35369.719687500045,1379.484062500001,2407.0790625000027,35487.02140625003
2026-04-24,13:59:00.000,2026-04-24 13:59:00,35376.65,1380.76,2408.97,35494.02,35369.11968750004,1379.464062500001,2407.849062500002,35486.49140625003
2026-04-24,14:00:00.000,2026-04-24 14:00:00,35377.04,1380.66,2408.25,35494.37,35370.70218750004,1379.734062500001,2407.564062500002,35488.02390625003
2026-04-24,14:01:00.000,2026-04-24 14:01:00,35376.85,1380.47,2408.85,35494.22,35370.51218750004,1379.544062500001,2408.1640625000014,35487.873906250024
2026-04-24,14:02:00.000,2026-04-24 14:02:00,35376.71,1380.57,2408.81,35494.08,35370.37218750004,1379.6440625000012,2408.1240625000014,35487.73390625003
2026-04-24,14:03:00.000,2026-04-24 14:03:00,35376.82,1380.37,2408.63,35494.18,35370.48218750004,1379.4440625000009,2407.944062500002,35487.83390625002
2026-04-24,14:04:00.000,2026-04-24 14:04:00,35376.56,1380.26,2408.78,35493.95,35370.22218750003,1379.334062500001,2408.094062500003,35487.60390625003
2026-04-24,14:05:00.000,2026-04-24 14:05:00,35376.11,1380.16,2409.01,35493.5,35369.772187500035,1379.234062500001,2408.3240625000026,35487.15390625003
2026-04-24,14:06:00.000,2026-04-24 14:06:00,35375.77,1380.01,2408.73,35493.15,35369.43218750003,1379.084062500001,2408.044062500003,35486.80390625003
2026-04-24,14:07:00.000,2026-04-24 14:07:00,35375.25,1380.2,2408.64,35492.62,35368.91218750004,1379.274062500001,2407.9540625000027,35486.27390625003
2026-04-24,14:08:00.000,2026-04-24 14:08:00,35375.16,1380.14,2408.06,35492.51,35371.08343750004,1379.4053125000014,2408.0728125000023,35488.42890625003
2026-04-24,14:09:00.000,2026-04-24 14:09:00,35374.89,1380.2,2408.09,35492.24,35370.81343750004,1379.4653125000013,2408.102812500003,35488.15890625003
2026-04-24,14:10:00.000,2026-04-24 14:10:00,35374.76,1380.2,2407.72,35492.11,35370.68343750003,1379.4653125000011,2407.7328125000026,35488.02890625004
2026-04-24,14:11:00.000,2026-04-24 14:11:00,35374.3,1380.13,2408.26,35491.69,35370.22343750004,1379.3953125000014,2408.2728125000026,35487.60890625004
2026-04-24,14:12:00.000,2026-04-24 14:12:00,35373.96,1380.07,2408.1,35491.33,35369.88343750003,1379.3353125000006,2408.112812500002,35487.248906250024
2026-04-24,14:13:00.000,2026-04-24 14:13:00,35373.53,1380.13,2408.04,35490.9,35369.45343750004,1379.395312500001,2408.0528125000023,35486.81890625003
2026-04-24,14:14:00.000,2026-04-24 14:14:00,35373.4,1380.07,2408.03,35490.76,35369.32343750005,1379.3353125000008,2408.0428125000026,35486.67890625002
2026-04-24,14:15:00.000,2026-04-24 14:15:00,35373.02,1380.23,2407.81,35490.41,35368.94343750004,1379.495312500001,2407.8228125000023,35486.328906250026
2026-04-24,14:16:00.000,2026-04-24 14:16:00,35372.69,1380.22,2407.97,35490.08,35370.79968750004,1379.431562500001,2407.972812500003,35488.138906250024
2026-04-24,14:17:00.000,2026-04-24 14:17:00,35372.39,1380.31,2407.97,35489.8,35370.499687500036,1379.5215625000008,2407.972812500003,35487.858906250025
2026-04-24,14:18:00.000,2026-04-24 14:18:00,35372.03,1380.51,2407.92,35489.46,35370.139687500036,1379.721562500001,2407.9228125000027,35487.51890625002
2026-04-24,14:19:00.000,2026-04-24 14:19:00,35372.06,1380.36,2407.99,35489.49,35370.169687500034,1379.571562500001,2407.9928125000024,35487.54890625002
2026-04-24,14:20:00.000,2026-04-24 14:20:00,35371.83,1380.37,2408.01,35489.26,35369.939687500046,1379.581562500001,2408.0128125000024,35487.31890625003
2026-04-24,14:21:00.000,2026-04-24 14:21:00,35371.7,1380.22,2408.2,35489.11,35369.80968750004,1379.4315625000013,2408.202812500002,35487.16890625004
2026-04-24,14:22:00.000,2026-04-24 14:22:00,35371.58,1379.97,2408.03,35488.98,35369.68968750004,1379.1815625000013,2408.032812500002,35487.03890625004
2026-04-24,14:23:00.000,2026-04-24 14:23:00,35371.25,1379.64,2408.1,35488.65,35369.35968750004,1378.8515625000014,2408.1028125000016,35486.70890625004
2026-04-24,14:24:00.000,2026-04-24 14:24:00,35370.83,1379.54,2407.92,35488.21,35371.51468750004,1379.7728125000008,2408.192812500002,35488.89765625003
2026-04-24,14:25:00.000,2026-04-24 14:25:00,35370.36,1379.45,2407.77,35487.74,35371.04468750004,1379.682812500001,2408.0428125000026,35488.42765625003
2026-04-24,14:26:00.000,2026-04-24 14:26:00,35369.84,1379.16,2407.96,35487.22,35370.52468750003,1379.3928125000014,2408.2328125000026,35487.907656250034
2026-04-24,14:27:00.000,2026-04-24 14:27:00,35369.31,1379.01,2408.11,35486.69,35369.99468750003,1379.2428125000013,2408.382812500003,35487.377656250035
2026-04-24,14:28:00.000,2026-04-24 14:28:00,35369.14,1379.01,2407.43,35486.47,35369.82468750003,1379.2428125000013,2407.702812500003,35487.15765625001
2026-04-24,14:29:00.000,2026-04-24 14:29:00,35368.83,1379.02,2407.38,35486.15,35369.514687500036,1379.252812500001,2407.6528125000027,35486.83765625002
2026-04-24,14:30:00.000,2026-04-24 14:30:00,35368.44,1379.05,2407.71,35485.78,35369.12468750004,1379.282812500001,2407.982812500002,35486.46765625002
2026-04-24,14:31:00.000,2026-04-24 14:31:00,35368.18,1379.19,2407.75,35485.54,35368.864687500034,1379.4228125000009,2408.022812500002,35486.22765625003
2026-04-24,14:32:00.000,2026-04-24 14:32:00,35368.42,1379.12,2407.19,35485.74,35371.21343750004,1379.7903125000012,2407.6653125000025,35488.54140625003
2026-04-24,14:33:00.000,2026-04-24 14:33:00,35367.95,1378.94,2407.87,35485.33,35370.74343750004,1379.6103125000013,2408.345312500003,35488.131406250024
2026-04-24,14:34:00.000,2026-04-24 14:34:00,35367.92,1378.86,2407.17,35485.26,35370.71343750004,1379.5303125000012,2407.6453125000025,35488.061406250024
2026-04-24,14:35:00.000,2026-04-24 14:35:00,35367.17,1378.82,2407.75,35484.54,35369.96343750004,1379.4903125000012,2408.2253125000025,35487.34140625002
2026-04-24,14:36:00.000,2026-04-24 14:36:00,35366.94,1378.72,2407.78,35484.31,35369.733437500036,1379.3903125000008,2408.255312500002,35487.11140625003
2026-04-24,14:37:00.000,2026-04-24 14:37:00,35366.71,1378.68,2407.64,35484.07,35369.50343750004,1379.3503125000009,2408.115312500002,35486.87140625004
2026-04-24,14:38:00.000,2026-04-24 14:38:00,35366.84,1378.48,2407.41,35484.16,35369.63343750004,1379.1503125000008,2407.8853125000014,35486.961406250026
2026-04-24,14:39:00.000,2026-04-24 14:39:00,35366.11,1378.31,2407.6,35483.48,35368.90343750004,1378.9803125000008,2408.075312500002,35486.28140625003
2026-04-24,14:40:00.000,2026-04-24 14:40:00,35365.83,1378.13,2407.65,35483.19,35371.91718750004,1379.7353125000009,2408.141562500002,35489.30765625004
2026-04-24,14:41:00.000,2026-04-24 14:41:00,35365.22,1378.0,2407.59,35482.57,35371.30718750004,1379.6053125000008,2408.0815625000023,35488.68765625003
2026-04-24,14:42:00.000,2026-04-24 14:42:00,35364.69,1377.9,2407.38,35482.02,35370.77718750004,1379.5053125000013,2407.871562500003,35488.13765625003
2026-04-24,14:43:00.000,2026-04-24 14:43:00,35364.18,1377.67,2407.57,35481.51,35370.267187500045,1379.2753125000013,2408.0615625000028,35487.627656250035
2026-04-24,14:44:00.000,2026-04-24 14:44:00,35363.99,1377.67,2407.57,35481.31,35370.07718750003,1379.275312500001,2408.0615625000023,35487.42765625002
2026-04-24,14:45:00.000,2026-04-24 14:45:00,35363.16,1377.7,2407.53,35480.47,35369.24718750004,1379.3053125000008,2408.0215625000023,35486.58765625003
2026-04-24,14:46:00.000,2026-04-24 14:46:00,35362.59,1377.68,2407.52,35479.92,35368.677187500034,1379.285312500001,2408.011562500002,35486.03765625002
2026-04-24,14:47:00.000,2026-04-24 14:47:00,35362.05,1377.7,2407.47,35479.37,35368.13718750004,1379.305312500001,2407.961562500002,35485.48765625003
2026-04-24,14:48:00.000,2026-04-24 14:48:00,35361.71,1377.72,2407.48,35479.03,35371.97968750003,1378.9565625000012,2408.031562500002,35489.320156250025
2026-04-24,14:49:00.000,2026-04-24 14:49:00,35361.23,1377.72,2407.5,35478.55,35371.499687500036,1378.9565625000012,2408.0515625000016,35488.84015625003
2026-04-24,14:50:00.000,2026-04-24 14:50:00,35360.86,1377.8,2407.51,35478.19,35371.12968750003,1379.036562500001,2408.0615625000028,35488.48015625003
2026-04-24,14:51:00.000,2026-04-24 14:51:00,35360.28,1377.97,2407.46,35477.61,35370.54968750003,1379.2065625000012,2408.0115625000026,35487.90015625003
2026-04-24,14:52:00.000,2026-04-24 14:52:00,35359.4,1378.2,2407.42,35476.74,35369.66968750004,1379.4365625000012,2407.9715625000026,35487.03015625003
2026-04-24,14:53:00.000,2026-04-24 14:53:00,35358.7,1378.47,2407.45,35476.05,35368.96968750003,1379.7065625000012,2408.0015625000024,35486.34015625003
2026-04-24,14:54:00.000,2026-04-24 14:54:00,35358.28,1378.66,2407.48,35475.65,35368.54968750003,1379.896562500001,2408.0315625000026,35485.940156250035
2026-04-24,14:55:00.000,2026-04-24 14:55:00,35357.79,1378.86,2407.5,35475.16,35368.05968750004,1380.0965625000008,2408.051562500002,35485.45015625003
2026-04-24,14:56:00.000,2026-04-24 14:56:00,35357.29,1379.05,2407.53,35474.67,35355.41265625003,1373.082656250001,2406.108125000002,35472.553906250025
2026-04-24,14:57:00.000,2026-04-24 14:57:00,35356.6,1379.15,2407.48,35473.98,35354.72265625003,1373.1826562500014,2406.058125000002,35471.86390625002
2026-04-24,14:58:00.000,2026-04-24 14:58:00,35356.28,1379.3,2407.51,35473.67,35354.40265625004,1373.332656250001,2406.0881250000025,35471.553906250025
2026-04-24,14:59:00.000,2026-04-24 14:59:00,35355.89,1379.44,2407.52,35473.29,35354.01265625004,1373.4726562500014,2406.098125000002,35471.17390625002
2026-04-24,15:00:00.000,2026-04-24 15:00:00,35355.52,1379.48,2407.55,35472.92,35353.642656250035,1373.512656250001,2406.1281250000025,35470.803906250025
2026-04-24,15:01:00.000,2026-04-24 15:01:00,35355.26,1379.5,2407.55,35472.66,35353.38265625004,1373.532656250001,2406.1281250000025,35470.54390625003
2026-04-24,15:02:00.000,2026-04-24 15:02:00,35354.94,1379.56,2407.5,35472.35,35353.06265625005,1373.5926562500013,2406.078125000002,35470.23390625002
2026-04-24,15:03:00.000,2026-04-24 15:03:00,35354.67,1379.57,2407.46,35472.08,35352.79265625004,1373.602656250001,2406.038125000002,35469.96390625003
2026-04-24,15:04:00.000,2026-04-24 15:04:00,35354.57,1379.51,2407.45,35471.99,35354.54140625003,1373.9526562500012,2406.288125000002,35471.73640625002
2026-04-24,15:05:00.000,2026-04-24 15:05:00,35354.66,1379.39,2407.43,35472.07,35354.63140625004,1373.8326562500013,2406.2681250000023,35471.81640625002
2026-04-24,15:06:00.000,2026-04-24 15:06:00,35354.36,1379.29,2407.37,35471.76,35354.331406250036,1373.7326562500011,2406.208125000002,35471.50640625002
2026-04-24,15:07:00.000,2026-04-24 15:07:00,35353.91,1379.15,2407.28,35471.31,35353.88140625004,1373.5926562500013,2406.118125000002,35471.05640625002
2026-04-24,15:08:00.000,2026-04-24 15:08:00,35353.59,1379.0,2407.19,35470.95,35353.56140625003,1373.442656250001,2406.028125000002,35470.69640625002
2026-04-24,15:09:00.000,2026-04-24 15:09:00,35353.57,1378.74,2407.12,35470.94,35353.54140625004,1373.1826562500012,2405.9581250000015,35470.686406250024
2026-04-24,15:10:00.000,2026-04-24 15:10:00,35353.56,1378.48,2407.12,35470.91,35353.53140625003,1372.9226562500012,2405.958125000002,35470.656406250026
2026-04-24,15:11:00.000,2026-04-24 15:11:00,35353.44,1378.21,2407.06,35470.79,35353.41140625004,1372.6526562500012,2405.8981250000024,35470.536406250016
2026-04-24,15:12:00.000,2026-04-24 15:12:00,35353.41,1377.88,2407.0,35470.71,35353.872656250045,1374.5651562500013,2406.335625000002,35471.061406250024
2026-04-24,15:13:00.000,2026-04-24 15:13:00,35353.34,1377.57,2406.91,35470.65,35353.80265625004,1374.255156250001,2406.245625000002,35471.00140625003
2026-04-24,15:14:00.000,2026-04-24 15:14:00,35353.32,1377.25,2406.86,35470.63,35353.782656250034,1373.935156250001,2406.195625000002,35470.98140625002
2026-04-24,15:15:00.000,2026-04-24 15:15:00,35353.33,1376.92,2406.78,35470.61,35353.79265625004,1373.605156250001,2406.115625000002,35470.96140625003
2026-04-24,15:16:00.000,2026-04-24 15:16:00,35353.44,1376.57,2406.73,35470.71,35353.90265625003,1373.2551562500014,2406.0656250000015,35471.061406250024
2026-04-24,15:17:00.000,2026-04-24 15:17:00,35353.62,1376.19,2406.65,35470.86,35354.08265625004,1372.8751562500013,2405.9856250000016,35471.21140625002
2026-04-24,15:18:00.000,2026-04-24 15:18:00,35353.65,1375.87,2406.59,35470.88,35354.112656250036,1372.5551562500011,2405.925625000002,35471.231406250015
2026-04-24,15:19:00.000,2026-04-24 15:19:00,35353.62,1375.58,2406.52,35470.83,35354.08265625004,1372.2651562500012,2405.8556250000015,35471.18140625003
2026-04-24,15:20:00.000,2026-04-24 15:20:00,35353.71,1375.31,2406.41,35470.92,35353.73890625002,1374.425156250001,2406.393125000002,35470.95515625003
2026-04-24,15:21:00.000,2026-04-24 15:21:00,35353.81,1375.03,2406.34,35470.99,35353.83890625003,1374.1451562500013,2406.323125000002,35471.02515625002
2026-04-24,15:22:00.000,2026-04-24 15:22:00,35353.91,1374.72,2406.3,35471.09,35353.93890625004,1373.8351562500013,2406.2831250000017,35471.12515625002
2026-04-24,15:23:00.000,2026-04-24 15:23:00,35354.0,1374.41,2406.22,35471.15,35354.02890625004,1373.5251562500014,2406.203125000002,35471.18515625003
2026-04-24,15:24:00.000,2026-04-24 15:24:00,35354.1,1374.12,2406.07,35471.23,35354.12890625004,1373.235156250001,2406.053125000002,35471.265156250025
2026-04-24,15:25:00.000,2026-04-24 15:25:00,35354.03,1373.84,2405.96,35471.16,35354.05890625003,1372.9551562500012,2405.9431250000016,35471.19515625002
2026-04-24,15:26:00.000,2026-04-24 15:26:00,35353.9,1373.59,2405.85,35471.03,35353.92890625005,1372.705156250001,2405.8331250000015,35471.06515625002
2026-04-24,15:27:00.000,2026-04-24 15:27:00,35353.74,1373.37,2405.71,35470.84,35353.76890625004,1372.4851562500012,2405.693125000002,35470.87515625002
2026-04-24,15:28:00.000,2026-04-24 15:28:00,35353.69,1373.11,2405.65,35470.79,35354.16890625004,1374.471406250001,2406.3731250000023,35471.357656250024
2026-04-24,15:29:00.000,2026-04-24 15:29:00,35353.61,1372.81,2405.57,35470.7,35354.088906250036,1374.1714062500014,2406.2931250000024,35471.26765625003
2026-04-24,15:30:00.000,2026-04-24 15:30:00,35353.53,1372.53,2405.49,35470.61,35354.008906250034,1373.8914062500014,2406.2131250000016,35471.17765625002
2026-04-24,15:31:00.000,2026-04-24 15:31:00,35353.44,1372.23,2405.4,35470.53,35353.91890625004,1373.5914062500012,2406.1231250000014,35471.09765625002
2026-04-24,15:32:00.000,2026-04-24 15:32:00,35353.37,1371.94,2405.27,35470.43,35353.84890625004,1373.301406250001,2405.993125000002,35470.99765625002
2026-04-24,15:33:00.000,2026-04-24 15:33:00,35353.35,1371.59,2405.23,35470.39,35353.82890625003,1372.9514062500007,2405.953125000002,35470.95765625003
2026-04-24,15:34:00.000,2026-04-24 15:34:00,35353.33,1371.25,2405.19,35470.39,35353.80890625004,1372.6114062500012,2405.913125000002,35470.95765625003
2026-04-24,15:35:00.000,2026-04-24 15:35:00,35353.28,1370.96,2405.14,35470.31,35353.758906250034,1372.3214062500012,2405.8631250000017,35470.87765625003
2026-04-24,15:36:00.000,2026-04-24 15:36:00,35353.21,1370.69,2405.09,35470.22,35353.86515625003,1374.3639062500013,2406.1168750000024,35471.04140625002
2026-04-24,15:37:00.000,2026-04-24 15:37:00,35353.22,1370.38,2405.07,35470.24,35353.87515625004,1374.0539062500013,2406.096875000002,35471.061406250024
2026-04-24,15:38:00.000,2026-04-24 15:38:00,35353.28,1370.1,2405.07,35470.29,35353.93515625003,1373.773906250001,2406.096875000002,35471.11140625003
2026-04-24,15:39:00.000,2026-04-24 15:39:00,35353.44,1369.86,2405.09,35470.42,35354.095156250034,1373.533906250001,2406.1168750000024,35471.24140625002
2026-04-24,15:40:00.000,2026-04-24 15:40:00,35353.4,1369.59,2405.07,35470.38,35354.05515625004,1373.2639062500011,2406.0968750000015,35471.20140625002
2026-04-24,15:41:00.000,2026-04-24 15:41:00,35353.15,1369.32,2405.0,35470.12,35353.80515625004,1372.9939062500011,2406.026875000002,35470.94140625002
2026-04-24,15:42:00.000,2026-04-24 15:42:00,35353.21,1369.09,2405.04,35470.19,35353.86515625004,1372.7639062500011,2406.066875000002,35471.011406250036
2026-04-24,15:43:00.000,2026-04-24 15:43:00,35353.28,1368.89,2405.08,35470.26,35353.935156250045,1372.5639062500013,2406.1068750000018,35471.08140625003
2026-04-24,15:44:00.000,2026-04-24 15:44:00,35353.4,1368.67,2405.11,35470.38,35353.38265625004,1373.9939062500011,2405.923125000002,35470.53390625001
2026-04-24,15:45:00.000,2026-04-24 15:45:00,35353.65,1368.47,2405.19,35470.65,35353.63265625004,1373.7939062500013,2406.003125000002,35470.80390625002
2026-04-24,15:46:00.000,2026-04-24 15:46:00,35353.82,1368.26,2405.25,35470.78,35353.802656250045,1373.5839062500013,2406.0631250000015,35470.93390625002
2026-04-24,15:47:00.000,2026-04-24 15:47:00,35354.07,1368.08,2405.31,35471.06,35354.052656250045,1373.403906250001,2406.123125000002,35471.21390625002
2026-04-24,15:48:00.000,2026-04-24 15:48:00,35354.27,1367.89,2405.34,35471.25,35354.25265625003,1373.2139062500014,2406.153125000002,35471.40390625002
2026-04-24,15:49:00.000,2026-04-24 15:49:00,35354.21,1367.77,2405.36,35471.21,35354.19265625003,1373.093906250001,2406.1731250000016,35471.36390625003
2026-04-24,15:50:00.000,2026-04-24 15:50:00,35354.16,1367.78,2405.33,35471.14,35354.14265625004,1373.103906250001,2406.143125000002,35471.29390625002
2026-04-24,15:51:00.000,2026-04-24 15:51:00,35353.99,1367.8,2405.33,35470.99,35353.97265625003,1373.123906250001,2406.143125000002,35471.14390625003
2026-04-24,15:52:00.000,2026-04-24 15:52:00,35354.3,1367.89,2405.42,35471.29,35354.597656250044,1373.2551562500014,2406.121875000002,35471.730156250036
2026-04-24,15:53:00.000,2026-04-24 15:53:00,35354.33,1367.86,2405.43,35471.34,35354.62765625004,1373.2251562500012,2406.1318750000014,35471.780156250024
2026-04-24,15:54:00.000,2026-04-24 15:54:00,35353.69,1368.04,2405.35,35470.71,35353.98765625004,1373.4051562500013,2406.051875000002,35471.15015625002
2026-04-24,15:55:00.000,2026-04-24 15:55:00,35353.36,1368.25,2405.29,35470.39,35353.65765625004,1373.6151562500013,2405.9918750000015,35470.83015625003
2026-04-24,15:56:00.000,2026-04-24 15:56:00,35353.46,1368.17,2405.36,35470.48,35353.75765625003,1373.5351562500011,2406.061875000002,35470.920156250024
2026-04-24,15:57:00.000,2026-04-24 15:57:00,35353.52,1368.08,2405.44,35470.53,35353.81765625003,1373.445156250001,2406.141875000002,35470.97015625001
2026-04-24,15:58:00.000,2026-04-24 15:58:00,35353.28,1368.07,2405.41,35470.31,35353.57765625003,1373.435156250001,2406.1118750000023,35470.75015625001
2026-04-24,15:59:00.000,2026-04-24 15:59:00,35353.11,1368.03,2405.41,35470.12,35353.407656250034,1373.395156250001,2406.1118750000023,35470.56015625002
2026-04-24,16:00:00.000,2026-04-24 16:00:00,35352.92,1368.0,2405.41,35469.94,35352.619375000024,1366.9025000000013,2405.411093750002,35469.64218750003
2026-04-24,16:01:00.000,2026-04-24 16:01:00,35352.95,1367.95,2405.43,35469.98,35352.64937500002,1366.8525000000016,2405.431093750002,35469.682187500024
2026-04-24,16:02:00.000,2026-04-24 16:02:00,35353.08,1367.92,2405.46,35470.11,35352.779375000035,1366.8225000000011,2405.4610937500024,35469.81218750003
2026-04-24,16:03:00.000,2026-04-24 16:03:00,35352.98,1367.91,2405.49,35470.03,35352.67937500003,1366.8125000000014,2405.491093750002,35469.73218750003
2026-04-24,16:04:00.000,2026-04-24 16:04:00,35352.53,1367.91,2405.45,35469.57,35352.22937500003,1366.8125000000014,2405.4510937500017,35469.27218750001
2026-04-24,16:05:00.000,2026-04-24 16:05:00,35352.0,1368.0,2405.33,35469.04,35351.69937500003,1366.902500000001,2405.331093750002,35468.742187500015
2026-04-24,16:06:00.000,2026-04-24 16:06:00,35351.64,1368.07,2405.25,35468.68,35351.33937500003,1366.972500000001,2405.251093750002,35468.382187500014
2026-04-24,16:07:00.000,2026-04-24 16:07:00,35351.48,1368.17,2405.28,35468.53,35351.17937500004,1367.0725000000014,2405.2810937500026,35468.23218750002
2026-04-24,16:08:00.000,2026-04-24 16:08:00,35351.63,1368.27,2405.35,35468.68,35352.456875000025,1366.2937500000014,2405.2260937500014,35469.45843750001
2026-04-24,16:09:00.000,2026-04-24 16:09:00,35351.64,1368.46,2405.4,35468.69,35352.466875000035,1366.4837500000015,2405.2760937500016,35469.46843750002
2026-04-24,16:10:00.000,2026-04-24 16:10:00,35351.59,1368.66,2405.47,35468.66,35352.416875000024,1366.6837500000015,2405.3460937500013,35469.43843750003
2026-04-24,16:11:00.000,2026-04-24 16:11:00,35351.36,1368.9,2405.49,35468.44,35352.18687500003,1366.9237500000013,2405.3660937500017,35469.21843750003
2026-04-24,16:12:00.000,2026-04-24 16:12:00,35351.29,1369.04,2405.55,35468.38,35352.116875000036,1367.0637500000012,2405.426093750002,35469.15843750001
2026-04-24,16:13:00.000,2026-04-24 16:13:00,35351.21,1369.12,2405.6,35468.33,35352.036875000034,1367.143750000001,2405.4760937500023,35469.10843750002
2026-04-24,16:14:00.000,2026-04-24 16:14:00,35350.95,1369.25,2405.61,35468.07,35351.77687500004,1367.2737500000014,2405.486093750003,35468.84843750002
2026-04-24,16:15:00.000,2026-04-24 16:15:00,35350.89,1369.26,2405.63,35468.02,35351.71687500004,1367.2837500000012,2405.5060937500025,35468.798437500016
2026-04-24,16:16:00.000,2026-04-24 16:16:00,35350.96,1369.2,2405.65,35468.09,35351.99562500004,1367.2712500000014,2405.321093750002,35469.02593750002
2026-04-24,16:17:00.000,2026-04-24 16:17:00,35351.05,1369.13,2405.71,35468.19,35352.085625000036,1367.2012500000017,2405.3810937500016,35469.12593750002
2026-04-24,16:18:00.000,2026-04-24 16:18:00,35351.14,1369.04,2405.73,35468.28,35352.175625000025,1367.1112500000013,2405.401093750003,35469.21593750002
2026-04-24,16:19:00.000,2026-04-24 16:19:00,35351.17,1368.94,2405.74,35468.32,35352.205625000024,1367.0112500000014,2405.4110937500022,35469.25593750001
2026-04-24,16:20:00.000,2026-04-24 16:20:00,35351.12,1368.82,2405.74,35468.26,35352.15562500003,1366.8912500000013,2405.411093750002,35469.19593750002
2026-04-24,16:21:00.000,2026-04-24 16:21:00,35351.09,1368.67,2405.73,35468.24,35352.12562500003,1366.7412500000012,2405.4010937500025,35469.17593750002
2026-04-24,16:22:00.000,2026-04-24 16:22:00,35351.14,1368.48,2405.69,35468.27,35352.17562500003,1366.5512500000011,2405.361093750002,35469.20593750001
2026-04-24,16:23:00.000,2026-04-24 16:23:00,35351.22,1368.3,2405.75,35468.36,35352.255625000034,1366.3712500000013,2405.4210937500015,35469.29593750002
2026-04-24,16:24:00.000,2026-04-24 16:24:00,35351.38,1368.09,2405.75,35468.5,35351.62062500003,1367.5137500000012,2405.4785937500014,35468.69093750002
2026-04-24,16:25:00.000,2026-04-24 16:25:00,35351.56,1367.93,2405.65,35468.67,35351.800625000025,1367.3537500000014,2405.378593750002,35468.860937500016
2026-04-24,16:26:00.000,2026-04-24 16:26:00,35351.66,1367.75,2405.71,35468.77,35351.90062500003,1367.173750000001,2405.438593750002,35468.960937500015
2026-04-24,16:27:00.000,2026-04-24 16:27:00,35351.91,1367.56,2405.67,35469.0,35352.15062500003,1366.983750000001,2405.398593750002,35469.19093750001
2026-04-24,16:28:00.000,2026-04-24 16:28:00,35351.97,1367.39,2405.69,35469.07,35352.21062500004,1366.8137500000012,2405.4185937500024,35469.260937500025
2026-04-24,16:29:00.000,2026-04-24 16:29:00,35352.1,1367.23,2405.6,35469.17,35352.34062500003,1366.6537500000013,2405.3285937500023,35469.360937500016
2026-04-24,16:30:00.000,2026-04-24 16:30:00,35352.29,1367.04,2405.59,35469.36,35352.53062500004,1366.4637500000013,2405.3185937500025,35469.550937500026
2026-04-24,16:31:00.000,2026-04-24 16:31:00,35352.38,1366.77,2405.62,35469.43,35352.62062500004,1366.1937500000013,2405.3485937500022,35469.62093750003
2026-04-24,16:32:00.000,2026-04-24 16:32:00,35352.34,1366.65,2405.54,35469.39,35352.300625000025,1367.3125000000014,2405.5585937500023,35469.37343750002
2026-04-24,16:33:00.000,2026-04-24 16:33:00,35352.42,1366.48,2405.49,35469.46,35352.38062500003,1367.1425000000013,2405.508593750002,35469.44343750003
2026-04-24,16:34:00.000,2026-04-24 16:34:00,35352.38,1366.36,2405.47,35469.41,35352.34062500003,1367.0225000000012,2405.488593750002,35469.393437500024
2026-04-24,16:35:00.000,2026-04-24 16:35:00,35352.25,1366.24,2405.4,35469.27,35352.21062500004,1366.9025000000013,2405.4185937500024,35469.253437500025
2026-04-24,16:36:00.000,2026-04-24 16:36:00,35352.24,1366.15,2405.18,35469.25,35352.20062500003,1366.8125000000011,2405.198593750002,35469.23343750001
2026-04-24,16:37:00.000,2026-04-24 16:37:00,35352.05,1366.04,2405.3,35469.06,35352.01062500004,1366.702500000001,2405.318593750002,35469.043437500004
2026-04-24,16:38:00.000,2026-04-24 16:38:00,35351.93,1365.99,2405.27,35468.93,35351.89062500004,1366.6525000000013,2405.288593750002,35468.91343750002
2026-04-24,16:39:00.000,2026-04-24 16:39:00,35351.88,1365.94,2405.31,35468.86,35351.84062500003,1366.602500000001,2405.328593750002,35468.843437500014
2026-04-24,16:40:00.000,2026-04-24 16:40:00,35351.88,1365.8,2405.25,35468.87,35351.76687500003,1367.3912500000015,2405.403593750002,35468.82343750002
2026-04-24,16:41:00.000,2026-04-24 16:41:00,35351.96,1365.7,2405.12,35468.93,35351.84687500003,1367.2912500000016,2405.273593750002,35468.883437500015
2026-04-24,16:42:00.000,2026-04-24 16:42:00,35352.07,1365.53,2405.14,35469.05,35351.95687500003,1367.1212500000015,2405.2935937500024,35469.00343750002
2026-04-24,16:43:00.000,2026-04-24 16:43:00,35352.16,1365.37,2405.19,35469.12,35352.046875000044,1366.9612500000012,2405.3435937500026,35469.073437500025
2026-04-24,16:44:00.000,2026-04-24 16:44:00,35352.24,1365.21,2405.33,35469.21,35352.12687500003,1366.8012500000013,2405.483593750002,35469.163437500014
2026-04-24,16:45:00.000,2026-04-24 16:45:00,35352.4,1365.09,2405.2,35469.37,35352.286875000034,1366.681250000001,2405.353593750002,35469.32343750002
2026-04-24,16:46:00.000,2026-04-24 16:46:00,35352.42,1364.94,2405.36,35469.4,35352.30687500003,1366.5312500000011,2405.5135937500027,35469.35343750002
2026-04-24,16:47:00.000,2026-04-24 16:47:00,35352.95,1364.78,2405.29,35469.92,35352.83687500003,1366.3712500000013,2405.443593750002,35469.87343750001
2026-04-24,16:48:00.000,2026-04-24 16:48:00,35352.95,1364.74,2405.25,35469.92,35351.71062500003,1366.8212500000013,2405.494843750002,35468.754687500026
2026-04-24,16:49:00.000,2026-04-24 16:49:00,35353.11,1364.79,2405.2,35470.08,35351.87062500003,1366.871250000001,2405.444843750002,35468.91468750003
2026-04-24,16:50:00.000,2026-04-24 16:50:00,35353.59,1364.73,2404.78,35470.49,35352.35062500003,1366.811250000001,2405.024843750002,35469.32468750002
2026-04-24,16:51:00.000,2026-04-24 16:51:00,35353.33,1364.78,2405.2,35470.3,35352.09062500003,1366.8612500000013,2405.4448437500014,35469.134687500016
2026-04-24,16:52:00.000,2026-04-24 16:52:00,35353.5,1364.73,2405.24,35470.48,35352.26062500003,1366.8112500000013,2405.4848437500023,35469.31468750002
2026-04-24,16:53:00.000,2026-04-24 16:53:00,35353.73,1364.81,2405.06,35470.69,35352.49062500003,1366.8912500000013,2405.304843750003,35469.52468750002
2026-04-24,16:54:00.000,2026-04-24 16:54:00,35353.53,1364.87,2405.18,35470.5,35352.29062500004,1366.9512500000012,2405.424843750002,35469.33468750002
2026-04-24,16:55:00.000,2026-04-24 16:55:00,35353.35,1365.05,2405.24,35470.36,35352.11062500003,1367.131250000001,2405.4848437500013,35469.19468750002
2026-04-24,16:56:00.000,2026-04-24 16:56:00,35353.38,1365.03,2405.2,35470.39,35352.96937500002,1366.273750000001,2405.506093750002,35470.01093750003
2026-04-24,16:57:00.000,2026-04-24 16:57:00,35352.8,1365.55,2405.01,35469.79,35352.389375000035,1366.793750000001,2405.3160937500024,35469.410937500026
2026-04-24,16:58:00.000,2026-04-24 16:58:00,35352.84,1365.71,2405.08,35469.85,35352.429375000036,1366.9537500000013,2405.386093750002,35469.47093750002
2026-04-24,16:59:00.000,2026-04-24 16:59:00,35352.58,1365.61,2405.22,35469.59,35352.16937500004,1366.853750000001,2405.5260937500025,35469.21093750001
2026-04-24,17:00:00.000,2026-04-24 17:00:00,35352.39,1365.91,2405.01,35469.4,35351.97937500003,1367.1537500000013,2405.316093750002,35469.02093750002
2026-04-24,17:01:00.000,2026-04-24 17:01:00,35352.41,1365.7,2404.98,35469.41,35351.999375000036,1366.9437500000013,2405.2860937500013,35469.030937500014
2026-04-24,17:02:00.000,2026-04-24 17:02:00,35352.01,1365.81,2405.21,35469.04,35351.599375000034,1367.0537500000014,2405.516093750002,35468.66093750002
2026-04-24,17:03:00.000,2026-04-24 17:03:00,35352.05,1365.88,2404.95,35469.06,35351.63937500003,1367.1237500000016,2405.2560937500016,35468.68093750001
2026-04-24,17:04:00.000,2026-04-24 17:04:00,35352.02,1365.97,2404.92,35469.03,35350.54640625002,1366.0829687500013,2405.0285937500025,35467.62312500004
2026-04-24,17:05:00.000,2026-04-24 17:05:00,35351.56,1366.21,2405.16,35468.62,35350.08640625001,1366.322968750001,2405.2685937500023,35467.21312500004
2026-04-24,17:06:00.000,2026-04-24 17:06:00,35351.56,1366.2,2405.29,35468.62,35350.08640625001,1366.3129687500011,2405.3985937500024,35467.21312500004
2026-04-24,17:07:00.000,2026-04-24 17:07:00,35351.66,1366.31,2405.3,35468.72,35350.18640625002,1366.4229687500012,2405.4085937500026,35467.313125000044
2026-04-24,17:08:00.000,2026-04-24 17:08:00,35351.69,1366.46,2404.92,35468.73,35350.21640625004,1366.5729687500013,2405.0285937500034,35467.32312500004
2026-04-24,17:09:00.000,2026-04-24 17:09:00,35351.43,1366.62,2405.27,35468.52,35349.95640625003,1366.7329687500012,2405.378593750003,35467.11312500003
2026-04-24,17:10:00.000,2026-04-24 17:10:00,35351.31,1366.68,2405.33,35468.39,35349.836406250026,1366.7929687500014,2405.4385937500024,35466.98312500003
2026-04-24,17:11:00.000,2026-04-24 17:11:00,35351.36,1366.72,2405.21,35468.44,35349.88640625003,1366.8329687500013,2405.3185937500025,35467.03312500003
2026-04-24,17:12:00.000,2026-04-24 17:12:00,35351.21,1366.84,2405.26,35468.29,35350.44640625003,1366.6267187500011,2405.379843750003,35467.58187500003
2026-04-24,17:13:00.000,2026-04-24 17:13:00,35351.37,1366.84,2404.69,35468.39,35350.60640625003,1366.6267187500011,2404.8098437500025,35467.68187500004
2026-04-24,17:14:00.000,2026-04-24 17:14:00,35351.06,1366.7,2405.32,35468.15,35350.29640625001,1366.4867187500013,2405.4398437500026,35467.44187500003
2026-04-24,17:15:00.000,2026-04-24 17:15:00,35351.13,1366.7,2404.87,35468.16,35350.36640625002,1366.4867187500013,2404.989843750002,35467.45187500004
2026-04-24,17:16:00.000,2026-04-24 17:16:00,35350.88,1366.65,2405.12,35467.94,35350.11640625002,1366.4367187500013,2405.2398437500024,35467.231875000034
2026-04-24,17:17:00.000,2026-04-24 17:17:00,35350.5,1366.73,2405.31,35467.59,35349.73640625003,1366.5167187500012,2405.429843750003,35466.88187500003
2026-04-24,17:18:00.000,2026-04-24 17:18:00,35350.53,1366.68,2405.29,35467.61,35349.76640625001,1366.4667187500015,2405.4098437500024,35466.90187500005
2026-04-24,17:19:00.000,2026-04-24 17:19:00,35350.23,1366.64,2405.45,35467.35,35349.46640625002,1366.4267187500016,2405.5698437500023,35466.64187500004
2026-04-24,17:20:00.000,2026-04-24 17:20:00,35350.52,1366.6,2405.07,35467.6,35350.33640625002,1366.5904687500013,2405.1323437500023,35467.43812500004
2026-04-24,17:21:00.000,2026-04-24 17:21:00,35350.44,1366.6,2405.1,35467.52,35350.25640625002,1366.5904687500013,2405.162343750002,35467.358125000035
2026-04-24,17:22:00.000,2026-04-24 17:22:00,35350.12,1366.51,2405.53,35467.24,35349.93640625003,1366.5004687500013,2405.592343750003,35467.07812500003
2026-04-24,17:23:00.000,2026-04-24 17:23:00,35350.22,1366.57,2405.36,35467.34,35350.03640625002,1366.5604687500013,2405.4223437500027,35467.178125000035
2026-04-24,17:24:00.000,2026-04-24 17:24:00,35350.38,1366.41,2405.14,35467.49,35350.19640625002,1366.4004687500012,2405.2023437500025,35467.32812500004
2026-04-24,17:25:00.000,2026-04-24 17:25:00,35350.27,1366.57,2404.93,35467.36,35350.08640625002,1366.560468750001,2404.9923437500024,35467.198125000046
2026-04-24,17:26:00.000,2026-04-24 17:26:00,35350.14,1366.52,2405.3,35467.26,35349.95640625002,1366.5104687500013,2405.3623437500028,35467.09812500004
2026-04-24,17:27:00.000,2026-04-24 17:27:00,35350.18,1366.37,2405.34,35467.3,35349.996406250015,1366.3604687500012,2405.4023437500027,35467.138125000034
2026-04-24,17:28:00.000,2026-04-24 17:28:00,35350.49,1366.36,2404.7,35467.57,35350.30890625003,1366.6267187500011,2404.603593750002,35467.37937500003
2026-04-24,17:29:00.000,2026-04-24 17:29:00,35350.09,1366.29,2405.46,35467.23,35349.90890625002,1366.5567187500014,2405.363593750002,35467.03937500004
2026-04-24,17:30:00.000,2026-04-24 17:30:00,35350.42,1366.3,2404.94,35467.53,35350.23890625002,1366.5667187500012,2404.8435937500026,35467.33937500004
2026-04-24,17:31:00.000,2026-04-24 17:31:00,35350.07,1366.32,2405.57,35467.22,35349.88890625003,1366.5867187500012,2405.4735937500027,35467.02937500004
2026-04-24,17:32:00.000,2026-04-24 17:32:00,35350.2,1366.27,2405.65,35467.35,35350.018906250014,1366.5367187500012,2405.5535937500026,35467.15937500003
2026-04-24,17:33:00.000,2026-04-24 17:33:00,35350.22,1366.23,2405.78,35467.39,35350.03890625002,1366.4967187500013,2405.6835937500027,35467.199375000026
2026-04-24,17:34:00.000,2026-04-24 17:34:00,35350.28,1366.17,2405.48,35467.43,35350.09890625002,1366.4367187500013,2405.383593750003,35467.239375000034
2026-04-24,17:35:00.000,2026-04-24 17:35:00,35350.48,1366.0,2405.46,35467.62,35350.29890625002,1366.2667187500012,2405.3635937500026,35467.429375000036
2026-04-24,17:36:00.000,2026-04-24 17:36:00,35350.58,1365.97,2405.34,35467.71,35350.367656250026,1366.5454687500014,2405.5160937500023,35467.50812500004
2026-04-24,17:37:00.000,2026-04-24 17:37:00,35350.53,1365.9,2405.24,35467.66,35350.31765625002,1366.4754687500013,2405.416093750002,35467.45812500005
2026-04-24,17:38:00.000,2026-04-24 17:38:00,35350.33,1365.87,2405.47,35467.47,35350.117656250026,1366.4454687500013,2405.646093750002,35467.26812500004
2026-04-24,17:39:00.000,2026-04-24 17:39:00,35350.23,1365.86,2405.39,35467.36,35350.017656250035,1366.435468750001,2405.566093750002,35467.15812500004
2026-04-24,17:40:00.000,2026-04-24 17:40:00,35350.13,1365.89,2405.28,35467.26,35349.917656250014,1366.4654687500015,2405.456093750003,35467.058125000025
2026-04-24,17:41:00.000,2026-04-24 17:41:00,35350.11,1365.9,2404.94,35467.22,35349.89765625001,1366.4754687500013,2405.116093750003,35467.01812500003
2026-04-24,17:42:00.000,2026-04-24 17:42:00,35349.97,1365.98,2405.29,35467.1,35349.757656250025,1366.5554687500012,2405.466093750003,35466.89812500003
2026-04-24,17:43:00.000,2026-04-24 17:43:00,35350.62,1366.1,2403.91,35467.65,35350.40765625002,1366.675468750001,2404.086093750003,35467.44812500003
2026-04-24,17:44:00.000,2026-04-24 17:44:00,35349.78,1366.17,2405.22,35466.91,35350.02265625001,1366.237968750001,2405.482343750002,35467.14812500003
2026-04-24,17:45:00.000,2026-04-24 17:45:00,35349.99,1366.37,2404.64,35467.09,35350.23265625002,1366.437968750001,2404.9023437500023,35467.32812500002
2026-04-24,17:46:00.000,2026-04-24 17:46:00,35349.97,1366.38,2404.98,35467.08,35350.21265625002,1366.4479687500013,2405.2423437500024,35467.318125000034
2026-04-24,17:47:00.000,2026-04-24 17:47:00,35350.14,1366.45,2404.46,35467.23,35350.38265625002,1366.517968750001,2404.722343750003,35467.46812500003
2026-04-24,17:48:00.000,2026-04-24 17:48:00,35349.76,1366.59,2405.0,35466.89,35350.00265625002,1366.6579687500014,2405.262343750003,35467.12812500004
2026-04-24,17:49:00.000,2026-04-24 17:49:00,35349.75,1366.64,2405.12,35466.92,35349.992656250026,1366.7079687500016,2405.3823437500027,35467.15812500004
2026-04-24,17:50:00.000,2026-04-24 17:50:00,35349.83,1366.42,2405.19,35466.98,35350.07265625003,1366.4879687500018,2405.4523437500025,35467.21812500004
2026-04-24,17:51:00.000,2026-04-24 17:51:00,35349.64,1366.51,2405.56,35466.81,35349.882656250025,1366.5779687500014,2405.8223437500023,35467.04812500003
2026-04-24,17:52:00.000,2026-04-24 17:52:00,35349.58,1366.57,2405.46,35466.74,35350.71265625002,1366.1554687500013,2405.198593750003,35467.809375000026
2026-04-24,17:53:00.000,2026-04-24 17:53:00,35349.25,1366.81,2405.55,35466.43,35350.38265625002,1366.395468750001,2405.288593750003,35467.49937500003
2026-04-24,17:54:00.000,2026-04-24 17:54:00,35349.22,1366.95,2405.41,35466.4,35350.35265625003,1366.5354687500014,2405.1485937500024,35467.46937500004
2026-04-24,17:55:00.000,2026-04-24 17:55:00,35349.05,1367.03,2405.64,35466.25,35350.18265625003,1366.6154687500014,2405.378593750003,35467.31937500004
2026-04-24,17:56:00.000,2026-04-24 17:56:00,35348.78,1367.09,2405.68,35465.99,35349.91265625002,1366.675468750001,2405.418593750002,35467.05937500004
2026-04-24,17:57:00.000,2026-04-24 17:57:00,35348.68,1367.08,2405.49,35465.87,35349.81265625001,1366.6654687500013,2405.2285937500023,35466.939375000045
2026-04-24,17:58:00.000,2026-04-24 17:58:00,35348.61,1366.98,2405.58,35465.81,35349.742656250026,1366.5654687500014,2405.3185937500025,35466.879375000026
2026-04-24,17:59:00.000,2026-04-24 17:59:00,35348.57,1366.88,2405.55,35465.77,35349.70265625002,1366.4654687500015,2405.2885937500027,35466.83937500003
2026-04-24,18:00:00.000,2026-04-24 18:00:00,35348.78,1366.94,2405.11,35465.95,35350.21890625002,1366.5542187500014,2404.7385937500026,35467.31187500003
2026-04-24,18:01:00.000,2026-04-24 18:01:00,35348.57,1366.95,2405.64,35465.77,35350.00890625001,1366.5642187500016,2405.2685937500023,35467.13187500002
2026-04-24,18:02:00.000,2026-04-24 18:02:00,35348.74,1366.99,2405.05,35465.91,35350.17890625002,1366.6042187500013,2404.6785937500026,35467.271875000035
2026-04-24,18:03:00.000,2026-04-24 18:03:00,35348.61,1366.95,2405.57,35465.81,35350.04890625003,1366.5642187500014,2405.198593750002,35467.17187500003
2026-04-24,18:04:00.000,2026-04-24 18:04:00,35348.59,1366.97,2405.77,35465.81,35350.02890625002,1366.5842187500014,2405.398593750003,35467.17187500003
2026-04-24,18:05:00.000,2026-04-24 18:05:00,35348.57,1366.91,2405.91,35465.79,35350.00890625002,1366.5242187500014,2405.5385937500023,35467.15187500004
2026-04-24,18:06:00.000,2026-04-24 18:06:00,35348.63,1366.86,2406.18,35465.86,35350.068906250024,1366.4742187500012,2405.8085937500023,35467.22187500005
2026-04-24,18:07:00.000,2026-04-24 18:07:00,35348.8,1366.59,2406.01,35466.02,35350.23890625004,1366.2042187500012,2405.638593750003,35467.381875000036
2026-04-24,18:08:00.000,2026-04-24 18:08:00,35348.97,1366.45,2405.96,35466.17,35348.03906250004,1368.4532812500015,2406.416718750001,35465.34625000003
2026-04-24,18:09:00.000,2026-04-24 18:09:00,35348.9,1366.2,2406.23,35466.11,35347.96906250003,1368.2032812500015,2406.6867187500015,35465.286250000034
2026-04-24,18:10:00.000,2026-04-24 18:10:00,35349.16,1366.27,2405.75,35466.33,35348.22906250004,1368.2732812500014,2406.206718750002,35465.50625000003
2026-04-24,18:11:00.000,2026-04-24 18:11:00,35348.97,1366.37,2405.85,35466.15,35348.03906250004,1368.3732812500014,2406.3067187500014,35465.326250000035
2026-04-24,18:12:00.000,2026-04-24 18:12:00,35349.02,1366.47,2405.76,35466.2,35348.08906250004,1368.4732812500015,2406.2167187500017,35465.37625000002
2026-04-24,18:13:00.000,2026-04-24 18:13:00,35349.17,1366.71,2405.82,35466.35,35348.23906250003,1368.7132812500013,2406.2767187500012,35465.52625000002
2026-04-24,18:14:00.000,2026-04-24 18:14:00,35349.66,1367.09,2405.2,35466.81,35348.72906250004,1369.0932812500014,2405.6567187500013,35465.98625000002
2026-04-24,18:15:00.000,2026-04-24 18:15:00,35349.49,1367.17,2406.13,35466.72,35348.55906250004,1369.1732812500013,2406.5867187500016,35465.89625000003
2026-04-24,18:16:00.000,2026-04-24 18:16:00,35349.79,1367.41,2405.85,35467.01,35347.63531250004,1368.7345312500013,2406.005468750001,35464.92125000003
2026-04-24,18:17:00.000,2026-04-24 18:17:00,35349.85,1367.57,2406.12,35467.09,35347.69531250004,1368.8945312500011,2406.2754687500014,35465.00125000003
2026-04-24,18:18:00.000,2026-04-24 18:18:00,35350.27,1367.31,2406.29,35467.5,35348.11531250003,1368.6345312500011,2406.445468750002,35465.411250000034
2026-04-24,18:19:00.000,2026-04-24 18:19:00,35350.52,1367.16,2406.12,35467.75,35348.36531250003,1368.4845312500015,2406.275468750002,35465.661250000034
2026-04-24,18:20:00.000,2026-04-24 18:20:00,35350.55,1366.92,2406.34,35467.78,35348.39531250005,1368.2445312500013,2406.4954687500017,35465.691250000025
2026-04-24,18:21:00.000,2026-04-24 18:21:00,35350.68,1367.03,2406.04,35467.9,35348.52531250004,1368.3545312500014,2406.1954687500015,35465.81125000002
2026-04-24,18:22:00.000,2026-04-24 18:22:00,35350.64,1367.28,2406.12,35467.85,35348.48531250003,1368.6045312500016,2406.275468750001,35465.76125000002
2026-04-24,18:23:00.000,2026-04-24 18:23:00,35350.83,1367.48,2406.23,35468.08,35348.67531250003,1368.8045312500014,2406.3854687500016,35465.99125000003
2026-04-24,18:24:00.000,2026-04-24 18:24:00,35351.03,1367.69,2406.06,35468.29,35347.99906250003,1368.3695312500015,2406.184218750001,35465.29000000003
2026-04-24,18:25:00.000,2026-04-24 18:25:00,35351.14,1368.02,2406.0,35468.4,35348.10906250003,1368.6995312500014,2406.1242187500015,35465.40000000003
2026-04-24,18:26:00.000,2026-04-24 18:26:00,35351.3,1368.17,2405.76,35468.52,35348.26906250003,1368.8495312500015,2405.8842187500018,35465.520000000026
2026-04-24,18:27:00.000,2026-04-24 18:27:00,35351.29,1368.09,2406.23,35468.56,35348.25906250002,1368.7695312500016,2406.354218750002,35465.56000000002
2026-04-24,18:28:00.000,2026-04-24 18:28:00,35351.66,1367.92,2406.09,35468.91,35348.62906250005,1368.5995312500015,2406.2142187500012,35465.91000000004
2026-04-24,18:29:00.000,2026-04-24 18:29:00,35351.45,1367.87,2406.64,35468.74,35348.41906250004,1368.5495312500013,2406.7642187500014,35465.74000000003
2026-04-24,18:30:00.000,2026-04-24 18:30:00,35351.19,1367.83,2406.43,35468.49,35348.15906250004,1368.5095312500011,2406.5542187500014,35465.49000000002
2026-04-24,18:31:00.000,2026-04-24 18:31:00,35351.08,1367.73,2406.15,35468.34,35348.04906250004,1368.4095312500012,2406.2742187500016,35465.340000000026
2026-04-24,18:32:00.000,2026-04-24 18:32:00,35350.67,1367.6,2406.69,35467.96,35347.60281250003,1368.9170312500014,2406.7117187500016,35464.93375000002
2026-04-24,18:33:00.000,2026-04-24 18:33:00,35351.14,1367.39,2406.2,35468.39,35348.07281250003,1368.7070312500014,2406.221718750002,35465.363750000026
2026-04-24,18:34:00.000,2026-04-24 18:34:00,35351.47,1367.18,2406.61,35468.73,35348.402812500026,1368.4970312500013,2406.6317187500017,35465.70375000003
2026-04-24,18:35:00.000,2026-04-24 18:35:00,35351.89,1367.0,2406.32,35469.15,35348.822812500024,1368.3170312500015,2406.3417187500017,35466.12375000003
2026-04-24,18:36:00.000,2026-04-24 18:36:00,35351.86,1366.95,2405.96,35469.08,35348.79281250004,1368.2670312500018,2405.981718750001,35466.05375000003
2026-04-24,18:37:00.000,2026-04-24 18:37:00,35351.62,1367.03,2406.17,35468.85,35348.552812500035,1368.3470312500017,2406.191718750001,35465.82375000003
2026-04-24,18:38:00.000,2026-04-24 18:38:00,35351.02,1367.37,2406.29,35468.28,35347.95281250004,1368.6870312500014,2406.3117187500006,35465.253750000025
2026-04-24,18:39:00.000,2026-04-24 18:39:00,35350.76,1367.7,2405.94,35468.02,35347.69281250005,1369.0170312500018,2405.961718750001,35464.993750000016
2026-04-24,18:40:00.000,2026-04-24 18:40:00,35350.28,1367.88,2405.89,35467.56,35349.49906250004,1368.0407812500011,2406.110468750002,35466.77125000003
2026-04-24,18:41:00.000,2026-04-24 18:41:00,35350.36,1368.11,2405.02,35467.58,35349.579062500045,1368.2707812500012,2405.240468750002,35466.79125000003
2026-04-24,18:42:00.000,2026-04-24 18:42:00,35349.49,1368.26,2406.04,35466.77,35348.70906250004,1368.420781250001,2406.260468750002,35465.98125000002
2026-04-24,18:43:00.000,2026-04-24 18:43:00,35349.24,1368.4,2406.1,35466.55,35348.45906250004,1368.5607812500014,2406.3204687500015,35465.76125000002
2026-04-24,18:44:00.000,2026-04-24 18:44:00,35348.72,1368.58,2406.3,35466.05,35347.93906250003,1368.7407812500014,2406.5204687500013,35465.261250000025
2026-04-24,18:45:00.000,2026-04-24 18:45:00,35348.29,1368.67,2406.37,35465.62,35347.50906250004,1368.8307812500016,2406.590468750001,35464.83125000003
2026-04-24,18:46:00.000,2026-04-24 18:46:00,35347.98,1368.7,2406.54,35465.32,35347.19906250003,1368.8607812500015,2406.760468750001,35464.53125000002
2026-04-24,18:47:00.000,2026-04-24 18:47:00,35347.78,1368.87,2406.33,35465.11,35346.99906250002,1369.0307812500016,2406.550468750001,35464.32125000003
2026-04-24,18:48:00.000,2026-04-24 18:48:00,35347.53,1369.07,2406.22,35464.86,35349.05906250003,1368.3345312500012,2405.9754687500013,35466.33875000003
2026-04-24,18:49:00.000,2026-04-24 18:49:00,35347.14,1369.11,2406.54,35464.5,35348.669062500034,1368.3745312500012,2406.295468750002,35465.97875000003
2026-04-24,18:50:00.000,2026-04-24 18:50:00,35347.01,1369.13,2406.54,35464.36,35348.53906250004,1368.3945312500014,2406.295468750001,35465.838750000024
2026-04-24,18:51:00.000,2026-04-24 18:51:00,35346.71,1369.16,2406.57,35464.05,35348.23906250003,1368.424531250001,2406.3254687500016,35465.52875000003
2026-04-24,18:52:00.000,2026-04-24 18:52:00,35346.46,1369.2,2406.55,35463.79,35347.98906250004,1368.4645312500015,2406.3054687500016,35465.268750000025
2026-04-24,18:53:00.000,2026-04-24 18:53:00,35346.33,1369.36,2406.72,35463.68,35347.859062500036,1368.6245312500014,2406.4754687500017,35465.158750000024
2026-04-24,18:54:00.000,2026-04-24 18:54:00,35346.2,1369.66,2406.72,35463.55,35347.72906250004,1368.9245312500013,2406.4754687500017,35465.02875000003
2026-04-24,18:55:00.000,2026-04-24 18:55:00,35346.28,1369.95,2406.45,35463.63,35347.80906250004,1369.2145312500013,2406.2054687500013,35465.10875000003
2026-04-24,18:56:00.000,2026-04-24 18:56:00,35345.77,1370.08,2406.73,35463.15,35348.79281250003,1368.2457812500013,2406.430468750001,35466.09750000003
2026-04-24,18:57:00.000,2026-04-24 18:57:00,35345.48,1370.15,2406.63,35462.85,35348.50281250004,1368.3157812500015,2406.3304687500017,35465.79750000003
2026-04-24,18:58:00.000,2026-04-24 18:58:00,35345.35,1370.37,2406.61,35462.72,35348.37281250003,1368.5357812500013,2406.3104687500013,35465.66750000003
2026-04-24,18:59:00.000,2026-04-24 18:59:00,35345.2,1370.52,2406.61,35462.58,35348.22281250003,1368.6857812500014,2406.3104687500013,35465.52750000003
2026-04-24,19:00:00.000,2026-04-24 19:00:00,35344.97,1370.71,2406.65,35462.35,35347.99281250003,1368.8757812500014,2406.3504687500017,35465.29750000002
2026-04-24,19:01:00.000,2026-04-24 19:01:00,35345.05,1370.53,2406.56,35462.42,35348.07281250003,1368.6957812500016,2406.2604687500016,35465.36750000003
2026-04-24,19:02:00.000,2026-04-24 19:02:00,35344.87,1370.57,2406.72,35462.25,35347.892812500046,1368.735781250001,2406.420468750001,35465.19750000002
2026-04-24,19:03:00.000,2026-04-24 19:03:00,35345.02,1370.5,2406.24,35462.35,35348.04281250004,1368.6657812500014,2405.9404687500014,35465.29750000002
2026-04-24,19:04:00.000,2026-04-24 19:04:00,35344.23,1370.7,2406.7,35461.62,35349.64281250004,1367.7845312500015,2406.2654687500008,35466.92125000003
2026-04-24,19:05:00.000,2026-04-24 19:05:00,35343.92,1370.84,2406.89,35461.32,35349.332812500026,1367.9245312500013,2406.4554687500013,35466.621250000026
2026-04-24,19:06:00.000,2026-04-24 19:06:00,35343.68,1371.07,2406.47,35461.05,35349.09281250004,1368.1545312500016,2406.035468750001,35466.35125000002
2026-04-24,19:07:00.000,2026-04-24 19:07:00,35343.1,1371.27,2406.95,35460.51,35348.51281250004,1368.3545312500014,2406.5154687500008,35465.81125000001
2026-04-24,19:08:00.000,2026-04-24 19:08:00,35342.69,1371.65,2406.76,35460.08,35348.10281250004,1368.7345312500015,2406.3254687500016,35465.381250000035
2026-04-24,19:09:00.000,2026-04-24 19:09:00,35342.19,1372.04,2406.72,35459.62,35347.60281250004,1369.1245312500014,2406.2854687500017,35464.92125000004
2026-04-24,19:10:00.000,2026-04-24 19:10:00,35341.56,1372.18,2406.89,35459.0,35346.972812500026,1369.264531250001,2406.455468750002,35464.30125000002
2026-04-24,19:11:00.000,2026-04-24 19:11:00,35341.22,1372.33,2406.45,35458.64,35346.63281250003,1369.4145312500011,2406.0154687500017,35463.94125000002
2026-04-24,19:12:00.000,2026-04-24 19:12:00,35340.76,1372.28,2406.28,35458.16,35331.17796875002,1372.549375000001,2407.2910937500023,35448.60921875004
2026-04-24,19:13:00.000,2026-04-24 19:13:00,35339.78,1372.24,2407.17,35457.25,35330.19796875002,1372.509375000001,2408.1810937500027,35447.69921875004
2026-04-24,19:14:00.000,2026-04-24 19:14:00,35339.38,1372.48,2407.05,35456.82,35329.79796875003,1372.7493750000008,2408.0610937500023,35447.269218750036
2026-04-24,19:15:00.000,2026-04-24 19:15:00,35338.67,1372.8,2407.15,35456.13,35329.08796875002,1373.069375000001,2408.161093750002,35446.579218750034
2026-04-24,19:16:00.000,2026-04-24 19:16:00,35338.46,1372.98,2406.96,35455.92,35328.87796875002,1373.249375000001,2407.971093750002,35446.36921875004
2026-04-24,19:17:00.000,2026-04-24 19:17:00,35337.98,1373.21,2406.87,35455.43,35328.397968750025,1373.479375000001,2407.881093750002,35445.87921875004
2026-04-24,19:18:00.000,2026-04-24 19:18:00,35337.17,1373.39,2407.24,35454.67,35327.58796875002,1373.659375000001,2408.251093750002,35445.119218750035
2026-04-24,19:19:00.000,2026-04-24 19:19:00,35337.18,1373.47,2406.7,35454.65,35327.597968750015,1373.739375000001,2407.711093750002,35445.09921875003
2026-04-24,19:20:00.000,2026-04-24 19:20:00,35336.5,1373.49,2407.39,35454.0,35330.06046875002,1373.608125000001,2407.812343750002,35447.57421875004
2026-04-24,19:21:00.000,2026-04-24 19:21:00,35336.52,1373.24,2407.4,35453.99,35330.08046875001,1373.358125000001,2407.8223437500023,35447.56421875004
2026-04-24,19:22:00.000,2026-04-24 19:22:00,35336.18,1372.95,2407.73,35453.67,35329.740468750024,1373.0681250000011,2408.1523437500023,35447.24421875003
2026-04-24,19:23:00.000,2026-04-24 19:23:00,35335.95,1372.82,2407.74,35453.43,35329.51046875001,1372.938125000001,2408.1623437500016,35447.00421875004
2026-04-24,19:24:00.000,2026-04-24 19:24:00,35335.72,1372.82,2407.45,35453.18,35329.280468750025,1372.938125000001,2407.8723437500025,35446.754218750044
2026-04-24,19:25:00.000,2026-04-24 19:25:00,35335.0,1372.85,2407.78,35452.49,35328.56046875002,1372.9681250000008,2408.2023437500025,35446.06421875004
2026-04-24,19:26:00.000,2026-04-24 19:26:00,35334.5,1372.95,2407.29,35451.96,35328.060468750016,1373.068125000001,2407.7123437500018,35445.53421875004
2026-04-24,19:27:00.000,2026-04-24 19:27:00,35333.87,1372.94,2407.35,35451.31,35327.430468750026,1373.0581250000012,2407.772343750002,35444.88421875005
2026-04-24,19:28:00.000,2026-04-24 19:28:00,35333.21,1373.11,2407.32,35450.65,35331.05671875002,1372.9543750000014,2407.972343750002,35448.53421875003
2026-04-24,19:29:00.000,2026-04-24 19:29:00,35332.81,1373.19,2407.02,35450.22,35330.65671875001,1373.0343750000013,2407.672343750002,35448.104218750035
2026-04-24,19:30:00.000,2026-04-24 19:30:00,35332.27,1373.22,2406.9,35449.7,35330.11671875001,1373.0643750000013,2407.552343750002,35447.58421875004
2026-04-24,19:31:00.000,2026-04-24 19:31:00,35331.57,1373.32,2406.98,35449.01,35329.41671875001,1373.1643750000012,2407.632343750002,35446.894218750036
2026-04-24,19:32:00.000,2026-04-24 19:32:00,35330.78,1373.29,2407.41,35448.24,35328.62671875002,1373.1343750000005,2408.0623437500026,35446.12421875003
2026-04-24,19:33:00.000,2026-04-24 19:33:00,35330.22,1373.3,2407.5,35447.69,35328.06671875002,1373.1443750000008,2408.1523437500027,35445.574218750044
2026-04-24,19:34:00.000,2026-04-24 19:34:00,35329.73,1373.37,2407.62,35447.22,35327.57671875003,1373.2143750000007,2408.2723437500026,35445.10421875005
2026-04-24,19:35:00.000,2026-04-24 19:35:00,35329.36,1373.45,2407.54,35446.82,35327.20671875002,1373.2943750000006,2408.1923437500027,35444.70421875004
2026-04-24,19:36:00.000,2026-04-24 19:36:00,35328.89,1373.46,2407.48,35446.35,35330.240468750024,1373.155625000001,2407.7348437500027,35447.736718750035
2026-04-24,19:37:00.000,2026-04-24 19:37:00,35328.45,1373.58,2407.45,35445.9,35329.80046875002,1373.275625000001,2407.704843750002,35447.28671875004
2026-04-24,19:38:00.000,2026-04-24 19:38:00,35328.12,1373.58,2407.56,35445.58,35329.47046875001,1373.2756250000011,2407.8148437500017,35446.96671875003
2026-04-24,19:39:00.000,2026-04-24 19:39:00,35328.0,1373.56,2407.28,35445.43,35329.35046875002,1373.2556250000011,2407.534843750002,35446.81671875004
2026-04-24,19:40:00.000,2026-04-24 19:40:00,35327.57,1373.31,2407.7,35445.01,35328.92046875002,1373.005625000001,2407.954843750002,35446.396718750046
2026-04-24,19:41:00.000,2026-04-24 19:41:00,35327.22,1373.27,2407.9,35444.68,35328.57046875001,1372.965625000001,2408.154843750003,35446.066718750044
2026-04-24,19:42:00.000,2026-04-24 19:42:00,35327.0,1373.32,2408.11,35444.46,35328.350468750024,1373.0156250000011,2408.3648437500024,35445.846718750036
2026-04-24,19:43:00.000,2026-04-24 19:43:00,35326.67,1373.36,2407.99,35444.12,35328.02046875002,1373.055625000001,2408.2448437500025,35445.50671875004
2026-04-24,19:44:00.000,2026-04-24 19:44:00,35326.26,1373.22,2408.09,35443.72,35329.795468750024,1373.300625000001,2408.0098437500023,35447.300468750036
2026-04-24,19:45:00.000,2026-04-24 19:45:00,35326.1,1373.17,2407.89,35443.54,35329.63546875002,1373.2506250000013,2407.8098437500016,35447.12046875003
2026-04-24,19:46:00.000,2026-04-24 19:46:00,35325.7,1373.1,2408.07,35443.16,35329.23546875001,1373.1806250000009,2407.989843750003,35446.74046875004
2026-04-24,19:47:00.000,2026-04-24 19:47:00,35325.38,1373.08,2407.97,35442.82,35328.91546875002,1373.160625000001,2407.8898437500025,35446.40046875004
2026-04-24,19:48:00.000,2026-04-24 19:48:00,35325.1,1373.06,2408.07,35442.55,35328.63546875001,1373.140625000001,2407.9898437500024,35446.130468750045
2026-04-24,19:49:00.000,2026-04-24 19:49:00,35324.86,1372.96,2408.08,35442.31,35328.39546875002,1373.040625000001,2407.9998437500017,35445.89046875004
2026-04-24,19:50:00.000,2026-04-24 19:50:00,35325.31,1372.87,2408.02,35442.72,35328.84546875003,1372.9506250000009,2407.9398437500017,35446.300468750036
2026-04-24,19:51:00.000,2026-04-24 19:51:00,35325.73,1372.9,2407.96,35443.16,35329.265468750025,1372.980625000001,2407.8798437500022,35446.74046875004
2026-04-24,19:52:00.000,2026-04-24 19:52:00,35325.92,1373.0,2408.07,35443.38,35329.50171875001,1373.140625000001,2407.5710937500025,35446.96171875004
2026-04-24,19:53:00.000,2026-04-24 19:53:00,35325.6,1373.17,2408.09,35443.07,35329.181718750006,1373.310625000001,2407.591093750002,35446.65171875004
2026-04-24,19:54:00.000,2026-04-24 19:54:00,35326.12,1372.98,2408.81,35443.62,35329.70171875001,1373.120625000001,2408.3110937500023,35447.20171875004
2026-04-24,19:55:00.000,2026-04-24 19:55:00,35325.61,1372.94,2408.54,35443.09,35329.191718750015,1373.080625000001,2408.041093750003,35446.67171875004
2026-04-24,19:56:00.000,2026-04-24 19:56:00,35325.48,1372.89,2408.7,35442.98,35329.06171875003,1373.0306250000012,2408.2010937500027,35446.561718750025
2026-04-24,19:57:00.000,2026-04-24 19:57:00,35325.31,1372.84,2408.48,35442.81,35328.89171875002,1372.980625000001,2407.9810937500024,35446.39171875003
2026-04-24,19:58:00.000,2026-04-24 19:58:00,35325.09,1372.94,2408.51,35442.58,35328.671718750025,1373.0806250000012,2408.011093750002,35446.16171875004
2026-04-24,19:59:00.000,2026-04-24 19:59:00,35324.94,1373.12,2408.3,35442.44,35328.52171875003,1373.260625000001,2407.801093750002,35446.02171875004
2026-04-24,20:00:00.000,2026-04-24 20:00:00,35324.76,1373.27,2408.5,35442.28,35329.40421875001,1372.989375000001,2407.826093750002,35446.87046875004
2026-04-24,20:01:00.000,2026-04-24 20:01:00,35324.46,1373.34,2408.56,35441.99,35329.104218750006,1373.0593750000007,2407.8860937500017,35446.580468750035
2026-04-24,20:02:00.000,2026-04-24 20:02:00,35324.73,1373.32,2408.13,35442.2,35329.374218750025,1373.0393750000014,2407.4560937500023,35446.790468750034
2026-04-24,20:03:00.000,2026-04-24 20:03:00,35324.66,1373.37,2408.41,35442.18,35329.30421875002,1373.0893750000012,2407.736093750002,35446.770468750045
2026-04-24,20:04:00.000,2026-04-24 20:04:00,35324.43,1373.51,2408.76,35442.0,35329.07421875002,1373.229375000001,2408.0860937500024,35446.59046875003
2026-04-24,20:05:00.000,2026-04-24 20:05:00,35324.45,1373.46,2408.89,35442.01,35329.09421875001,1373.1793750000008,2408.2160937500025,35446.60046875004
2026-04-24,20:06:00.000,2026-04-24 20:06:00,35324.1,1373.47,2408.78,35441.67,35328.74421875002,1373.189375000001,2408.106093750003,35446.26046875003
2026-04-24,20:07:00.000,2026-04-24 20:07:00,35323.98,1373.51,2408.87,35441.57,35328.624218750025,1373.229375000001,2408.196093750002,35446.16046875004
2026-04-24,20:08:00.000,2026-04-24 20:08:00,35324.01,1373.52,2408.88,35441.59,35329.07296875003,1373.6518750000012,2407.792343750002,35446.54296875003
2026-04-24,20:09:00.000,2026-04-24 20:09:00,35323.81,1373.46,2408.87,35441.39,35328.872968750016,1373.5918750000012,2407.782343750002,35446.34296875003
2026-04-24,20:10:00.000,2026-04-24 20:10:00,35323.73,1373.36,2408.9,35441.32,35328.79296875002,1373.4918750000008,2407.812343750002,35446.27296875004
2026-04-24,20:11:00.000,2026-04-24 20:11:00,35323.95,1373.27,2409.0,35441.55,35329.01296875002,1373.4018750000012,2407.9123437500025,35446.50296875005
2026-04-24,20:12:00.000,2026-04-24 20:12:00,35324.01,1373.06,2409.08,35441.63,35329.07296875002,1373.1918750000007,2407.9923437500024,35446.58296875003
2026-04-24,20:13:00.000,2026-04-24 20:13:00,35323.93,1372.64,2409.09,35441.53,35328.99296875002,1372.771875000001,2408.0023437500026,35446.48296875004
2026-04-24,20:14:00.000,2026-04-24 20:14:00,35324.2,1372.32,2409.16,35441.81,35329.26296875001,1372.4518750000009,2408.072343750002,35446.76296875003
2026-04-24,20:15:00.000,2026-04-24 20:15:00,35324.58,1372.32,2409.23,35442.18,35329.64296875001,1372.4518750000009,2408.1423437500025,35447.13296875004
2026-04-24,20:16:00.000,2026-04-24 20:16:00,35324.74,1372.3,2409.28,35442.33,35332.683437500025,1374.7617187500014,2409.5356250000013,35450.43453125002
2026-04-24,20:17:00.000,2026-04-24 20:17:00,35324.55,1372.31,2409.24,35442.18,35332.49343750002,1374.7717187500011,2409.4956250000014,35450.28453125003
2026-04-24,20:18:00.000,2026-04-24 20:18:00,35325.23,1372.29,2409.36,35442.87,35333.17343750003,1374.7517187500011,2409.6156250000013,35450.97453125002
2026-04-24,20:19:00.000,2026-04-24 20:19:00,35325.59,1372.31,2409.38,35443.22,35333.53343750002,1374.7717187500011,2409.6356250000017,35451.32453125003
2026-04-24,20:20:00.000,2026-04-24 20:20:00,35325.98,1372.51,2409.36,35443.66,35333.92343750003,1374.9717187500014,2409.6156250000017,35451.76453125003
2026-04-24,20:21:00.000,2026-04-24 20:21:00,35326.21,1372.74,2409.47,35443.89,35334.15343750003,1375.2017187500014,2409.7256250000014,35451.99453125003
2026-04-24,20:22:00.000,2026-04-24 20:22:00,35326.15,1372.77,2409.42,35443.83,35334.09343750002,1375.2317187500014,2409.6756250000017,35451.93453125003
2026-04-24,20:23:00.000,2026-04-24 20:23:00,35325.98,1372.9,2409.37,35443.66,35333.92343750002,1375.3617187500015,2409.6256250000015,35451.76453125003
2026-04-24,20:24:00.000,2026-04-24 20:24:00,35326.35,1373.01,2409.44,35444.04,35331.68718750002,1374.781718750001,2409.358125000002,35449.482031250016
2026-04-24,20:25:00.000,2026-04-24 20:25:00,35326.89,1373.12,2409.53,35444.59,35332.22718750003,1374.891718750001,2409.448125000002,35450.03203125002
2026-04-24,20:26:00.000,2026-04-24 20:26:00,35327.57,1373.23,2409.65,35445.28,35332.90718750003,1375.0017187500011,2409.568125000002,35450.72203125003
2026-04-24,20:27:00.000,2026-04-24 20:27:00,35328.09,1373.31,2409.72,35445.8,35333.42718750002,1375.081718750001,2409.6381250000018,35451.24203125003
2026-04-24,20:28:00.000,2026-04-24 20:28:00,35328.35,1373.28,2409.73,35446.07,35333.68718750002,1375.0517187500013,2409.6481250000015,35451.51203125003
2026-04-24,20:29:00.000,2026-04-24 20:29:00,35329.07,1373.26,2409.81,35446.78,35334.40718750002,1375.0317187500013,2409.7281250000015,35452.222031250036
2026-04-24,20:30:00.000,2026-04-24 20:30:00,35329.21,1373.3,2409.81,35446.91,35334.54718750002,1375.0717187500013,2409.7281250000015,35452.352031250026
2026-04-24,20:31:00.000,2026-04-24 20:31:00,35329.75,1373.14,2409.89,35447.47,35335.087187500016,1374.9117187500015,2409.8081250000014,35452.91203125002
2026-04-24,20:32:00.000,2026-04-24 20:32:00,35330.68,1372.99,2409.96,35448.39,35331.119687500024,1375.020468750001,2409.503125000002,35448.91828125002
2026-04-24,20:33:00.000,2026-04-24 20:33:00,35331.52,1372.93,2410.04,35449.24,35331.95968750002,1374.9604687500012,2409.583125000002,35449.76828125003
2026-04-24,20:34:00.000,2026-04-24 20:34:00,35332.07,1372.96,2410.05,35449.79,35332.50968750002,1374.9904687500011,2409.5931250000012,35450.31828125004
2026-04-24,20:35:00.000,2026-04-24 20:35:00,35332.52,1373.07,2410.03,35450.24,35332.95968750002,1375.1004687500013,2409.5731250000017,35450.768281250035
2026-04-24,20:36:00.000,2026-04-24 20:36:00,35333.32,1372.98,2410.08,35451.05,35333.759687500016,1375.0104687500013,2409.623125000001,35451.578281250026
2026-04-24,20:37:00.000,2026-04-24 20:37:00,35334.11,1372.88,2410.13,35451.84,35334.549687500024,1374.9104687500014,2409.673125000001,35452.36828125002
2026-04-24,20:38:00.000,2026-04-24 20:38:00,35334.89,1372.83,2410.16,35452.62,35335.32968750003,1374.8604687500012,2409.7031250000014,35453.14828125003
2026-04-24,20:39:00.000,2026-04-24 20:39:00,35335.35,1372.94,2410.13,35453.08,35335.78968750002,1374.9704687500014,2409.6731250000016,35453.608281250024
2026-04-24,20:40:00.000,2026-04-24 20:40:00,35336.47,1372.85,2410.17,35454.19,35330.32968750002,1375.874218750001,2409.6668750000017,35448.14203125003
2026-04-24,20:41:00.000,2026-04-24 20:41:00,35337.2,1372.74,2410.2,35454.94,35331.05968750002,1375.764218750001,2409.6968750000015,35448.89203125003
2026-04-24,20:42:00.000,2026-04-24 20:42:00,35338.84,1372.28,2410.33,35456.58,35332.699687500026,1375.3042187500014,2409.8268750000016,35450.532031250026
2026-04-24,20:43:00.000,2026-04-24 20:43:00,35340.59,1371.54,2410.46,35458.31,35334.449687500026,1374.5642187500011,2409.9568750000017,35452.26203125002
2026-04-24,20:44:00.000,2026-04-24 20:44:00,35341.04,1371.44,2410.3,35458.75,35334.89968750002,1374.4642187500012,2409.7968750000023,35452.70203125003
2026-04-24,20:45:00.000,2026-04-24 20:45:00,35340.8,1371.44,2410.02,35458.5,35334.65968750003,1374.4642187500012,2409.5168750000016,35452.45203125003
2026-04-24,20:46:00.000,2026-04-24 20:46:00,35341.02,1371.45,2409.81,35458.73,35334.879687500026,1374.4742187500015,2409.3068750000016,35452.68203125003
2026-04-24,20:47:00.000,2026-04-24 20:47:00,35341.14,1371.89,2409.66,35458.86,35334.999687500036,1374.9142187500015,2409.156875000002,35452.81203125003
2026-04-24,20:48:00.000,2026-04-24 20:48:00,35341.18,1372.44,2409.56,35458.89,35333.58843750003,1373.6171510146416,2409.701875000002,35451.33953125003
2026-04-24,20:49:00.000,2026-04-24 20:49:00,35341.4,1372.89,2409.58,35459.14,35333.80843750003,1374.067151014642,2409.7218750000015,35451.58953125003
2026-04-24,20:50:00.000,2026-04-24 20:50:00,35341.11,1373.15,2409.49,35458.85,35333.518437500024,1374.3271510146417,2409.6318750000014,35451.299531250035
2026-04-24,20:51:00.000,2026-04-24 20:51:00,35340.91,1373.46,2409.39,35458.67,35333.31843750003,1374.6371510146416,2409.531875000002,35451.11953125003
2026-04-24,20:52:00.000,2026-04-24 20:52:00,35341.29,1373.99,2409.44,35459.08,35333.69843750002,1375.1671510146416,2409.581875000002,35451.529531250024
2026-04-24,20:53:00.000,2026-04-24 20:53:00,35341.2,1374.55,2409.45,35459.0,35333.60843750001,1375.7271510146415,2409.5918750000014,35451.44953125002
2026-04-24,20:54:00.000,2026-04-24 20:54:00,35341.09,1374.78,2409.47,35458.91,35333.49843750002,1375.9571510146416,2409.6118750000014,35451.35953125003
2026-04-24,20:55:00.000,2026-04-24 20:55:00,35340.53,1374.69,2409.41,35458.34,35332.93843750002,1375.8671510146419,2409.551875000002,35450.789531250026
2026-04-24,20:56:00.000,2026-04-24 20:56:00,35339.79,1374.75,2409.27,35457.6,35336.588437500024,1373.4475364853608,2409.8731250000014,35454.344531250026
2026-04-24,20:57:00.000,2026-04-24 20:57:00,35338.98,1375.04,2409.15,35456.81,35335.77843750003,1373.7375364853608,2409.7531250000015,35453.55453125002
2026-04-24,20:58:00.000,2026-04-24 20:58:00,35337.89,1375.46,2409.01,35455.73,35334.68843750002,1374.1575364853607,2409.6131250000017,35452.47453125004
2026-04-24,20:59:00.000,2026-04-24 20:59:00,35336.96,1375.8,2408.94,35454.8,35333.758437500015,1374.4975364853608,2409.543125000001,35451.54453125003
2026-04-24,21:00:00.000,2026-04-24 21:00:00,35336.1,1376.45,2408.9,35453.96,35332.89843750003,1375.1475364853611,2409.5031250000025,35450.70453125002
2026-04-24,21:01:00.000,2026-04-24 21:01:00,35335.31,1377.13,2408.91,35453.19,35332.10843750002,1375.827536485361,2409.5131250000018,35449.93453125003
2026-04-24,21:02:00.000,2026-04-24 21:02:00,35334.63,1377.76,2408.95,35452.55,35331.428437500035,1376.4575364853608,2409.5531250000013,35449.29453125002
2026-04-24,21:03:00.000,2026-04-24 21:03:00,35333.93,1378.31,2408.97,35451.88,35330.72843750004,1377.007536485361,2409.5731250000017,35448.624531250025
2026-04-24,21:04:00.000,2026-04-24 21:04:00,35333.37,1378.77,2409.07,35451.34,35334.64843750002,1374.2092187500016,2409.333125000002,35452.41203125003
2026-04-24,21:05:00.000,2026-04-24 21:05:00,35333.16,1379.1,2409.21,35451.13,35334.43843750003,1374.5392187500015,2409.4731250000013,35452.20203125004
2026-04-24,21:06:00.000,2026-04-24 21:06:00,35332.83,1379.32,2409.29,35450.84,35334.10843750002,1374.7592187500013,2409.553125000002,35451.91203125003
2026-04-24,21:07:00.000,2026-04-24 21:07:00,35332.44,1379.45,2409.37,35450.46,35333.71843750002,1374.8892187500014,2409.633125000002,35451.532031250026
2026-04-24,21:08:00.000,2026-04-24 21:08:00,35332.05,1379.59,2409.43,35450.08,35333.32843750003,1375.029218750001,2409.693125000001,35451.15203125002
2026-04-24,21:09:00.000,2026-04-24 21:09:00,35331.53,1379.85,2409.41,35449.57,35332.808437500025,1375.2892187500008,2409.6731250000016,35450.64203125003
2026-04-24,21:10:00.000,2026-04-24 21:10:00,35331.23,1380.08,2409.47,35449.28,35332.50843750004,1375.519218750001,2409.733125000001,35450.352031250026
2026-04-24,21:11:00.000,2026-04-24 21:11:00,35331.14,1380.15,2409.57,35449.2,35332.418437500026,1375.5892187500012,2409.8331250000015,35450.272031250024
2026-04-24,21:12:00.000,2026-04-24 21:12:00,35331.15,1380.18,2409.66,35449.22,35333.08468750001,1375.5779687500012,2409.438125000001,35450.92703125004
2026-04-24,21:13:00.000,2026-04-24 21:13:00,35331.25,1380.1,2409.73,35449.31,35333.18468750002,1375.4979687500013,2409.5081250000017,35451.017031250034
2026-04-24,21:14:00.000,2026-04-24 21:14:00,35331.28,1379.99,2409.79,35449.34,35333.214687500025,1375.3879687500014,2409.5681250000016,35451.047031250026
2026-04-24,21:15:00.000,2026-04-24 21:15:00,35331.45,1379.72,2409.83,35449.49,35333.38468750002,1375.1179687500014,2409.6081250000016,35451.19703125002
2026-04-24,21:16:00.000,2026-04-24 21:16:00,35331.66,1379.51,2409.9,35449.7,35333.59468750003,1374.9079687500011,2409.6781250000017,35451.407031250026
2026-04-24,21:17:00.000,2026-04-24 21:17:00,35331.9,1379.27,2409.93,35449.93,35333.83468750002,1374.6679687500014,2409.7081250000015,35451.63703125002
2026-04-24,21:18:00.000,2026-04-24 21:18:00,35331.91,1379.07,2409.93,35449.92,35333.84468750004,1374.4679687500013,2409.7081250000015,35451.62703125002
2026-04-24,21:19:00.000,2026-04-24 21:19:00,35331.9,1378.8,2409.93,35449.91,35333.83468750003,1374.1979687500013,2409.7081250000015,35451.617031250025
2026-04-24,21:20:00.000,2026-04-24 21:20:00,35331.75,1378.56,2409.86,35449.74,35325.89328125002,1378.926718750001,2409.9078125000024,35443.86828125002
2026-04-24,21:21:00.000,2026-04-24 21:21:00,35331.66,1378.34,2409.81,35449.64,35325.803281250024,1378.7067187500008,2409.857812500002,35443.76828125001
2026-04-24,21:22:00.000,2026-04-24 21:22:00,35331.48,1378.28,2409.71,35449.47,35325.62328125002,1378.646718750001,2409.757812500002,35443.59828125003
2026-04-24,21:23:00.000,2026-04-24 21:23:00,35331.39,1378.25,2409.67,35449.36,35325.53328125002,1378.6167187500012,2409.717812500002,35443.48828125003
2026-04-24,21:24:00.000,2026-04-24 21:24:00,35331.4,1377.89,2409.69,35449.35,35325.54328125002,1378.256718750001,2409.737812500002,35443.47828125003
2026-04-24,21:25:00.000,2026-04-24 21:25:00,35331.35,1377.54,2409.65,35449.3,35325.49328125002,1377.9067187500011,2409.697812500002,35443.42828125004
2026-04-24,21:26:00.000,2026-04-24 21:26:00,35331.16,1377.07,2409.55,35449.08,35325.30328125002,1377.4367187500009,2409.5978125000024,35443.20828125003
2026-04-24,21:27:00.000,2026-04-24 21:27:00,35331.04,1376.78,2409.48,35448.94,35325.18328125002,1377.146718750001,2409.527812500002,35443.06828125003
2026-04-24,21:28:00.000,2026-04-24 21:28:00,35330.91,1376.81,2409.41,35448.79,35326.952031250024,1377.4579687500009,2409.805312500002,35444.877031250035
2026-04-24,21:29:00.000,2026-04-24 21:29:00,35330.6,1376.91,2409.4,35448.49,35326.64203125003,1377.5579687500012,2409.7953125000026,35444.57703125003
2026-04-24,21:30:00.000,2026-04-24 21:30:00,35330.21,1377.19,2409.32,35448.09,35326.25203125003,1377.8379687500012,2409.7153125000013,35444.17703125002
2026-04-24,21:31:00.000,2026-04-24 21:31:00,35329.76,1377.62,2409.27,35447.66,35325.80203125003,1378.267968750001,2409.665312500001,35443.74703125003
2026-04-24,21:32:00.000,2026-04-24 21:32:00,35329.38,1377.86,2409.29,35447.29,35325.42203125001,1378.5079687500008,2409.6853125000016,35443.37703125002
2026-04-24,21:33:00.000,2026-04-24 21:33:00,35328.89,1377.96,2409.32,35446.79,35324.93203125002,1378.6079687500012,2409.7153125000023,35442.87703125002
2026-04-24,21:34:00.000,2026-04-24 21:34:00,35328.37,1378.03,2409.34,35446.28,35324.412031250016,1378.677968750001,2409.735312500002,35442.36703125002
2026-04-24,21:35:00.000,2026-04-24 21:35:00,35327.92,1378.08,2409.29,35445.82,35323.96203125002,1378.7279687500006,2409.6853125000016,35441.907031250026
2026-04-24,21:36:00.000,2026-04-24 21:36:00,35327.52,1378.21,2409.28,35445.42,35326.765781250026,1377.369218750001,2409.612812500002,35444.667031250036
2026-04-24,21:37:00.000,2026-04-24 21:37:00,35327.21,1378.43,2409.3,35445.12,35326.45578125003,1377.5892187500012,2409.6328125000023,35444.36703125003
2026-04-24,21:38:00.000,2026-04-24 21:38:00,35326.87,1378.6,2409.34,35444.78,35326.11578125002,1377.7592187500009,2409.6728125000022,35444.02703125003
2026-04-24,21:39:00.000,2026-04-24 21:39:00,35326.54,1378.9,2409.38,35444.48,35325.785781250015,1378.059218750001,2409.712812500002,35443.727031250026
2026-04-24,21:40:00.000,2026-04-24 21:40:00,35326.09,1379.25,2409.41,35444.04,35325.335781250025,1378.409218750001,2409.7428125000015,35443.28703125002
2026-04-24,21:41:00.000,2026-04-24 21:41:00,35325.7,1379.44,2409.43,35443.66,35324.945781250026,1378.599218750001,2409.762812500001,35442.90703125002
2026-04-24,21:42:00.000,2026-04-24 21:42:00,35325.39,1379.65,2409.49,35443.36,35324.63578125003,1378.809218750001,2409.822812500002,35442.607031250016
2026-04-24,21:43:00.000,2026-04-24 21:43:00,35325.09,1379.89,2409.51,35443.07,35324.335781250025,1379.0492187500008,2409.8428125000023,35442.31703125002
2026-04-24,21:44:00.000,2026-04-24 21:44:00,35324.6,1380.04,2409.51,35442.6,35326.77828125002,1378.526718750001,2409.7053125000025,35444.72203125003
2026-04-24,21:45:00.000,2026-04-24 21:45:00,35324.14,1380.04,2409.52,35442.14,35326.31828125003,1378.526718750001,2409.715312500002,35444.26203125004
2026-04-24,21:46:00.000,2026-04-24 21:46:00,35323.68,1380.04,2409.5,35441.69,35325.85828125003,1378.526718750001,2409.6953125000014,35443.81203125003
2026-04-24,21:47:00.000,2026-04-24 21:47:00,35323.31,1379.91,2409.52,35441.32,35325.48828125002,1378.396718750001,2409.715312500002,35443.44203125002
2026-04-24,21:48:00.000,2026-04-24 21:48:00,35323.11,1379.59,2409.55,35441.1,35325.28828125002,1378.0767187500012,2409.745312500002,35443.22203125003
2026-04-24,21:49:00.000,2026-04-24 21:49:00,35322.84,1379.44,2409.55,35440.84,35325.01828125001,1377.926718750001,2409.745312500002,35442.96203125002
2026-04-24,21:50:00.000,2026-04-24 21:50:00,35322.68,1379.37,2409.54,35440.66,35324.858281250024,1377.856718750001,2409.7353125000013,35442.78203125003
2026-04-24,21:51:00.000,2026-04-24 21:51:00,35322.59,1379.32,2409.55,35440.58,35324.76828125003,1377.8067187500012,2409.7453125000015,35442.70203125003
2026-04-24,21:52:00.000,2026-04-24 21:52:00,35322.38,1379.32,2409.54,35440.37,35326.15703125002,1378.932968750001,2409.722812500001,35444.140781250026
2026-04-24,21:53:00.000,2026-04-24 21:53:00,35322.29,1379.22,2409.56,35440.28,35326.06703125002,1378.832968750001,2409.7428125000015,35444.05078125003
2026-04-24,21:54:00.000,2026-04-24 21:54:00,35322.28,1379.0,2409.6,35440.24,35326.05703125002,1378.6129687500008,2409.782812500002,35444.01078125003
2026-04-24,21:55:00.000,2026-04-24 21:55:00,35321.99,1378.76,2409.6,35439.96,35325.76703125001,1378.372968750001,2409.782812500002,35443.73078125003
2026-04-24,21:56:00.000,2026-04-24 21:56:00,35321.6,1378.42,2409.55,35439.54,35325.377031250035,1378.0329687500011,2409.732812500002,35443.31078125003
2026-04-24,21:57:00.000,2026-04-24 21:57:00,35321.36,1378.17,2409.52,35439.28,35325.13703125003,1377.7829687500011,2409.7028125000015,35443.05078125002
2026-04-24,21:58:00.000,2026-04-24 21:58:00,35321.17,1378.02,2409.49,35439.08,35324.94703125003,1377.6329687500008,2409.672812500002,35442.850781250025
2026-04-24,21:59:00.000,2026-04-24 21:59:00,35321.09,1377.83,2409.48,35438.99,35324.867031250025,1377.4429687500008,2409.6628125000025,35442.760781250014
2026-04-24,22:00:00.000,2026-04-24 22:00:00,35320.97,1377.65,2409.5,35438.87,35326.113281250015,1378.3292187500012,2409.694062500002,35444.06078125003
2026-04-24,22:01:00.000,2026-04-24 22:01:00,35320.74,1377.51,2409.49,35438.63,35325.88328125002,1378.189218750001,2409.684062500002,35443.820781250026
2026-04-24,22:02:00.000,2026-04-24 22:02:00,35320.4,1377.45,2409.44,35438.29,35325.54328125002,1378.129218750001,2409.6340625000025,35443.48078125003
2026-04-24,22:03:00.000,2026-04-24 22:03:00,35320.04,1377.44,2409.42,35437.92,35325.18328125002,1378.1192187500008,2409.614062500002,35443.11078125002
2026-04-24,22:04:00.000,2026-04-24 22:04:00,35319.62,1377.41,2409.43,35437.5,35324.76328125002,1378.089218750001,2409.6240625000014,35442.69078125003
2026-04-24,22:05:00.000,2026-04-24 22:05:00,35319.9,1377.39,2409.49,35437.78,35325.04328125002,1378.069218750001,2409.684062500002,35442.97078125003
2026-04-24,22:06:00.000,2026-04-24 22:06:00,35320.76,1377.52,2409.71,35438.66,35325.90328125002,1378.199218750001,2409.904062500002,35443.850781250025
2026-04-24,22:07:00.000,2026-04-24 22:07:00,35320.8,1377.84,2409.77,35438.73,35325.943281250016,1378.519218750001,2409.9640625000025,35443.92078125003
2026-04-24,22:08:00.000,2026-04-24 22:08:00,35320.7,1378.11,2409.8,35438.63,35323.26453125003,1378.2817187500011,2409.300312500002,35441.18453125003
2026-04-24,22:09:00.000,2026-04-24 22:09:00,35321.13,1378.09,2409.91,35439.07,35323.694531250025,1378.2617187500011,2409.4103125000015,35441.62453125003
2026-04-24,22:10:00.000,2026-04-24 22:10:00,35322.55,1377.97,2410.18,35440.47,35325.11453125003,1378.141718750001,2409.6803125000015,35443.02453125003
2026-04-24,22:11:00.000,2026-04-24 22:11:00,35323.0,1378.12,2410.31,35440.97,35325.56453125003,1378.291718750001,2409.8103125000016,35443.52453125003
2026-04-24,22:12:00.000,2026-04-24 22:12:00,35323.16,1378.18,2410.31,35441.13,35325.72453125002,1378.3517187500008,2409.8103125000016,35443.68453125003
2026-04-24,22:13:00.000,2026-04-24 22:13:00,35323.75,1378.08,2410.37,35441.71,35326.31453125002,1378.2517187500005,2409.870312500002,35444.26453125003
2026-04-24,22:14:00.000,2026-04-24 22:14:00,35324.31,1377.95,2410.42,35442.28,35326.87453125002,1378.1217187500008,2409.920312500002,35444.83453125003
2026-04-24,22:15:00.000,2026-04-24 22:15:00,35325.26,1377.77,2410.5,35443.21,35327.82453125003,1377.941718750001,2410.000312500002,35445.764531250024
2026-04-24,22:16:00.000,2026-04-24 22:16:00,35326.96,1377.42,2410.7,35444.92,35323.86578125002,1378.295468750001,2409.851562500002,35441.81953125002
2026-04-24,22:17:00.000,2026-04-24 22:17:00,35327.76,1377.36,2410.72,35445.73,35324.66578125002,1378.235468750001,2409.8715625000023,35442.62953125003
2026-04-24,22:18:00.000,2026-04-24 22:18:00,35328.1,1377.25,2410.66,35446.06,35325.00578125002,1378.1254687500007,2409.8115625000014,35442.959531250024
2026-04-24,22:19:00.000,2026-04-24 22:19:00,35328.33,1377.23,2410.6,35446.3,35325.23578125002,1378.1054687500007,2409.751562500002,35443.19953125003
2026-04-24,22:20:00.000,2026-04-24 22:20:00,35328.81,1377.26,2410.53,35446.75,35325.715781250015,1378.1354687500009,2409.681562500002,35443.64953125003
2026-04-24,22:21:00.000,2026-04-24 22:21:00,35329.46,1377.32,2410.54,35447.39,35326.365781250024,1378.1954687500008,2409.6915625000015,35444.289531250026
2026-04-24,22:22:00.000,2026-04-24 22:22:00,35329.85,1377.4,2410.49,35447.78,35326.75578125003,1378.2754687500012,2409.6415625000013,35444.67953125003
2026-04-24,22:23:00.000,2026-04-24 22:23:00,35329.86,1377.4,2410.35,35447.78,35326.765781250026,1378.2754687500012,2409.501562500002,35444.67953125003
2026-04-24,22:24:00.000,2026-04-24 22:24:00,35330.61,1377.29,2410.4,35448.52,35327.66437500003,1379.3473437500008,2409.890156250002,35445.62859375002
2026-04-24,22:25:00.000,2026-04-24 22:25:00,35331.13,1377.24,2410.4,35449.05,35328.18437500003,1379.2973437500011,2409.890156250002,35446.15859375002
2026-04-24,22:26:00.000,2026-04-24 22:26:00,35331.41,1377.32,2410.32,35449.31,35328.46437500005,1379.3773437500008,2409.8101562500024,35446.418593750015
2026-04-24,22:27:00.000,2026-04-24 22:27:00,35332.11,1377.35,2410.32,35450.01,35329.164375000044,1379.407343750001,2409.8101562500024,35447.11859375001
2026-04-24,22:28:00.000,2026-04-24 22:28:00,35332.48,1377.46,2410.29,35450.37,35329.53437500003,1379.5173437500011,2409.780156250002,35447.47859375003
2026-04-24,22:29:00.000,2026-04-24 22:29:00,35333.36,1377.58,2410.39,35451.26,35330.41437500002,1379.637343750001,2409.8801562500016,35448.36859375003
2026-04-24,22:30:00.000,2026-04-24 22:30:00,35333.83,1377.91,2410.4,35451.76,35330.88437500003,1379.9673437500012,2409.890156250002,35448.86859375002
2026-04-24,22:31:00.000,2026-04-24 22:31:00,35333.94,1378.29,2410.34,35451.9,35330.99437500003,1380.3473437500013,2409.8301562500023,35449.00859375002
2026-04-24,22:32:00.000,2026-04-24 22:32:00,35334.16,1378.21,2410.33,35452.1,35329.97312500003,1379.491093750001,2410.1551562500026,35447.95859375002
2026-04-24,22:33:00.000,2026-04-24 22:33:00,35334.46,1378.08,2410.33,35452.4,35330.273125000036,1379.361093750001,2410.1551562500026,35448.258593750026
2026-04-24,22:34:00.000,2026-04-24 22:34:00,35334.39,1378.19,2410.24,35452.33,35330.20312500003,1379.471093750001,2410.0651562500016,35448.18859375003
2026-04-24,22:35:00.000,2026-04-24 22:35:00,35333.94,1378.28,2410.1,35451.86,35329.75312500003,1379.5610937500007,2409.925156250002,35447.718593750025
2026-04-24,22:36:00.000,2026-04-24 22:36:00,35333.48,1378.35,2409.94,35451.4,35329.29312500003,1379.6310937500014,2409.7651562500023,35447.258593750026
2026-04-24,22:37:00.000,2026-04-24 22:37:00,35332.97,1378.43,2409.79,35450.88,35328.78312500004,1379.7110937500013,2409.6151562500017,35446.73859375002
2026-04-24,22:38:00.000,2026-04-24 22:38:00,35332.67,1378.51,2409.72,35450.58,35328.483125000035,1379.7910937500014,2409.545156250002,35446.43859375002
2026-04-24,22:39:00.000,2026-04-24 22:39:00,35332.73,1378.6,2409.73,35450.63,35328.54312500003,1379.8810937500011,2409.5551562500023,35446.48859375002
2026-04-24,22:40:00.000,2026-04-24 22:40:00,35333.5,1378.53,2409.88,35451.39,35329.60687500003,1379.6135937500012,2409.9476562500017,35447.56484375002
2026-04-24,22:41:00.000,2026-04-24 22:41:00,35334.61,1378.28,2410.1,35452.51,35330.71687500003,1379.3635937500012,2410.167656250002,35448.68484375003
2026-04-24,22:42:00.000,2026-04-24 22:42:00,35334.91,1377.93,2410.2,35452.82,35331.01687500003,1379.0135937500013,2410.2676562500023,35448.99484375002
2026-04-24,22:43:00.000,2026-04-24 22:43:00,35334.18,1377.91,2409.94,35452.07,35330.286875000034,1378.9935937500013,2410.007656250002,35448.24484375002
2026-04-24,22:44:00.000,2026-04-24 22:44:00,35333.3,1378.22,2409.72,35451.19,35329.40687500004,1379.3035937500013,2409.787656250002,35447.36484375002
2026-04-24,22:45:00.000,2026-04-24 22:45:00,35332.55,1378.81,2409.55,35450.45,35328.65687500004,1379.893593750001,2409.6176562500027,35446.62484375002
2026-04-24,22:46:00.000,2026-04-24 22:46:00,35331.9,1379.21,2409.45,35449.8,35328.006875000036,1380.2935937500008,2409.5176562500023,35445.974843750024
2026-04-24,22:47:00.000,2026-04-24 22:47:00,35331.5,1379.34,2409.4,35449.42,35327.60687500004,1380.423593750001,2409.467656250002,35445.59484375002
2026-04-24,22:48:00.000,2026-04-24 22:48:00,35331.23,1379.53,2409.33,35449.15,35329.87062500003,1379.131093750001,2409.6451562500015,35447.79859375002
2026-04-24,22:49:00.000,2026-04-24 22:49:00,35331.08,1379.65,2409.4,35449.01,35329.72062500004,1379.2510937500012,2409.715156250002,35447.65859375002
2026-04-24,22:50:00.000,2026-04-24 22:50:00,35331.08,1379.69,2409.5,35449.02,35329.72062500003,1379.291093750001,2409.815156250002,35447.66859375002
2026-04-24,22:51:00.000,2026-04-24 22:51:00,35331.04,1379.75,2409.56,35448.98,35329.68062500004,1379.351093750001,2409.8751562500024,35447.62859375003
2026-04-24,22:52:00.000,2026-04-24 22:52:00,35330.94,1380.06,2409.61,35448.91,35329.58062500003,1379.6610937500013,2409.925156250002,35447.558593750015
2026-04-24,22:53:00.000,2026-04-24 22:53:00,35330.7,1380.46,2409.64,35448.69,35329.340625000026,1380.0610937500014,2409.955156250002,35447.33859375001
2026-04-24,22:54:00.000,2026-04-24 22:54:00,35330.23,1380.58,2409.63,35448.23,35328.87062500004,1380.181093750001,2409.945156250002,35446.87859375002
2026-04-24,22:55:00.000,2026-04-24 22:55:00,35329.88,1380.37,2409.59,35447.87,35328.520625000034,1379.971093750001,2409.905156250002,35446.51859375002
2026-04-24,22:56:00.000,2026-04-24 22:56:00,35329.55,1380.22,2409.53,35447.52,35329.646875000035,1379.8998437500015,2409.7501562500024,35447.61109375002
2026-04-24,22:57:00.000,2026-04-24 22:57:00,35329.28,1380.02,2409.51,35447.25,35329.37687500003,1379.6998437500013,2409.730156250003,35447.341093750016
2026-04-24,22:58:00.000,2026-04-24 22:58:00,35329.22,1379.9,2409.52,35447.19,35329.316875000026,1379.5798437500011,2409.7401562500013,35447.281093750025
2026-04-24,22:59:00.000,2026-04-24 22:59:00,35329.12,1379.89,2409.57,35447.1,35329.216875000035,1379.569843750001,2409.7901562500015,35447.191093750014
2026-04-24,23:00:00.000,2026-04-24 23:00:00,35329.41,1379.78,2409.67,35447.38,35329.50687500004,1379.4598437500015,2409.8901562500027,35447.47109375002
2026-04-24,23:01:00.000,2026-04-24 23:01:00,35329.76,1379.87,2409.79,35447.73,35329.856875000034,1379.5498437500012,2410.0101562500026,35447.821093750026
2026-04-24,23:02:00.000,2026-04-24 23:02:00,35329.6,1379.8,2409.8,35447.58,35329.69687500003,1379.4798437500012,2410.0201562500024,35447.671093750025
2026-04-24,23:03:00.000,2026-04-24 23:03:00,35328.59,1379.98,2409.63,35446.57,35328.68687500002,1379.659843750001,2409.8501562500023,35446.661093750015
2026-04-24,23:04:00.000,2026-04-24 23:04:00,35326.97,1380.48,2409.38,35444.97,35333.61937500004,1379.0348437500008,2410.2589062500024,35451.60359375002
2026-04-24,23:05:00.000,2026-04-24 23:05:00,35325.2,1380.8,2409.08,35443.18,35331.849375000034,1379.354843750001,2409.958906250002,35449.81359375003
2026-04-24,23:06:00.000,2026-04-24 23:06:00,35323.63,1380.81,2408.85,35441.6,35330.279375000035,1379.364843750001,2409.7289062500017,35448.233593750025
2026-04-24,23:07:00.000,2026-04-24 23:07:00,35322.38,1380.87,2408.75,35440.34,35329.029375000035,1379.424843750001,2409.6289062500023,35446.973593750015
2026-04-24,23:08:00.000,2026-04-24 23:08:00,35321.58,1381.03,2408.75,35439.54,35328.22937500004,1379.5848437500013,2409.6289062500023,35446.17359375002
2026-04-24,23:09:00.000,2026-04-24 23:09:00,35321.06,1381.42,2408.82,35439.04,35327.709375000035,1379.9748437500011,2409.698906250002,35445.67359375002
2026-04-24,23:10:00.000,2026-04-24 23:10:00,35320.81,1381.56,2409.01,35438.81,35327.45937500003,1380.114843750001,2409.8889062500025,35445.443593750024
2026-04-24,23:11:00.000,2026-04-24 23:11:00,35320.48,1381.49,2409.11,35438.5,35327.129375000026,1380.0448437500013,2409.988906250002,35445.133593750026
2026-04-24,23:12:00.000,2026-04-24 23:12:00,35320.76,1381.16,2409.27,35438.77,35324.813125000044,1380.1985937500012,2408.846406250002,35442.749843750025
2026-04-24,23:13:00.000,2026-04-24 23:13:00,35322.25,1380.85,2409.66,35440.26,35326.303125000035,1379.8885937500008,2409.2364062500014,35444.23984375003
2026-04-24,23:14:00.000,2026-04-24 23:14:00,35323.86,1380.58,2410.06,35441.89,35327.913125000036,1379.618593750001,2409.6364062500024,35445.86984375001
2026-04-24,23:15:00.000,2026-04-24 23:15:00,35325.34,1380.46,2410.37,35443.35,35329.39312500003,1379.4985937500012,2409.946406250003,35447.32984375002
2026-04-24,23:16:00.000,2026-04-24 23:16:00,35326.48,1380.47,2410.58,35444.53,35330.53312500002,1379.508593750001,2410.1564062500024,35448.50984375002
2026-04-24,23:17:00.000,2026-04-24 23:17:00,35327.39,1380.36,2410.69,35445.46,35331.44312500003,1379.3985937500008,2410.266406250002,35449.43984375003
2026-04-24,23:18:00.000,2026-04-24 23:18:00,35328.19,1380.23,2410.77,35446.26,35332.24312500003,1379.2685937500012,2410.346406250002,35450.23984375001
2026-04-24,23:19:00.000,2026-04-24 23:19:00,35328.61,1380.48,2410.77,35446.69,35332.66312500003,1379.5185937500012,2410.346406250002,35450.669843750016
2026-04-24,23:20:00.000,2026-04-24 23:20:00,35328.52,1380.71,2410.61,35446.6,35330.10562500003,1379.4135937500012,2410.2364062500023,35448.10484375003
2026-04-24,23:21:00.000,2026-04-24 23:21:00,35328.13,1380.77,2410.43,35446.19,35329.71562500003,1379.473593750001,2410.056406250002,35447.694843750025
2026-04-24,23:22:00.000,2026-04-24 23:22:00,35327.78,1380.87,2410.27,35445.84,35329.365625000035,1379.573593750001,2409.896406250002,35447.34484375002
2026-04-24,23:23:00.000,2026-04-24 23:23:00,35327.53,1380.92,2410.14,35445.58,35329.115625000035,1379.6235937500012,2409.766406250002,35447.084843750024
2026-04-24,23:24:00.000,2026-04-24 23:24:00,35327.54,1380.88,2410.08,35445.57,35329.12562500004,1379.5835937500015,2409.706406250002,35447.07484375002
2026-04-24,23:25:00.000,2026-04-24 23:25:00,35327.48,1380.88,2410.06,35445.52,35329.06562500004,1379.5835937500015,2409.6864062500017,35447.02484375002
2026-04-24,23:26:00.000,2026-04-24 23:26:00,35327.74,1381.04,2410.07,35445.77,35329.32562500003,1379.743593750001,2409.696406250002,35447.27484375001
2026-04-24,23:27:00.000,2026-04-24 23:27:00,35327.9,1381.2,2410.11,35445.94,35329.48562500003,1379.9035937500014,2409.736406250002,35447.444843750025
2026-04-24,23:28:00.000,2026-04-24 23:28:00,35327.89,1381.2,2410.11,35445.94,35329.223437500026,1382.5525000000011,2410.4825000000023,35447.350625000036
2026-04-24,23:29:00.000,2026-04-24 23:29:00,35327.29,1381.19,2409.96,35445.32,35328.62343750002,1382.542500000001,2410.332500000002,35446.730625000026
2026-04-24,23:30:00.000,2026-04-24 23:30:00,35326.3,1381.37,2409.74,35444.35,35327.63343750004,1382.722500000001,2410.1125000000025,35445.76062500003
2026-04-24,23:31:00.000,2026-04-24 23:31:00,35325.4,1381.73,2409.57,35443.44,35326.73343750003,1383.0825000000011,2409.9425000000024,35444.85062500004
2026-04-24,23:32:00.000,2026-04-24 23:32:00,35324.74,1381.91,2409.46,35442.79,35326.073437500025,1383.262500000001,2409.8325000000023,35444.20062500003
2026-04-24,23:33:00.000,2026-04-24 23:33:00,35324.28,1382.06,2409.42,35442.33,35325.61343750002,1383.412500000001,2409.7925000000023,35443.740625000035
2026-04-24,23:34:00.000,2026-04-24 23:34:00,35324.32,1382.23,2409.52,35442.38,35325.65343750002,1383.5825000000016,2409.8925000000027,35443.79062500003
2026-04-24,23:35:00.000,2026-04-24 23:35:00,35324.59,1382.49,2409.64,35442.67,35325.92343750002,1383.8425000000013,2410.0125000000025,35444.08062500004
2026-04-24,23:36:00.000,2026-04-24 23:36:00,35324.89,1382.59,2409.76,35442.98,35326.02968750003,1383.1675000000014,2409.8537500000025,35444.146875000035
2026-04-24,23:37:00.000,2026-04-24 23:37:00,35325.16,1382.48,2409.88,35443.25,35326.29968750003,1383.0575000000013,2409.9737500000024,35444.41687500004
2026-04-24,23:38:00.000,2026-04-24 23:38:00,35325.49,1382.41,2409.93,35443.59,35326.62968750002,1382.9875000000015,2410.023750000002,35444.756875000036
2026-04-24,23:39:00.000,2026-04-24 23:39:00,35325.83,1382.44,2409.96,35443.93,35326.96968750003,1383.0175000000013,2410.0537500000028,35445.09687500003
2026-04-24,23:40:00.000,2026-04-24 23:40:00,35325.99,1382.56,2410.0,35444.09,35327.129687500026,1383.137500000001,2410.093750000002,35445.25687500003
2026-04-24,23:41:00.000,2026-04-24 23:41:00,35326.22,1382.62,2410.03,35444.33,35327.35968750002,1383.197500000001,2410.1237500000025,35445.49687500003
2026-04-24,23:42:00.000,2026-04-24 23:42:00,35326.26,1382.62,2410.01,35444.37,35327.39968750003,1383.1975000000011,2410.1037500000025,35445.536875000034
2026-04-24,23:43:00.000,2026-04-24 23:43:00,35326.52,1382.66,2410.08,35444.63,35327.659687500025,1383.237500000001,2410.173750000002,35445.79687500003
2026-04-24,23:44:00.000,2026-04-24 23:44:00,35326.65,1382.86,2410.08,35444.78,35325.94218750002,1382.5887500000013,2409.901250000002,35444.05062500003
2026-04-24,23:45:00.000,2026-04-24 23:45:00,35326.77,1383.01,2410.1,35444.9,35326.062187500014,1382.7387500000013,2409.9212500000017,35444.17062500003
2026-04-24,23:46:00.000,2026-04-24 23:46:00,35327.24,1382.96,2410.15,35445.36,35326.53218750002,1382.6887500000012,2409.9712500000023,35444.63062500003
2026-04-24,23:47:00.000,2026-04-24 23:47:00,35327.79,1383.06,2410.24,35445.92,35327.082187500026,1382.788750000001,2410.0612500000016,35445.190625000025
2026-04-24,23:48:00.000,2026-04-24 23:48:00,35328.07,1383.38,2410.29,35446.22,35327.362187500024,1383.108750000001,2410.1112500000027,35445.49062500004
2026-04-24,23:49:00.000,2026-04-24 23:49:00,35328.14,1383.67,2410.33,35446.31,35327.43218750003,1383.398750000001,2410.1512500000026,35445.58062500004
2026-04-24,23:50:00.000,2026-04-24 23:50:00,35328.16,1383.96,2410.3,35446.34,35327.45218750002,1383.688750000001,2410.121250000003,35445.61062500004
2026-04-24,23:51:00.000,2026-04-24 23:51:00,35328.32,1384.27,2410.34,35446.51,35327.61218750001,1383.9987500000009,2410.161250000003,35445.78062500005
2026-04-24,23:52:00.000,2026-04-24 23:52:00,35328.44,1384.52,2410.37,35446.65,35326.674687500024,1382.8612500000008,2410.0825000000027,35444.801875000034
2026-04-24,23:53:00.000,2026-04-24 23:53:00,35328.69,1384.71,2410.39,35446.91,35326.924687500024,1383.051250000001,2410.1025000000022,35445.06187500004
2026-04-24,23:54:00.000,2026-04-24 23:54:00,35329.05,1384.84,2410.47,35447.27,35327.284687500025,1383.181250000001,2410.182500000002,35445.42187500003
2026-04-24,23:55:00.000,2026-04-24 23:55:00,35329.17,1385.01,2410.48,35447.41,35327.40468750002,1383.351250000001,2410.1925000000024,35445.56187500003
2026-04-24,23:56:00.000,2026-04-24 23:56:00,35329.06,1385.06,2410.43,35447.3,35327.29468750002,1383.4012500000013,2410.1425000000017,35445.451875000035
2026-04-24,23:57:00.000,2026-04-24 23:57:00,35328.72,1384.84,2410.29,35446.92,35326.95468750002,1383.181250000001,2410.0025000000023,35445.07187500003
2026-04-24,23:58:00.000,2026-04-24 23:58:00,35328.37,1384.61,2410.18,35446.56,35326.60468750003,1382.9512500000012,2409.892500000002,35444.711875000045
2026-04-24,23:59:00.000,2026-04-24 23:59:00,35328.1,1384.68,2410.09,35446.27,35326.33468750003,1383.0212500000014,2409.802500000002,35444.42187500004
