DATE,TIME,datetime,ENTX,ENTY,ENTZ,ENTF,ENTX_filtered,ENTY_filtered,ENTZ_filtered,ENTF_filtered
2026-04-23,00:00:00.000,2026-04-23 00:00:00,35340.61,1368.98,2406.58,35458.37,35336.291562500024,1369.3246875000013,2407.2668750000025,35454.14109375001
2026-04-23,00:01:00.000,2026-04-23 00:01:00,35340.54,1368.92,2406.62,35458.3,35336.22156250002,1369.2646875000014,2407.3068750000025,35454.071093750004
2026-04-23,00:02:00.000,2026-04-23 00:02:00,35340.52,1368.81,2406.62,35458.28,35336.20156250002,1369.1546875000013,2407.3068750000025,35454.05109375001
2026-04-23,00:03:00.000,2026-04-23 00:03:00,35340.06,1368.7,2406.58,35457.82,35335.74156250003,1369.0446875000011,2407.2668750000025,35453.591093750016
2026-04-23,00:04:00.000,2026-04-23 00:04:00,35339.79,1368.7,2406.56,35457.56,35335.47156250004,1369.0446875000014,2407.246875000002,35453.331093750014
2026-04-23,00:05:00.000,2026-04-23 00:05:00,35339.62,1368.84,2406.6,35457.4,35335.30156250004,1369.1846875000012,2407.286875000002,35453.171093750025
2026-04-23,00:06:00.000,2026-04-23 00:06:00,35339.32,1369.06,2406.65,35457.1,35335.00156250004,1369.4046875000015,2407.3368750000022,35452.87109375002
2026-04-23,00:07:00.000,2026-04-23 00:07:00,35338.88,1369.24,2406.62,35456.67,35334.561562500036,1369.5846875000013,2407.3068750000025,35452.441093750014
2026-04-23,00:08:00.000,2026-04-23 00:08:00,35338.37,1369.39,2406.56,35456.18,35336.64156250004,1369.834687500001,2407.2481250000023,35454.50734375001
2026-04-23,00:09:00.000,2026-04-23 00:09:00,35337.99,1369.38,2406.56,35455.81,35336.26156250003,1369.8246875000013,2407.2481250000023,35454.13734375
2026-04-23,00:10:00.000,2026-04-23 00:10:00,35337.51,1369.21,2406.56,35455.31,35335.78156250004,1369.6546875000015,2407.2481250000023,35453.63734375001
2026-04-23,00:11:00.000,2026-04-23 00:11:00,35337.22,1368.99,2406.53,35455.03,35335.49156250003,1369.4346875000012,2407.2181250000026,35453.35734375001
2026-04-23,00:12:00.000,2026-04-23 00:12:00,35337.12,1368.78,2406.56,35454.93,35335.39156250003,1369.2246875000012,2407.248125000002,35453.25734375001
2026-04-23,00:13:00.000,2026-04-23 00:13:00,35336.93,1368.47,2406.64,35454.73,35335.20156250003,1368.9146875000013,2407.328125000002,35453.05734375001
2026-04-23,00:14:00.000,2026-04-23 00:14:00,35336.85,1368.17,2406.71,35454.65,35335.12156250003,1368.6146875000015,2407.398125000002,35452.977343750004
2026-04-23,00:15:00.000,2026-04-23 00:15:00,35336.63,1368.06,2406.7,35454.41,35334.90156250003,1368.5046875000014,2407.3881250000018,35452.737343750014
2026-04-23,00:16:00.000,2026-04-23 00:16:00,35336.26,1368.08,2406.67,35454.05,35335.88031250003,1369.187187500001,2407.1143750000024,35453.73484375003
2026-04-23,00:17:00.000,2026-04-23 00:17:00,35336.13,1368.11,2406.73,35453.92,35335.75031250002,1369.2171875000013,2407.174375000002,35453.60484375003
2026-04-23,00:18:00.000,2026-04-23 00:18:00,35336.11,1367.96,2406.81,35453.89,35335.73031250003,1369.0671875000012,2407.254375000002,35453.574843750015
2026-04-23,00:19:00.000,2026-04-23 00:19:00,35336.02,1367.95,2406.85,35453.8,35335.64031250002,1369.0571875000014,2407.2943750000018,35453.48484375002
2026-04-23,00:20:00.000,2026-04-23 00:20:00,35335.97,1368.02,2406.88,35453.77,35335.59031250004,1369.1271875000014,2407.3243750000024,35453.45484375001
2026-04-23,00:21:00.000,2026-04-23 00:21:00,35335.91,1368.18,2406.91,35453.7,35335.53031250004,1369.2871875000012,2407.354375000002,35453.384843750006
2026-04-23,00:22:00.000,2026-04-23 00:22:00,35335.82,1368.36,2406.95,35453.64,35335.44031250004,1369.4671875000013,2407.394375000002,35453.32484375001
2026-04-23,00:23:00.000,2026-04-23 00:23:00,35335.61,1368.49,2406.97,35453.42,35335.23031250003,1369.5971875000014,2407.4143750000026,35453.10484375001
2026-04-23,00:24:00.000,2026-04-23 00:24:00,35335.48,1368.56,2407.05,35453.29,35336.00906250004,1368.9409375000014,2407.2081250000024,35453.84484375001
2026-04-23,00:25:00.000,2026-04-23 00:25:00,35335.27,1368.6,2407.03,35453.08,35335.79906250003,1368.9809375000013,2407.188125000002,35453.63484375002
2026-04-23,00:26:00.000,2026-04-23 00:26:00,35335.15,1368.66,2407.06,35452.98,35335.67906250003,1369.0409375000015,2407.2181250000017,35453.53484375001
2026-04-23,00:27:00.000,2026-04-23 00:27:00,35335.04,1368.76,2407.1,35452.86,35335.56906250003,1369.1409375000014,2407.2581250000017,35453.41484375001
2026-04-23,00:28:00.000,2026-04-23 00:28:00,35335.04,1368.92,2407.17,35452.88,35335.569062500035,1369.3009375000013,2407.3281250000023,35453.43484375001
2026-04-23,00:29:00.000,2026-04-23 00:29:00,35334.9,1369.05,2407.18,35452.74,35335.429062500036,1369.4309375000014,2407.3381250000016,35453.29484375001
2026-04-23,00:30:00.000,2026-04-23 00:30:00,35334.82,1369.15,2407.21,35452.68,35335.349062500034,1369.530937500001,2407.3681250000027,35453.234843750026
2026-04-23,00:31:00.000,2026-04-23 00:31:00,35334.86,1369.26,2407.26,35452.72,35335.38906250003,1369.6409375000012,2407.418125000003,35453.27484375002
2026-04-23,00:32:00.000,2026-04-23 00:32:00,35334.78,1369.44,2407.31,35452.67,35336.29781250002,1368.9234375000015,2407.224375000002,35454.15609375002
2026-04-23,00:33:00.000,2026-04-23 00:33:00,35334.6,1369.64,2407.35,35452.49,35336.11781250003,1369.1234375000013,2407.264375000002,35453.97609375001
2026-04-23,00:34:00.000,2026-04-23 00:34:00,35334.33,1369.75,2407.34,35452.22,35335.84781250004,1369.2334375000014,2407.2543750000023,35453.70609375002
2026-04-23,00:35:00.000,2026-04-23 00:35:00,35334.02,1369.75,2407.34,35451.92,35335.53781250003,1369.2334375000014,2407.2543750000023,35453.40609375002
2026-04-23,00:36:00.000,2026-04-23 00:36:00,35333.84,1369.71,2407.36,35451.73,35335.35781250003,1369.1934375000012,2407.2743750000022,35453.216093750016
2026-04-23,00:37:00.000,2026-04-23 00:37:00,35333.71,1369.82,2407.38,35451.59,35335.22781250004,1369.3034375000013,2407.2943750000027,35453.076093750016
2026-04-23,00:38:00.000,2026-04-23 00:38:00,35333.7,1369.96,2407.43,35451.59,35335.21781250003,1369.4434375000012,2407.344375000003,35453.07609375001
2026-04-23,00:39:00.000,2026-04-23 00:39:00,35333.67,1370.07,2407.5,35451.57,35335.18781250003,1369.5534375000013,2407.4143750000026,35453.05609375002
2026-04-23,00:40:00.000,2026-04-23 00:40:00,35333.58,1370.11,2407.55,35451.47,35335.64906250004,1369.1684375000013,2407.156875000003,35453.488593750015
2026-04-23,00:41:00.000,2026-04-23 00:41:00,35333.55,1370.14,2407.6,35451.45,35335.61906250004,1369.1984375000015,2407.206875000003,35453.46859375001
2026-04-23,00:42:00.000,2026-04-23 00:42:00,35333.51,1370.17,2407.66,35451.42,35335.57906250004,1369.2284375000015,2407.2668750000025,35453.43859375001
2026-04-23,00:43:00.000,2026-04-23 00:43:00,35333.54,1370.21,2407.68,35451.44,35335.609062500036,1369.2684375000015,2407.286875000002,35453.458593750016
2026-04-23,00:44:00.000,2026-04-23 00:44:00,35333.53,1370.26,2407.71,35451.44,35335.59906250002,1369.3184375000012,2407.3168750000013,35453.458593750016
2026-04-23,00:45:00.000,2026-04-23 00:45:00,35333.52,1370.29,2407.73,35451.45,35335.589062500025,1369.348437500001,2407.336875000002,35453.46859375001
2026-04-23,00:46:00.000,2026-04-23 00:46:00,35333.5,1370.2,2407.75,35451.42,35335.56906250003,1369.2584375000013,2407.356875000002,35453.43859375001
2026-04-23,00:47:00.000,2026-04-23 00:47:00,35333.51,1370.16,2407.79,35451.43,35335.57906250002,1369.2184375000013,2407.396875000002,35453.44859375002
2026-04-23,00:48:00.000,2026-04-23 00:48:00,35333.42,1370.19,2407.8,35451.36,35335.12656250002,1369.5571875000012,2407.1868750000026,35452.99859375002
2026-04-23,00:49:00.000,2026-04-23 00:49:00,35333.37,1370.11,2407.8,35451.3,35335.076562500035,1369.4771875000013,2407.1868750000026,35452.93859375002
2026-04-23,00:50:00.000,2026-04-23 00:50:00,35333.45,1369.95,2407.82,35451.36,35335.15656250003,1369.3171875000014,2407.206875000002,35452.99859375002
2026-04-23,00:51:00.000,2026-04-23 00:51:00,35333.64,1369.86,2407.86,35451.56,35335.34656250003,1369.2271875000013,2407.246875000002,35453.198593750014
2026-04-23,00:52:00.000,2026-04-23 00:52:00,35333.93,1369.77,2407.91,35451.85,35335.63656250003,1369.1371875000013,2407.2968750000023,35453.488593750015
2026-04-23,00:53:00.000,2026-04-23 00:53:00,35334.13,1369.75,2407.96,35452.06,35335.83656250003,1369.1171875000014,2407.3468750000025,35453.69859375001
2026-04-23,00:54:00.000,2026-04-23 00:54:00,35334.48,1369.78,2408.02,35452.42,35336.186562500036,1369.1471875000013,2407.406875000002,35454.058593750015
2026-04-23,00:55:00.000,2026-04-23 00:55:00,35334.72,1369.66,2408.06,35452.65,35336.426562500026,1369.0271875000014,2407.446875000002,35454.28859375001
2026-04-23,00:56:00.000,2026-04-23 00:56:00,35334.69,1369.56,2408.09,35452.63,35335.294062500034,1369.3734375000015,2407.2043750000025,35453.14859375002
2026-04-23,00:57:00.000,2026-04-23 00:57:00,35334.8,1369.56,2408.13,35452.73,35335.404062500034,1369.3734375000015,2407.2443750000025,35453.248593750024
2026-04-23,00:58:00.000,2026-04-23 00:58:00,35334.88,1369.72,2408.11,35452.84,35335.48406250003,1369.5334375000011,2407.224375000003,35453.35859375001
2026-04-23,00:59:00.000,2026-04-23 00:59:00,35334.89,1369.63,2408.13,35452.85,35335.49406250002,1369.4434375000014,2407.2443750000025,35453.368593750005
2026-04-23,01:00:00.000,2026-04-23 01:00:00,35335.01,1369.48,2408.15,35452.94,35335.61406250003,1369.2934375000013,2407.264375000002,35453.45859375001
2026-04-23,01:01:00.000,2026-04-23 01:01:00,35335.14,1369.3,2408.21,35453.08,35335.74406250002,1369.1134375000015,2407.3243750000015,35453.59859375001
2026-04-23,01:02:00.000,2026-04-23 01:02:00,35335.21,1369.17,2408.28,35453.16,35335.81406250004,1368.9834375000012,2407.394375000002,35453.67859375002
2026-04-23,01:03:00.000,2026-04-23 01:03:00,35335.34,1369.08,2408.31,35453.29,35335.94406250003,1368.893437500001,2407.424375000002,35453.80859375001
2026-04-23,01:04:00.000,2026-04-23 01:04:00,35335.54,1369.01,2408.4,35453.49,35337.59203125003,1368.7665625000013,2408.4732812500024,35455.55093750001
2026-04-23,01:05:00.000,2026-04-23 01:05:00,35336.08,1369.09,2408.45,35454.03,35338.132031250025,1368.8465625000013,2408.5232812500017,35456.09093750002
2026-04-23,01:06:00.000,2026-04-23 01:06:00,35336.54,1369.17,2408.53,35454.5,35338.592031250024,1368.9265625000012,2408.6032812500025,35456.56093750002
2026-04-23,01:07:00.000,2026-04-23 01:07:00,35336.76,1369.08,2408.54,35454.73,35338.812031250025,1368.836562500001,2408.613281250002,35456.790937500016
2026-04-23,01:08:00.000,2026-04-23 01:08:00,35337.27,1368.89,2408.63,35455.24,35339.32203125002,1368.6465625000017,2408.7032812500024,35457.300937500026
2026-04-23,01:09:00.000,2026-04-23 01:09:00,35337.47,1368.73,2408.66,35455.44,35339.52203125003,1368.4865625000014,2408.733281250002,35457.50093750002
2026-04-23,01:10:00.000,2026-04-23 01:10:00,35337.72,1368.68,2408.67,35455.68,35339.77203125003,1368.4365625000014,2408.743281250003,35457.74093750002
2026-04-23,01:11:00.000,2026-04-23 01:11:00,35337.82,1368.58,2408.68,35455.78,35339.87203125004,1368.336562500001,2408.753281250002,35457.84093750003
2026-04-23,01:12:00.000,2026-04-23 01:12:00,35337.82,1368.55,2408.63,35455.76,35338.46078125003,1369.0753125000012,2408.6795312500035,35456.45343750003
2026-04-23,01:13:00.000,2026-04-23 01:13:00,35337.88,1368.52,2408.6,35455.83,35338.52078125003,1369.045312500001,2408.649531250003,35456.52343750002
2026-04-23,01:14:00.000,2026-04-23 01:14:00,35337.94,1368.47,2408.56,35455.88,35338.58078125003,1368.995312500001,2408.6095312500024,35456.57343750001
2026-04-23,01:15:00.000,2026-04-23 01:15:00,35337.83,1368.31,2408.52,35455.76,35338.47078125003,1368.8353125000008,2408.5695312500025,35456.453437500015
2026-04-23,01:16:00.000,2026-04-23 01:16:00,35337.95,1368.2,2408.54,35455.86,35338.59078125003,1368.7253125000013,2408.5895312500024,35456.55343750003
2026-04-23,01:17:00.000,2026-04-23 01:17:00,35338.52,1368.05,2408.58,35456.41,35339.16078125002,1368.5753125000012,2408.6295312500024,35457.10343750003
2026-04-23,01:18:00.000,2026-04-23 01:18:00,35339.06,1367.65,2408.66,35456.95,35339.70078125004,1368.1753125000016,2408.709531250002,35457.64343750002
2026-04-23,01:19:00.000,2026-04-23 01:19:00,35339.49,1367.33,2408.66,35457.38,35340.13078125003,1367.8553125000014,2408.709531250002,35458.07343750001
2026-04-23,01:20:00.000,2026-04-23 01:20:00,35339.43,1367.39,2408.62,35457.32,35339.20828125003,1368.0865625000013,2408.7695312500023,35457.158437500024
2026-04-23,01:21:00.000,2026-04-23 01:21:00,35338.89,1367.54,2408.49,35456.78,35338.66828125002,1368.2365625000014,2408.639531250002,35456.618437500016
2026-04-23,01:22:00.000,2026-04-23 01:22:00,35338.65,1367.76,2408.44,35456.54,35338.428281250024,1368.4565625000014,2408.589531250002,35456.37843750003
2026-04-23,01:23:00.000,2026-04-23 01:23:00,35338.89,1368.01,2408.46,35456.79,35338.668281250015,1368.7065625000014,2408.6095312500024,35456.62843750003
2026-04-23,01:24:00.000,2026-04-23 01:24:00,35339.14,1368.22,2408.48,35457.06,35338.918281250044,1368.9165625000012,2408.6295312500024,35456.89843750001
2026-04-23,01:25:00.000,2026-04-23 01:25:00,35339.2,1368.28,2408.47,35457.13,35338.97828125004,1368.9765625000011,2408.619531250002,35456.968437500014
2026-04-23,01:26:00.000,2026-04-23 01:26:00,35339.52,1368.3,2408.49,35457.45,35339.298281250034,1368.996562500001,2408.6395312500026,35457.288437500014
2026-04-23,01:27:00.000,2026-04-23 01:27:00,35339.67,1368.21,2408.5,35457.6,35339.44828125003,1368.9065625000012,2408.649531250003,35457.43843750001
2026-04-23,01:28:00.000,2026-04-23 01:28:00,35339.77,1368.08,2408.49,35457.68,35339.22453125002,1368.6353125000012,2408.763281250002,35457.170937500014
2026-04-23,01:29:00.000,2026-04-23 01:29:00,35339.89,1367.99,2408.47,35457.81,35339.34453125003,1368.5453125000015,2408.7432812500024,35457.30093750002
2026-04-23,01:30:00.000,2026-04-23 01:30:00,35339.58,1367.85,2408.39,35457.51,35339.034531250036,1368.4053125000012,2408.6632812500025,35457.00093750002
2026-04-23,01:31:00.000,2026-04-23 01:31:00,35339.34,1367.88,2408.34,35457.26,35338.79453125003,1368.4353125000014,2408.6132812500023,35456.75093750002
2026-04-23,01:32:00.000,2026-04-23 01:32:00,35339.52,1368.06,2408.37,35457.46,35338.97453125003,1368.6153125000012,2408.643281250003,35456.95093750002
2026-04-23,01:33:00.000,2026-04-23 01:33:00,35339.17,1368.24,2408.28,35457.11,35338.62453125004,1368.795312500001,2408.553281250003,35456.60093750003
2026-04-23,01:34:00.000,2026-04-23 01:34:00,35339.36,1368.34,2408.32,35457.31,35338.81453125003,1368.8953125000012,2408.5932812500027,35456.80093750001
2026-04-23,01:35:00.000,2026-04-23 01:35:00,35339.35,1368.4,2408.3,35457.31,35338.80453125002,1368.9553125000011,2408.5732812500023,35456.80093750001
2026-04-23,01:36:00.000,2026-04-23 01:36:00,35339.17,1368.42,2408.3,35457.12,35339.002031250035,1368.5715625000012,2408.583281250002,35456.95968750002
2026-04-23,01:37:00.000,2026-04-23 01:37:00,35339.27,1368.54,2408.32,35457.23,35339.102031250026,1368.691562500001,2408.6032812500025,35457.06968750002
2026-04-23,01:38:00.000,2026-04-23 01:38:00,35339.24,1368.57,2408.34,35457.2,35339.07203125003,1368.7215625000013,2408.6232812500025,35457.03968750001
2026-04-23,01:39:00.000,2026-04-23 01:39:00,35339.18,1368.57,2408.35,35457.15,35339.01203125003,1368.7215625000013,2408.633281250002,35456.98968750002
2026-04-23,01:40:00.000,2026-04-23 01:40:00,35339.18,1368.54,2408.38,35457.14,35339.01203125003,1368.691562500001,2408.663281250003,35456.979687500025
2026-04-23,01:41:00.000,2026-04-23 01:41:00,35339.0,1368.51,2408.37,35456.98,35338.83203125002,1368.6615625000013,2408.6532812500027,35456.819687500036
2026-04-23,01:42:00.000,2026-04-23 01:42:00,35338.93,1368.47,2408.39,35456.9,35338.76203125003,1368.6215625000013,2408.6732812500027,35456.73968750002
2026-04-23,01:43:00.000,2026-04-23 01:43:00,35338.99,1368.45,2408.43,35456.94,35338.82203125003,1368.6015625000014,2408.7132812500026,35456.77968750001
2026-04-23,01:44:00.000,2026-04-23 01:44:00,35339.15,1368.41,2408.46,35457.11,35338.84578125003,1368.619062500001,2408.5307812500027,35456.815937500025
2026-04-23,01:45:00.000,2026-04-23 01:45:00,35339.37,1368.38,2408.55,35457.33,35339.06578125003,1368.5890625000013,2408.620781250003,35457.035937500026
2026-04-23,01:46:00.000,2026-04-23 01:46:00,35339.41,1368.39,2408.55,35457.38,35339.10578125003,1368.5990625000013,2408.6207812500024,35457.085937500015
2026-04-23,01:47:00.000,2026-04-23 01:47:00,35339.32,1368.39,2408.58,35457.28,35339.01578125003,1368.5990625000013,2408.650781250002,35456.98593750002
2026-04-23,01:48:00.000,2026-04-23 01:48:00,35339.18,1368.39,2408.56,35457.13,35338.875781250026,1368.599062500001,2408.6307812500017,35456.835937500015
2026-04-23,01:49:00.000,2026-04-23 01:49:00,35339.18,1368.42,2408.59,35457.13,35338.875781250026,1368.6290625000013,2408.6607812500024,35456.835937500015
2026-04-23,01:50:00.000,2026-04-23 01:50:00,35339.19,1368.55,2408.61,35457.15,35338.88578125003,1368.7590625000012,2408.6807812500024,35456.85593750001
2026-04-23,01:51:00.000,2026-04-23 01:51:00,35339.25,1368.68,2408.68,35457.22,35338.945781250026,1368.8890625000013,2408.750781250002,35456.92593750002
2026-04-23,01:52:00.000,2026-04-23 01:52:00,35339.28,1368.86,2408.71,35457.26,35338.55203125002,1368.4553125000011,2408.4907812500023,35456.49218750002
2026-04-23,01:53:00.000,2026-04-23 01:53:00,35339.37,1368.93,2408.75,35457.36,35338.642031250034,1368.5253125000013,2408.5307812500023,35456.59218750003
2026-04-23,01:54:00.000,2026-04-23 01:54:00,35339.52,1368.93,2408.82,35457.51,35338.79203125003,1368.5253125000013,2408.600781250003,35456.74218750002
2026-04-23,01:55:00.000,2026-04-23 01:55:00,35339.71,1368.91,2408.85,35457.71,35338.98203125003,1368.5053125000013,2408.6307812500027,35456.94218750002
2026-04-23,01:56:00.000,2026-04-23 01:56:00,35339.87,1368.94,2408.92,35457.88,35339.14203125003,1368.535312500001,2408.7007812500024,35457.1121875
2026-04-23,01:57:00.000,2026-04-23 01:57:00,35339.95,1369.09,2408.91,35457.97,35339.22203125003,1368.6853125000011,2408.690781250002,35457.202187500014
2026-04-23,01:58:00.000,2026-04-23 01:58:00,35339.97,1369.33,2408.95,35458.01,35339.24203125003,1368.9253125000012,2408.730781250002,35457.24218750002
2026-04-23,01:59:00.000,2026-04-23 01:59:00,35339.77,1369.53,2408.99,35457.82,35339.04203125002,1369.1253125000014,2408.770781250002,35457.05218750002
2026-04-23,02:00:00.000,2026-04-23 02:00:00,35339.54,1369.89,2409.03,35457.61,35338.81453125002,1368.4003125000015,2408.3495312500027,35456.74843750001
2026-04-23,02:01:00.000,2026-04-23 02:01:00,35339.41,1370.22,2409.11,35457.5,35338.68453125003,1368.7303125000014,2408.4295312500026,35456.63843750001
2026-04-23,02:02:00.000,2026-04-23 02:02:00,35339.48,1370.38,2409.23,35457.58,35338.75453125002,1368.8903125000013,2408.5495312500025,35456.71843750002
2026-04-23,02:03:00.000,2026-04-23 02:03:00,35339.7,1370.34,2409.32,35457.81,35338.97453125002,1368.8503125000013,2408.6395312500026,35456.94843750002
2026-04-23,02:04:00.000,2026-04-23 02:04:00,35339.91,1370.24,2409.42,35458.03,35339.18453125003,1368.7503125000012,2408.739531250002,35457.16843750002
2026-04-23,02:05:00.000,2026-04-23 02:05:00,35339.87,1370.19,2409.46,35458.0,35339.14453125004,1368.7003125000015,2408.779531250002,35457.13843750002
2026-04-23,02:06:00.000,2026-04-23 02:06:00,35339.8,1370.08,2409.49,35457.93,35339.07453125004,1368.590312500001,2408.8095312500022,35457.06843750002
2026-04-23,02:07:00.000,2026-04-23 02:07:00,35339.71,1369.86,2409.53,35457.81,35338.98453125004,1368.370312500001,2408.849531250002,35456.948437500025
2026-04-23,02:08:00.000,2026-04-23 02:08:00,35339.57,1369.64,2409.55,35457.67,35338.37859375003,1371.822031250001,2409.8429687500015,35456.635625000024
2026-04-23,02:09:00.000,2026-04-23 02:09:00,35339.54,1369.55,2409.57,35457.63,35338.34859375003,1371.7320312500008,2409.862968750001,35456.59562500003
2026-04-23,02:10:00.000,2026-04-23 02:10:00,35339.78,1369.56,2409.64,35457.88,35338.58859375004,1371.7420312500008,2409.9329687500017,35456.84562500002
2026-04-23,02:11:00.000,2026-04-23 02:11:00,35339.94,1369.67,2409.69,35458.05,35338.748593750046,1371.852031250001,2409.982968750002,35457.01562500004
2026-04-23,02:12:00.000,2026-04-23 02:12:00,35339.63,1369.87,2409.71,35457.78,35338.438593750034,1372.0520312500012,2410.002968750001,35456.74562500001
2026-04-23,02:13:00.000,2026-04-23 02:13:00,35339.09,1370.11,2409.64,35457.24,35337.898593750026,1372.2920312500014,2409.9329687500003,35456.20562500002
2026-04-23,02:14:00.000,2026-04-23 02:14:00,35338.69,1370.55,2409.62,35456.84,35337.49859375004,1372.7320312500012,2409.912968750001,35455.805625000015
2026-04-23,02:15:00.000,2026-04-23 02:15:00,35338.52,1371.05,2409.65,35456.7,35337.328593750026,1373.2320312500012,2409.9429687500015,35455.665625000016
2026-04-23,02:16:00.000,2026-04-23 02:16:00,35338.2,1371.58,2409.66,35456.41,35339.35109375003,1371.978281250001,2409.851718750001,35457.60812500002
2026-04-23,02:17:00.000,2026-04-23 02:17:00,35337.56,1371.71,2409.62,35455.78,35338.71109375003,1372.108281250001,2409.811718750001,35456.978125000016
2026-04-23,02:18:00.000,2026-04-23 02:18:00,35337.21,1371.7,2409.61,35455.43,35338.361093750034,1372.098281250001,2409.8017187500013,35456.62812500002
2026-04-23,02:19:00.000,2026-04-23 02:19:00,35336.9,1371.8,2409.65,35455.14,35338.05109375004,1372.198281250001,2409.8417187500013,35456.33812500001
2026-04-23,02:20:00.000,2026-04-23 02:20:00,35336.61,1371.88,2409.72,35454.86,35337.761093750036,1372.278281250001,2409.9117187500015,35456.058125000025
2026-04-23,02:21:00.000,2026-04-23 02:21:00,35336.44,1371.8,2409.8,35454.69,35337.59109375004,1372.1982812500012,2409.9917187500014,35455.88812500003
2026-04-23,02:22:00.000,2026-04-23 02:22:00,35336.32,1371.79,2409.87,35454.57,35337.47109375003,1372.1882812500012,2410.061718750001,35455.768125000024
2026-04-23,02:23:00.000,2026-04-23 02:23:00,35336.78,1372.01,2409.95,35455.05,35337.93109375002,1372.408281250001,2410.141718750001,35456.248125000035
2026-04-23,02:24:00.000,2026-04-23 02:24:00,35337.71,1372.18,2410.12,35455.98,35337.52859375003,1371.307031250001,2409.717968750001,35455.746875000026
2026-04-23,02:25:00.000,2026-04-23 02:25:00,35338.49,1372.58,2410.23,35456.79,35338.30859375003,1371.7070312500011,2409.8279687500008,35456.556875000024
2026-04-23,02:26:00.000,2026-04-23 02:26:00,35339.02,1372.95,2410.36,35457.35,35338.83859375003,1372.077031250001,2409.9579687500013,35457.116875000014
2026-04-23,02:27:00.000,2026-04-23 02:27:00,35338.78,1373.39,2410.31,35457.14,35338.59859375002,1372.517031250001,2409.907968750001,35456.90687500002
2026-04-23,02:28:00.000,2026-04-23 02:28:00,35338.46,1373.56,2410.39,35456.83,35338.27859375004,1372.6870312500012,2409.987968750001,35456.596875000025
2026-04-23,02:29:00.000,2026-04-23 02:29:00,35338.22,1373.54,2410.46,35456.59,35338.03859375005,1372.6670312500012,2410.0579687500017,35456.35687500002
2026-04-23,02:30:00.000,2026-04-23 02:30:00,35337.98,1373.39,2410.53,35456.35,35337.79859375004,1372.517031250001,2410.1279687500014,35456.116875000014
2026-04-23,02:31:00.000,2026-04-23 02:31:00,35338.02,1372.85,2410.23,35456.35,35337.838593750035,1371.9770312500007,2409.827968750001,35456.116875000014
2026-04-23,02:32:00.000,2026-04-23 02:32:00,35337.96,1372.49,2410.27,35456.29,35336.86359375002,1372.444531250001,2409.9417187500007,35455.163125000014
2026-04-23,02:33:00.000,2026-04-23 02:33:00,35338.22,1372.38,2410.19,35456.54,35337.12359375003,1372.334531250001,2409.861718750001,35455.413125000014
2026-04-23,02:34:00.000,2026-04-23 02:34:00,35338.92,1372.36,2410.15,35457.23,35337.823593750036,1372.3145312500008,2409.8217187500018,35456.10312500002
2026-04-23,02:35:00.000,2026-04-23 02:35:00,35339.6,1372.29,2410.51,35457.93,35338.50359375003,1372.244531250001,2410.1817187500014,35456.80312500002
2026-04-23,02:36:00.000,2026-04-23 02:36:00,35340.08,1372.26,2410.46,35458.4,35338.98359375005,1372.214531250001,2410.1317187500013,35457.27312500002
2026-04-23,02:37:00.000,2026-04-23 02:37:00,35339.9,1372.2,2410.4,35458.23,35338.80359375004,1372.1545312500011,2410.071718750001,35457.10312500002
2026-04-23,02:38:00.000,2026-04-23 02:38:00,35339.61,1372.05,2410.18,35457.92,35338.51359375003,1372.004531250001,2409.8517187500015,35456.79312500002
2026-04-23,02:39:00.000,2026-04-23 02:39:00,35339.71,1371.79,2409.88,35457.99,35338.61359375004,1371.7445312500013,2409.5517187500013,35456.86312500001
2026-04-23,02:40:00.000,2026-04-23 02:40:00,35339.73,1371.59,2409.93,35458.01,35337.89484375005,1372.4520312500006,2410.1654687500013,35456.22187500003
2026-04-23,02:41:00.000,2026-04-23 02:41:00,35339.89,1371.36,2410.01,35458.16,35338.05484375004,1372.2220312500006,2410.2454687500012,35456.371875000026
2026-04-23,02:42:00.000,2026-04-23 02:42:00,35340.13,1371.17,2409.93,35458.39,35338.29484375003,1372.0320312500012,2410.165468750001,35456.60187500003
2026-04-23,02:43:00.000,2026-04-23 02:43:00,35340.3,1371.14,2409.74,35458.52,35338.464843750044,1372.002031250001,2409.9754687500013,35456.73187500002
2026-04-23,02:44:00.000,2026-04-23 02:44:00,35340.19,1371.25,2409.97,35458.45,35338.35484375003,1372.112031250001,2410.2054687500013,35456.66187500002
2026-04-23,02:45:00.000,2026-04-23 02:45:00,35340.36,1371.23,2409.44,35458.56,35338.52484375003,1372.0920312500011,2409.6754687500015,35456.77187500002
2026-04-23,02:46:00.000,2026-04-23 02:46:00,35339.95,1371.3,2409.27,35458.15,35338.11484375003,1372.162031250001,2409.5054687500015,35456.36187500002
2026-04-23,02:47:00.000,2026-04-23 02:47:00,35339.36,1371.52,2409.24,35457.58,35337.524843750034,1372.3820312500009,2409.475468750001,35455.791875000024
2026-04-23,02:48:00.000,2026-04-23 02:48:00,35339.13,1371.64,2409.06,35457.32,35338.94109375003,1371.3345312500012,2409.4542187500006,35457.12562500002
2026-04-23,02:49:00.000,2026-04-23 02:49:00,35338.79,1371.81,2409.36,35457.05,35338.60109375003,1371.5045312500013,2409.7542187500007,35456.85562500002
2026-04-23,02:50:00.000,2026-04-23 02:50:00,35338.65,1372.16,2409.17,35456.92,35338.46109375004,1371.854531250001,2409.564218750001,35456.72562500002
2026-04-23,02:51:00.000,2026-04-23 02:51:00,35338.21,1372.35,2409.5,35456.5,35338.02109375004,1372.044531250001,2409.894218750001,35456.30562500002
2026-04-23,02:52:00.000,2026-04-23 02:52:00,35337.91,1372.65,2409.64,35456.23,35337.721093750035,1372.344531250001,2410.034218750001,35456.03562500003
2026-04-23,02:53:00.000,2026-04-23 02:53:00,35337.81,1372.85,2409.92,35456.14,35337.62109375003,1372.5445312500008,2410.3142187500016,35455.94562500002
2026-04-23,02:54:00.000,2026-04-23 02:54:00,35338.17,1373.11,2409.64,35456.48,35337.98109375003,1372.8045312500012,2410.0342187500014,35456.28562500002
2026-04-23,02:55:00.000,2026-04-23 02:55:00,35338.07,1373.33,2409.97,35456.43,35337.88109375004,1373.024531250001,2410.3642187500013,35456.235625000016
2026-04-23,02:56:00.000,2026-04-23 02:56:00,35337.98,1373.41,2409.68,35456.32,35338.853593750035,1372.1145312500014,2409.7379687500015,35457.12562500001
2026-04-23,02:57:00.000,2026-04-23 02:57:00,35337.71,1373.22,2409.46,35456.0,35338.58359375003,1371.9245312500013,2409.5179687500013,35456.805625000015
2026-04-23,02:58:00.000,2026-04-23 02:58:00,35337.27,1373.07,2409.5,35455.57,35338.14359375002,1371.774531250001,2409.5579687500017,35456.375625000015
2026-04-23,02:59:00.000,2026-04-23 02:59:00,35336.92,1373.21,2409.81,35455.25,35337.79359375003,1371.9145312500013,2409.867968750001,35456.05562500002
2026-04-23,03:00:00.000,2026-04-23 03:00:00,35336.98,1373.46,2410.09,35455.35,35337.85359375005,1372.1645312500004,2410.147968750001,35456.15562500003
2026-04-23,03:01:00.000,2026-04-23 03:01:00,35337.36,1373.77,2410.14,35455.75,35338.233593750054,1372.4745312500004,2410.197968750001,35456.55562500002
2026-04-23,03:02:00.000,2026-04-23 03:02:00,35337.14,1373.78,2410.15,35455.54,35338.01359375004,1372.4845312500008,2410.2079687500013,35456.34562500002
2026-04-23,03:03:00.000,2026-04-23 03:03:00,35336.88,1373.9,2410.12,35455.29,35337.75359375003,1372.6045312500012,2410.1779687500007,35456.09562500002
2026-04-23,03:04:00.000,2026-04-23 03:04:00,35336.59,1374.11,2410.11,35455.01,35339.05859375004,1373.187031250001,2409.6679687500014,35457.38312500003
2026-04-23,03:05:00.000,2026-04-23 03:05:00,35336.2,1373.7,2410.02,35454.58,35338.66859375004,1372.777031250001,2409.577968750001,35456.95312500002
2026-04-23,03:06:00.000,2026-04-23 03:06:00,35335.71,1373.51,2410.11,35454.1,35338.17859375004,1372.587031250001,2409.667968750001,35456.47312500002
2026-04-23,03:07:00.000,2026-04-23 03:07:00,35335.72,1373.53,2410.26,35454.11,35338.188593750034,1372.607031250001,2409.8179687500005,35456.48312500003
2026-04-23,03:08:00.000,2026-04-23 03:08:00,35335.68,1373.17,2410.37,35454.06,35338.148593750026,1372.247031250001,2409.9279687500016,35456.43312500002
2026-04-23,03:09:00.000,2026-04-23 03:09:00,35335.44,1372.58,2410.64,35453.8,35337.908593750035,1371.657031250001,2410.197968750001,35456.17312500002
2026-04-23,03:10:00.000,2026-04-23 03:10:00,35335.14,1372.28,2410.75,35453.51,35337.60859375003,1371.357031250001,2410.3079687500017,35455.883125000015
2026-04-23,03:11:00.000,2026-04-23 03:11:00,35335.0,1371.96,2410.69,35453.36,35337.46859375003,1371.0370312500008,2410.2479687500013,35455.73312500002
2026-04-23,03:12:00.000,2026-04-23 03:12:00,35334.84,1372.16,2410.72,35453.2,35329.527968750015,1376.488906250001,2413.1814035859916,35448.297343750026
2026-04-23,03:13:00.000,2026-04-23 03:13:00,35334.81,1371.87,2410.94,35453.17,35329.497968750016,1376.1989062500006,2413.401403585992,35448.26734375003
2026-04-23,03:14:00.000,2026-04-23 03:14:00,35335.25,1371.26,2410.45,35453.53,35329.93796875002,1375.5889062500012,2412.911403585992,35448.627343750035
2026-04-23,03:15:00.000,2026-04-23 03:15:00,35335.64,1371.28,2410.93,35453.95,35330.32796875002,1375.6089062500012,2413.3914035859925,35449.04734375003
2026-04-23,03:16:00.000,2026-04-23 03:16:00,35336.25,1371.38,2410.59,35454.57,35330.93796875001,1375.7089062500015,2413.0514035859924,35449.667343750036
2026-04-23,03:17:00.000,2026-04-23 03:17:00,35336.02,1371.38,2411.26,35454.39,35330.707968750015,1375.7089062500015,2413.7214035859924,35449.48734375003
2026-04-23,03:18:00.000,2026-04-23 03:18:00,35335.57,1371.5,2411.29,35453.97,35330.25796875002,1375.8289062500012,2413.7514035859917,35449.06734375002
2026-04-23,03:19:00.000,2026-04-23 03:19:00,35334.95,1371.52,2411.46,35453.36,35329.63796875002,1375.8489062500012,2413.921403585992,35448.45734375002
2026-04-23,03:20:00.000,2026-04-23 03:20:00,35334.65,1371.32,2411.37,35453.04,35330.99796875002,1374.6064062500009,2413.0901535859916,35449.678593750046
2026-04-23,03:21:00.000,2026-04-23 03:21:00,35334.58,1371.42,2411.19,35452.95,35330.92796875002,1374.7064062500012,2412.9101535859922,35449.588593750035
2026-04-23,03:22:00.000,2026-04-23 03:22:00,35334.42,1371.89,2411.65,35452.87,35330.76796875002,1375.1764062500013,2413.3701535859923,35449.50859375003
2026-04-23,03:23:00.000,2026-04-23 03:23:00,35334.48,1372.6,2411.79,35452.95,35330.82796875003,1375.8864062500013,2413.5101535859917,35449.588593750035
2026-04-23,03:24:00.000,2026-04-23 03:24:00,35333.96,1373.48,2411.53,35452.46,35330.307968750014,1376.7664062500012,2413.250153585992,35449.09859375002
2026-04-23,03:25:00.000,2026-04-23 03:25:00,35333.09,1373.34,2411.77,35451.6,35329.43796875002,1376.6264062500009,2413.4901535859917,35448.23859375002
2026-04-23,03:26:00.000,2026-04-23 03:26:00,35332.66,1373.37,2412.18,35451.2,35329.00796875002,1376.656406250001,2413.900153585992,35447.83859375003
2026-04-23,03:27:00.000,2026-04-23 03:27:00,35332.21,1373.27,2412.09,35450.74,35328.55796875001,1376.5564062500011,2413.810153585992,35447.37859375002
2026-04-23,03:28:00.000,2026-04-23 03:28:00,35332.3,1373.35,2411.36,35450.8,35330.11296875002,1374.4214062500014,2411.8461302353617,35448.72109375003
2026-04-23,03:29:00.000,2026-04-23 03:29:00,35331.97,1373.99,2412.33,35450.56,35329.78296875002,1375.0614062500013,2412.816130235362,35448.48109375002
2026-04-23,03:30:00.000,2026-04-23 03:30:00,35332.55,1374.33,2412.45,35451.16,35330.36296875003,1375.401406250001,2412.9361302353614,35449.08109375003
2026-04-23,03:31:00.000,2026-04-23 03:31:00,35332.45,1374.67,2412.96,35451.12,35330.26296875002,1375.741406250001,2413.4461302353616,35449.041093750035
2026-04-23,03:32:00.000,2026-04-23 03:32:00,35332.39,1374.96,2413.22,35451.07,35330.20296875001,1376.0314062500008,2413.7061302353623,35448.991093750024
2026-04-23,03:33:00.000,2026-04-23 03:33:00,35332.27,1375.21,2413.11,35450.96,35330.082968750015,1376.2814062500008,2413.5961302353626,35448.881093750024
2026-04-23,03:34:00.000,2026-04-23 03:34:00,35332.24,1375.76,2413.34,35450.98,35330.05296875002,1376.8314062500012,2413.8261302353626,35448.901093750035
2026-04-23,03:35:00.000,2026-04-23 03:35:00,35332.16,1376.14,2413.27,35450.9,35329.972968750015,1377.2114062500013,2413.756130235362,35448.82109375003
2026-04-23,03:36:00.000,2026-04-23 03:36:00,35331.68,1376.38,2413.82,35450.46,35331.10796875002,1375.2339062500012,2413.1691769366225,35449.78484375003
2026-04-23,03:37:00.000,2026-04-23 03:37:00,35331.68,1376.79,2413.7,35450.5,35331.10796875002,1375.643906250001,2413.0491769366226,35449.82484375002
2026-04-23,03:38:00.000,2026-04-23 03:38:00,35331.61,1377.38,2414.19,35450.49,35331.03796875002,1376.2339062500012,2413.5391769366224,35449.81484375001
2026-04-23,03:39:00.000,2026-04-23 03:39:00,35331.05,1377.06,2414.35,35449.94,35330.47796875002,1375.913906250001,2413.6991769366223,35449.264843750025
2026-04-23,03:40:00.000,2026-04-23 03:40:00,35330.46,1377.01,2414.52,35449.32,35329.887968750016,1375.8639062500013,2413.8691769366224,35448.64484375003
2026-04-23,03:41:00.000,2026-04-23 03:41:00,35330.33,1377.27,2413.96,35449.19,35329.757968750026,1376.123906250001,2413.309176936623,35448.51484375004
2026-04-23,03:42:00.000,2026-04-23 03:42:00,35329.52,1377.25,2414.54,35448.42,35328.947968750006,1376.103906250001,2413.8891769366223,35447.74484375003
2026-04-23,03:43:00.000,2026-04-23 03:43:00,35329.08,1377.01,2414.86,35448.0,35328.50796875002,1375.8639062500013,2414.209176936622,35447.32484375003
2026-04-23,03:44:00.000,2026-04-23 03:44:00,35329.06,1377.33,2414.68,35447.96,35330.484218750025,1375.2339062500012,2413.741408914011,35449.211093750026
2026-04-23,03:45:00.000,2026-04-23 03:45:00,35328.88,1377.53,2415.0,35447.81,35330.30421875002,1375.433906250001,2414.061408914011,35449.06109375003
2026-04-23,03:46:00.000,2026-04-23 03:46:00,35328.7,1377.72,2414.52,35447.6,35330.12421875002,1375.623906250001,2413.5814089140104,35448.851093750025
2026-04-23,03:47:00.000,2026-04-23 03:47:00,35328.65,1377.99,2415.3,35447.61,35330.07421875003,1375.893906250001,2414.361408914011,35448.861093750034
2026-04-23,03:48:00.000,2026-04-23 03:48:00,35328.67,1378.24,2414.9,35447.62,35330.09421875002,1376.1439062500015,2413.9614089140114,35448.87109375003
2026-04-23,03:49:00.000,2026-04-23 03:49:00,35328.86,1378.42,2415.0,35447.81,35330.28421875002,1376.3239062500013,2414.061408914011,35449.06109375003
2026-04-23,03:50:00.000,2026-04-23 03:50:00,35328.4,1378.31,2414.98,35447.35,35329.824218750015,1376.213906250001,2414.0414089140118,35448.60109375003
2026-04-23,03:51:00.000,2026-04-23 03:51:00,35328.22,1378.21,2415.08,35447.15,35329.64421875001,1376.113906250001,2414.141408914011,35448.401093750035
2026-04-23,03:52:00.000,2026-04-23 03:52:00,35327.45,1378.28,2415.34,35446.41,35330.00796875002,1375.435156250001,2414.3526589140106,35448.77984375003
2026-04-23,03:53:00.000,2026-04-23 03:53:00,35327.75,1378.66,2414.78,35446.68,35330.30796875002,1375.815156250001,2413.792658914011,35449.049843750036
2026-04-23,03:54:00.000,2026-04-23 03:54:00,35326.81,1378.47,2414.99,35445.74,35329.36796875001,1375.6251562500013,2414.002658914011,35448.10984375002
2026-04-23,03:55:00.000,2026-04-23 03:55:00,35326.98,1378.2,2414.99,35445.91,35329.537968750024,1375.3551562500013,2414.002658914011,35448.27984375003
2026-04-23,03:56:00.000,2026-04-23 03:56:00,35328.39,1379.05,2414.86,35447.32,35330.94796875002,1376.2051562500012,2413.8726589140115,35449.68984375002
2026-04-23,03:57:00.000,2026-04-23 03:57:00,35327.69,1379.21,2415.1,35446.66,35330.24796875002,1376.365156250001,2414.1126589140113,35449.02984375003
2026-04-23,03:58:00.000,2026-04-23 03:58:00,35327.55,1379.04,2415.08,35446.54,35330.10796875002,1376.1951562500012,2414.0926589140113,35448.90984375002
2026-04-23,03:59:00.000,2026-04-23 03:59:00,35327.75,1378.83,2414.71,35446.7,35330.307968750014,1375.9851562500012,2413.7226589140114,35449.069843750025
2026-04-23,04:00:00.000,2026-04-23 04:00:00,35327.24,1378.24,2415.3,35446.21,35330.94796875002,1376.8014062500013,2414.3589089140114,35449.74609375002
2026-04-23,04:01:00.000,2026-04-23 04:01:00,35327.65,1377.59,2414.78,35446.58,35331.357968750024,1376.1514062500012,2413.838908914011,35450.11609375003
2026-04-23,04:02:00.000,2026-04-23 04:02:00,35326.95,1377.57,2414.73,35445.88,35330.65796875002,1376.1314062500012,2413.7889089140112,35449.41609375002
2026-04-23,04:03:00.000,2026-04-23 04:03:00,35326.44,1377.35,2415.19,35445.42,35330.147968750025,1375.9114062500014,2414.2489089140113,35448.95609375003
2026-04-23,04:04:00.000,2026-04-23 04:04:00,35325.91,1377.18,2414.86,35444.83,35329.61796875002,1375.7414062500013,2413.9189089140114,35448.36609375003
2026-04-23,04:05:00.000,2026-04-23 04:05:00,35325.26,1376.83,2414.77,35444.17,35328.967968750025,1375.391406250001,2413.828908914011,35447.70609375003
2026-04-23,04:06:00.000,2026-04-23 04:06:00,35325.33,1376.96,2415.04,35444.26,35329.03796875001,1375.5214062500013,2414.0989089140107,35447.79609375003
2026-04-23,04:07:00.000,2026-04-23 04:07:00,35326.39,1376.77,2414.81,35445.28,35330.09796875001,1375.3314062500012,2413.868908914011,35448.816093750036
2026-04-23,04:08:00.000,2026-04-23 04:08:00,35326.28,1376.83,2415.25,35445.22,35330.31296875001,1375.668906250001,2414.100158914011,35449.08109375003
2026-04-23,04:09:00.000,2026-04-23 04:09:00,35325.99,1376.82,2414.98,35444.9,35330.02296875002,1375.6589062500013,2413.8301589140115,35448.76109375002
2026-04-23,04:10:00.000,2026-04-23 04:10:00,35325.94,1377.2,2414.6,35444.85,35329.972968750015,1376.0389062500012,2413.450158914011,35448.711093750026
2026-04-23,04:11:00.000,2026-04-23 04:11:00,35325.22,1377.12,2415.6,35444.19,35329.252968750014,1375.9589062500013,2414.450158914011,35448.05109375002
2026-04-23,04:12:00.000,2026-04-23 04:12:00,35325.94,1377.03,2415.24,35444.87,35329.97296875002,1375.8689062500014,2414.0901589140108,35448.73109375003
2026-04-23,04:13:00.000,2026-04-23 04:13:00,35326.6,1376.87,2415.42,35445.55,35330.63296875001,1375.708906250001,2414.270158914011,35449.41109375002
2026-04-23,04:14:00.000,2026-04-23 04:14:00,35326.54,1377.28,2414.81,35445.45,35330.57296875003,1376.1189062500014,2413.6601589140114,35449.311093750024
2026-04-23,04:15:00.000,2026-04-23 04:15:00,35326.06,1377.12,2415.25,35445.0,35330.09296875003,1375.958906250001,2414.100158914011,35448.86109375003
2026-04-23,04:16:00.000,2026-04-23 04:16:00,35325.46,1376.9,2414.87,35444.38,35329.97984375005,1372.4990268254273,2415.042343750001,35448.64468750003
2026-04-23,04:17:00.000,2026-04-23 04:17:00,35324.8,1376.93,2414.48,35443.68,35329.31984375005,1372.529026825427,2414.6523437500014,35447.944687500036
2026-04-23,04:18:00.000,2026-04-23 04:18:00,35325.07,1376.9,2414.93,35443.96,35329.589843750044,1372.4990268254273,2415.102343750001,35448.224687500035
2026-04-23,04:19:00.000,2026-04-23 04:19:00,35324.98,1376.87,2415.52,35443.9,35329.49984375005,1372.4690268254271,2415.6923437500013,35448.16468750004
2026-04-23,04:20:00.000,2026-04-23 04:20:00,35326.02,1377.15,2415.2,35444.93,35330.53984375003,1372.7490268254276,2415.3723437500016,35449.194687500036
2026-04-23,04:21:00.000,2026-04-23 04:21:00,35325.56,1377.26,2415.6,35444.46,35330.07984375004,1372.8590268254277,2415.7723437500013,35448.724687500035
2026-04-23,04:22:00.000,2026-04-23 04:22:00,35327.7,1376.86,2415.44,35446.59,35332.21984375004,1372.4590268254276,2415.612343750002,35450.85468750003
2026-04-23,04:23:00.000,2026-04-23 04:23:00,35328.54,1376.39,2415.27,35447.38,35333.05984375004,1371.9890268254278,2415.442343750002,35451.64468750004
2026-04-23,04:24:00.000,2026-04-23 04:24:00,35329.41,1376.11,2415.58,35448.25,35332.04859375005,1374.1090268254272,2415.699843750001,35450.74718750004
2026-04-23,04:25:00.000,2026-04-23 04:25:00,35329.49,1375.31,2415.57,35448.35,35332.128593750036,1373.3090268254275,2415.6898437500017,35450.84718750003
2026-04-23,04:26:00.000,2026-04-23 04:26:00,35328.16,1374.53,2415.06,35446.94,35330.79859375005,1372.5290268254273,2415.1798437500015,35449.43718750004
2026-04-23,04:27:00.000,2026-04-23 04:27:00,35326.67,1373.69,2415.17,35445.42,35329.308593750044,1371.6890268254276,2415.289843750001,35447.91718750004
2026-04-23,04:28:00.000,2026-04-23 04:28:00,35326.94,1373.65,2414.85,35445.65,35329.57859375005,1371.6490268254274,2414.969843750002,35448.147187500035
2026-04-23,04:29:00.000,2026-04-23 04:29:00,35328.56,1374.39,2415.38,35447.33,35331.19859375004,1372.3890268254277,2415.4998437500017,35449.82718750003
2026-04-23,04:30:00.000,2026-04-23 04:30:00,35328.03,1374.37,2415.37,35446.83,35330.66859375004,1372.3690268254275,2415.4898437500015,35449.32718750004
2026-04-23,04:31:00.000,2026-04-23 04:31:00,35325.92,1374.01,2414.75,35444.65,35328.55859375004,1372.0090268254273,2414.8698437500016,35447.147187500035
2026-04-23,04:32:00.000,2026-04-23 04:32:00,35324.61,1374.1,2414.85,35443.38,35329.55609375004,1371.7702768254276,2414.2135937500016,35448.13718750004
2026-04-23,04:33:00.000,2026-04-23 04:33:00,35322.62,1373.97,2415.26,35441.43,35327.56609375005,1371.6402768254275,2414.6235937500023,35446.18718750004
2026-04-23,04:34:00.000,2026-04-23 04:34:00,35321.27,1374.37,2415.61,35440.08,35326.216093750045,1372.0402768254273,2414.9735937500013,35444.837187500045
2026-04-23,04:35:00.000,2026-04-23 04:35:00,35323.1,1375.11,2415.5,35441.9,35328.04609375005,1372.7802768254276,2414.8635937500007,35446.65718750004
2026-04-23,04:36:00.000,2026-04-23 04:36:00,35325.28,1375.8,2416.63,35444.16,35330.22609375003,1373.4702768254274,2415.9935937500018,35448.91718750003
2026-04-23,04:37:00.000,2026-04-23 04:37:00,35328.73,1375.78,2416.99,35447.62,35333.676093750044,1373.4502768254274,2416.3535937500014,35452.377187500024
2026-04-23,04:38:00.000,2026-04-23 04:38:00,35329.84,1375.2,2416.48,35448.7,35334.78609375004,1372.8702768254275,2415.843593750001,35453.457187500026
2026-04-23,04:39:00.000,2026-04-23 04:39:00,35329.27,1374.36,2416.46,35448.07,35334.21609375003,1372.0302768254273,2415.8235937500017,35452.827187500036
2026-04-23,04:40:00.000,2026-04-23 04:40:00,35329.55,1374.14,2416.74,35448.38,35330.372343750045,1374.0540268254276,2416.476093750001,35449.15718750003
2026-04-23,04:41:00.000,2026-04-23 04:41:00,35329.37,1373.37,2416.16,35448.14,35330.19234375004,1373.2840268254276,2415.896093750001,35448.91718750004
2026-04-23,04:42:00.000,2026-04-23 04:42:00,35327.93,1372.94,2414.92,35446.59,35328.752343750035,1372.8540268254278,2414.656093750001,35447.36718750004
2026-04-23,04:43:00.000,2026-04-23 04:43:00,35327.9,1372.37,2415.27,35446.55,35328.722343750036,1372.2840268254276,2415.0060937500007,35447.32718750004
2026-04-23,04:44:00.000,2026-04-23 04:44:00,35329.67,1372.35,2415.36,35448.3,35330.49234375004,1372.2640268254272,2415.0960937500017,35449.07718750004
2026-04-23,04:45:00.000,2026-04-23 04:45:00,35331.16,1372.29,2415.78,35449.84,35331.982343750045,1372.2040268254273,2415.516093750002,35450.61718750004
2026-04-23,04:46:00.000,2026-04-23 04:46:00,35331.2,1371.9,2415.01,35449.81,35332.02234375004,1371.8140268254274,2414.746093750002,35450.58718750003
2026-04-23,04:47:00.000,2026-04-23 04:47:00,35330.93,1371.38,2415.56,35449.57,35331.752343750035,1371.2940268254274,2415.296093750001,35450.34718750004
2026-04-23,04:48:00.000,2026-04-23 04:48:00,35331.37,1371.2,2415.23,35449.99,35332.46717441162,1372.3712856745744,2415.582343750001,35451.15633270017
2026-04-23,04:49:00.000,2026-04-23 04:49:00,35330.59,1370.94,2414.71,35449.18,35331.68717441161,1372.1112856745747,2415.0623437500017,35450.346332700174
2026-04-23,04:50:00.000,2026-04-23 04:50:00,35329.5,1370.45,2415.02,35448.06,35330.59717441162,1371.6212856745744,2415.372343750001,35449.22633270018
2026-04-23,04:51:00.000,2026-04-23 04:51:00,35329.4,1370.62,2414.81,35447.93,35330.49717441161,1371.7912856745745,2415.162343750001,35449.096332700174
2026-04-23,04:52:00.000,2026-04-23 04:52:00,35329.21,1371.12,2414.88,35447.78,35330.30717441161,1372.2912856745743,2415.2323437500017,35448.94633270016
2026-04-23,04:53:00.000,2026-04-23 04:53:00,35328.11,1370.97,2414.86,35446.69,35329.20717441162,1372.1412856745742,2415.2123437500013,35447.85633270016
2026-04-23,04:54:00.000,2026-04-23 04:54:00,35327.55,1370.7,2415.13,35446.11,35328.64717441162,1371.8712856745744,2415.4823437500017,35447.276332700174
2026-04-23,04:55:00.000,2026-04-23 04:55:00,35328.56,1370.46,2415.23,35447.1,35329.657174411615,1371.6312856745742,2415.582343750001,35448.266332700165
2026-04-23,04:56:00.000,2026-04-23 04:56:00,35329.29,1369.92,2415.29,35447.82,35331.67842441161,1372.9225356745746,2415.6348437500005,35450.385082700166
2026-04-23,04:57:00.000,2026-04-23 04:57:00,35328.66,1369.52,2415.28,35447.18,35331.04842441162,1372.5225356745746,2415.624843750001,35449.74508270017
2026-04-23,04:58:00.000,2026-04-23 04:58:00,35328.13,1369.36,2414.53,35446.58,35330.51842441162,1372.3625356745747,2414.8748437500017,35449.145082700175
2026-04-23,04:59:00.000,2026-04-23 04:59:00,35327.21,1368.79,2414.85,35445.68,35329.59842441162,1371.7925356745745,2415.1948437500014,35448.24508270017
2026-04-23,05:00:00.000,2026-04-23 05:00:00,35326.55,1368.49,2414.51,35444.96,35328.93842441161,1371.4925356745744,2414.8548437500017,35447.525082700166
2026-04-23,05:01:00.000,2026-04-23 05:01:00,35327.34,1368.52,2414.11,35445.71,35329.7284244116,1371.522535674574,2414.454843750002,35448.275082700166
2026-04-23,05:02:00.000,2026-04-23 05:02:00,35328.02,1368.44,2415.61,35446.47,35330.40842441161,1371.4425356745744,2415.954843750002,35449.03508270017
2026-04-23,05:03:00.000,2026-04-23 05:03:00,35328.76,1368.77,2415.75,35447.25,35331.148424411615,1371.7725356745743,2416.0948437500015,35449.81508270017
2026-04-23,05:04:00.000,2026-04-23 05:04:00,35330.58,1368.79,2415.9,35449.08,35324.86588688388,1371.0175356745744,2415.5748437500015,35443.515203623116
2026-04-23,05:05:00.000,2026-04-23 05:05:00,35331.62,1369.43,2415.39,35450.11,35325.90588688389,1371.6575356745743,2415.0648437500013,35444.545203623115
2026-04-23,05:06:00.000,2026-04-23 05:06:00,35332.88,1370.04,2416.42,35451.42,35327.165886883886,1372.2675356745747,2416.094843750002,35445.855203623105
2026-04-23,05:07:00.000,2026-04-23 05:07:00,35335.96,1370.32,2416.12,35454.48,35330.24588688389,1372.5475356745744,2415.7948437500017,35448.91520362312
2026-04-23,05:08:00.000,2026-04-23 05:08:00,35337.73,1370.09,2415.64,35456.19,35332.0158868839,1372.3175356745746,2415.314843750001,35450.625203623116
2026-04-23,05:09:00.000,2026-04-23 05:09:00,35339.56,1369.92,2415.65,35458.04,35333.845886883886,1372.1475356745746,2415.324843750001,35452.47520362312
2026-04-23,05:10:00.000,2026-04-23 05:10:00,35340.12,1369.78,2414.92,35458.54,35334.40588688389,1372.0075356745745,2414.5948437500015,35452.97520362311
2026-04-23,05:11:00.000,2026-04-23 05:11:00,35339.82,1369.64,2415.25,35458.25,35334.10588688389,1371.8675356745746,2414.9248437500014,35452.6852036231
2026-04-23,05:12:00.000,2026-04-23 05:12:00,35339.83,1369.75,2414.76,35458.25,35329.131639293046,1372.1662856745745,2414.9960937500014,35447.7871309767
2026-04-23,05:13:00.000,2026-04-23 05:13:00,35339.83,1369.77,2415.24,35458.28,35329.131639293046,1372.1862856745745,2415.476093750001,35447.8171309767
2026-04-23,05:14:00.000,2026-04-23 05:14:00,35340.22,1369.9,2415.48,35458.68,35329.52163929305,1372.3162856745746,2415.716093750001,35448.21713097669
2026-04-23,05:15:00.000,2026-04-23 05:15:00,35341.13,1369.65,2415.06,35459.55,35330.43163929304,1372.0662856745746,2415.296093750001,35449.08713097669
2026-04-23,05:16:00.000,2026-04-23 05:16:00,35342.15,1369.93,2415.04,35460.57,35331.45163929304,1372.3462856745743,2415.276093750001,35450.1071309767
2026-04-23,05:17:00.000,2026-04-23 05:17:00,35342.57,1369.69,2415.06,35460.96,35331.87163929304,1372.106285674574,2415.2960937500015,35450.4971309767
2026-04-23,05:18:00.000,2026-04-23 05:18:00,35344.04,1369.21,2415.53,35462.45,35333.34163929304,1371.6262856745743,2415.7660937500013,35451.98713097669
2026-04-23,05:19:00.000,2026-04-23 05:19:00,35344.28,1368.6,2414.63,35462.62,35333.58163929303,1371.0162856745742,2414.8660937500017,35452.1571309767
2026-04-23,05:20:00.000,2026-04-23 05:20:00,35344.6,1368.68,2414.17,35462.9,35357.79658080062,1366.742343750001,2412.177664936991,35475.57814121573
2026-04-23,05:21:00.000,2026-04-23 05:21:00,35344.8,1368.45,2413.74,35463.05,35357.99658080063,1366.512343750001,2411.7476649369905,35475.728141215724
2026-04-23,05:22:00.000,2026-04-23 05:22:00,35344.06,1367.88,2414.34,35462.32,35357.256580800626,1365.942343750001,2412.347664936991,35474.99814121573
2026-04-23,05:23:00.000,2026-04-23 05:23:00,35343.4,1367.47,2413.71,35461.58,35356.59658080064,1365.5323437500012,2411.717664936991,35474.25814121574
2026-04-23,05:24:00.000,2026-04-23 05:24:00,35342.63,1367.18,2413.61,35460.81,35355.82658080061,1365.2423437500013,2411.6176649369913,35473.48814121573
2026-04-23,05:25:00.000,2026-04-23 05:25:00,35341.75,1367.09,2414.52,35459.98,35354.94658080062,1365.1523437500011,2412.527664936991,35472.658141215725
2026-04-23,05:26:00.000,2026-04-23 05:26:00,35342.93,1367.41,2414.72,35461.17,35356.126580800614,1365.4723437500013,2412.727664936991,35473.84814121573
2026-04-23,05:27:00.000,2026-04-23 05:27:00,35344.94,1367.91,2414.95,35463.2,35358.13658080062,1365.9723437500013,2412.9576649369906,35475.878141215726
2026-04-23,05:28:00.000,2026-04-23 05:28:00,35348.29,1368.19,2415.19,35466.55,35356.502333209784,1365.3448437500012,2412.752664936991,35474.3300685693
2026-04-23,05:29:00.000,2026-04-23 05:29:00,35350.11,1368.62,2415.11,35468.4,35358.32233320978,1365.774843750001,2412.672664936991,35476.18006856931
2026-04-23,05:30:00.000,2026-04-23 05:30:00,35350.93,1368.82,2415.16,35469.23,35359.142333209784,1365.9748437500007,2412.7226649369904,35477.01006856931
2026-04-23,05:31:00.000,2026-04-23 05:31:00,35352.49,1368.77,2415.12,35470.81,35360.70233320978,1365.924843750001,2412.6826649369905,35478.59006856931
2026-04-23,05:32:00.000,2026-04-23 05:32:00,35354.04,1368.77,2414.7,35472.27,35362.25233320977,1365.9248437500014,2412.2626649369904,35480.0500685693
2026-04-23,05:33:00.000,2026-04-23 05:33:00,35355.39,1368.64,2413.94,35473.58,35363.602333209776,1365.7948437500013,2411.502664936991,35481.36006856931
2026-04-23,05:34:00.000,2026-04-23 05:34:00,35356.35,1368.87,2414.0,35474.55,35364.56233320977,1366.024843750001,2411.5626649369915,35482.330068569296
2026-04-23,05:35:00.000,2026-04-23 05:35:00,35357.2,1368.65,2414.1,35475.41,35365.41233320977,1365.8048437500013,2411.662664936991,35483.190068569296
2026-04-23,05:36:00.000,2026-04-23 05:36:00,35357.63,1368.2,2413.69,35475.8,35360.60479568202,1367.117343750001,2413.327926241662,35478.24893949226
2026-04-23,05:37:00.000,2026-04-23 05:37:00,35358.03,1367.71,2413.04,35476.14,35361.00479568203,1366.6273437500013,2412.6779262416617,35478.588939492256
2026-04-23,05:38:00.000,2026-04-23 05:38:00,35358.37,1366.86,2413.15,35476.44,35361.34479568203,1365.7773437500011,2412.787926241662,35478.888939492266
2026-04-23,05:39:00.000,2026-04-23 05:39:00,35361.11,1366.76,2412.76,35479.11,35364.08479568202,1365.6773437500012,2412.3979262416624,35481.558939492264
2026-04-23,05:40:00.000,2026-04-23 05:40:00,35363.96,1366.58,2412.58,35481.94,35366.93479568203,1365.4973437500012,2412.2179262416616,35484.38893949226
2026-04-23,05:41:00.000,2026-04-23 05:41:00,35366.32,1366.61,2412.83,35484.31,35369.29479568203,1365.527343750001,2412.4679262416616,35486.758939492254
2026-04-23,05:42:00.000,2026-04-23 05:42:00,35368.93,1366.44,2412.09,35486.87,35371.904795682014,1365.3573437500013,2411.727926241662,35489.318939492245
2026-04-23,05:43:00.000,2026-04-23 05:43:00,35369.78,1366.07,2411.87,35487.7,35372.75479568202,1364.987343750001,2411.5079262416616,35490.14893949225
2026-04-23,05:44:00.000,2026-04-23 05:44:00,35369.36,1365.73,2411.72,35487.25,35367.89604568203,1366.2998437500012,2412.494879540401,35485.500189492246
2026-04-23,05:45:00.000,2026-04-23 05:45:00,35370.23,1365.46,2411.16,35488.04,35368.76604568202,1366.0298437500012,2411.9348795404017,35486.290189492254
2026-04-23,05:46:00.000,2026-04-23 05:46:00,35370.2,1365.19,2410.62,35488.02,35368.73604568202,1365.7598437500012,2411.3948795404017,35486.27018949224
2026-04-23,05:47:00.000,2026-04-23 05:47:00,35366.96,1365.38,2409.88,35484.75,35365.49604568201,1365.9498437500013,2410.654879540402,35483.00018949225
2026-04-23,05:48:00.000,2026-04-23 05:48:00,35364.44,1365.23,2410.4,35482.23,35362.97604568202,1365.7998437500012,2411.1748795404014,35480.480189492264
2026-04-23,05:49:00.000,2026-04-23 05:49:00,35365.56,1365.06,2408.84,35483.22,35364.09604568202,1365.629843750001,2409.614879540402,35481.470189492255
2026-04-23,05:50:00.000,2026-04-23 05:50:00,35365.77,1365.13,2410.46,35483.54,35364.30604568203,1365.6998437500013,2411.234879540402,35481.79018949226
2026-04-23,05:51:00.000,2026-04-23 05:51:00,35367.12,1364.83,2410.51,35484.85,35365.65604568204,1365.399843750001,2411.284879540402,35483.10018949226
2026-04-23,05:52:00.000,2026-04-23 05:52:00,35367.0,1364.72,2410.73,35484.76,35368.73670311344,1366.2898437500014,2410.0929721089724,35486.85947183101
2026-04-23,05:53:00.000,2026-04-23 05:53:00,35366.72,1364.53,2410.26,35484.43,35368.45670311344,1366.0998437500014,2409.622972108972,35486.52947183101
2026-04-23,05:54:00.000,2026-04-23 05:54:00,35366.02,1364.24,2410.82,35483.77,35367.75670311344,1365.8098437500012,2410.182972108972,35485.86947183101
2026-04-23,05:55:00.000,2026-04-23 05:55:00,35366.89,1364.25,2410.4,35484.58,35368.626703113434,1365.8198437500014,2409.762972108972,35486.679471831005
2026-04-23,05:56:00.000,2026-04-23 05:56:00,35367.82,1363.79,2411.07,35485.55,35369.55670311344,1365.359843750001,2410.432972108973,35487.64947183102
2026-04-23,05:57:00.000,2026-04-23 05:57:00,35369.07,1364.01,2411.04,35486.8,35370.80670311344,1365.5798437500011,2410.4029721089723,35488.89947183102
2026-04-23,05:58:00.000,2026-04-23 05:58:00,35369.06,1364.19,2410.92,35486.78,35370.79670311343,1365.7598437500012,2410.282972108973,35488.87947183101
2026-04-23,05:59:00.000,2026-04-23 05:59:00,35370.59,1364.28,2410.8,35488.3,35372.32670311343,1365.849843750001,2410.162972108973,35490.39947183101
2026-04-23,06:00:00.000,2026-04-23 06:00:00,35371.95,1364.54,2410.73,35489.65,35368.702455522594,1365.173593750001,2410.9542221089728,35486.851399184576
2026-04-23,06:01:00.000,2026-04-23 06:01:00,35372.79,1364.73,2410.57,35490.49,35369.542455522605,1365.363593750001,2410.794222108973,35487.69139918457
2026-04-23,06:02:00.000,2026-04-23 06:02:00,35374.53,1365.03,2410.43,35492.22,35371.28245552261,1365.6635937500014,2410.654222108972,35489.421399184575
2026-04-23,06:03:00.000,2026-04-23 06:03:00,35376.34,1365.36,2410.31,35494.02,35373.09245552261,1365.9935937500013,2410.5342221089722,35491.221399184564
2026-04-23,06:04:00.000,2026-04-23 06:04:00,35377.73,1365.65,2409.94,35495.4,35374.4824555226,1366.2835937500013,2410.164222108973,35492.60139918459
2026-04-23,06:05:00.000,2026-04-23 06:05:00,35380.51,1365.46,2409.16,35498.12,35377.2624555226,1366.0935937500012,2409.384222108972,35495.32139918459
2026-04-23,06:06:00.000,2026-04-23 06:06:00,35381.07,1365.48,2409.41,35498.7,35377.822455522604,1366.1135937500012,2409.6342221089726,35495.90139918458
2026-04-23,06:07:00.000,2026-04-23 06:07:00,35382.08,1365.25,2408.6,35499.64,35378.8324555226,1365.8835937500012,2408.824222108972,35496.84139918458
2026-04-23,06:08:00.000,2026-04-23 06:08:00,35382.56,1364.74,2408.58,35500.1,35374.163667994864,1366.026093750001,2410.2263584136426,35492.06714510753
2026-04-23,06:09:00.000,2026-04-23 06:09:00,35384.2,1364.95,2408.37,35501.73,35375.803667994864,1366.2360937500011,2410.0163584136426,35493.69714510754
2026-04-23,06:10:00.000,2026-04-23 06:10:00,35385.38,1364.86,2408.12,35502.92,35376.98366799487,1366.146093750001,2409.7663584136426,35494.887145107525
2026-04-23,06:11:00.000,2026-04-23 06:11:00,35385.46,1364.84,2407.43,35502.94,35377.06366799487,1366.126093750001,2409.076358413643,35494.90714510753
2026-04-23,06:12:00.000,2026-04-23 06:12:00,35386.2,1364.55,2406.25,35503.58,35377.80366799486,1365.8360937500013,2407.8963584136427,35495.54714510753
2026-04-23,06:13:00.000,2026-04-23 06:13:00,35387.09,1364.42,2406.71,35504.46,35378.693667994856,1365.7060937500012,2408.3563584136427,35496.42714510752
2026-04-23,06:14:00.000,2026-04-23 06:14:00,35388.36,1364.07,2406.05,35505.72,35379.96366799486,1365.356093750001,2407.696358413643,35497.68714510753
2026-04-23,06:15:00.000,2026-04-23 06:15:00,35388.46,1363.85,2405.92,35505.79,35380.06366799485,1365.1360937500012,2407.566358413643,35497.757145107535
2026-04-23,06:16:00.000,2026-04-23 06:16:00,35390.07,1363.79,2404.51,35507.32,35377.05741799486,1365.596093750001,2407.293311712382,35494.894645107524
2026-04-23,06:17:00.000,2026-04-23 06:17:00,35389.88,1363.82,2404.71,35507.14,35376.86741799486,1365.6260937500008,2407.493311712382,35494.71464510752
2026-04-23,06:18:00.000,2026-04-23 06:18:00,35391.11,1364.16,2404.72,35508.36,35378.09741799485,1365.9660937500014,2407.503311712382,35495.934645107525
2026-04-23,06:19:00.000,2026-04-23 06:19:00,35392.5,1364.23,2403.45,35509.69,35379.48741799485,1366.036093750001,2406.2333117123817,35497.26464510753
2026-04-23,06:20:00.000,2026-04-23 06:20:00,35391.14,1363.64,2404.1,35508.36,35378.12741799486,1365.4460937500014,2406.8833117123813,35495.93464510754
2026-04-23,06:21:00.000,2026-04-23 06:21:00,35389.98,1364.05,2403.72,35507.19,35376.96741799487,1365.8560937500013,2406.503311712381,35494.76464510754
2026-04-23,06:22:00.000,2026-04-23 06:22:00,35389.58,1364.17,2403.4,35506.79,35376.567417994855,1365.9760937500014,2406.183311712382,35494.36464510753
2026-04-23,06:23:00.000,2026-04-23 06:23:00,35390.38,1364.26,2403.16,35507.53,35377.36741799486,1366.066093750001,2405.9433117123813,35495.10464510754
2026-04-23,06:24:00.000,2026-04-23 06:24:00,35392.26,1363.66,2403.3,35509.4,35405.456580800615,1360.7393393254279,2400.5166882876215,35522.07814121571
2026-04-23,06:25:00.000,2026-04-23 06:25:00,35393.95,1363.56,2402.96,35511.06,35407.1465808006,1360.6393393254275,2400.1766882876213,35523.73814121571
2026-04-23,06:26:00.000,2026-04-23 06:26:00,35393.62,1363.47,2402.27,35510.7,35406.816580800616,1360.5493393254278,2399.4866882876213,35523.37814121572
2026-04-23,06:27:00.000,2026-04-23 06:27:00,35394.74,1363.76,2402.46,35511.83,35407.93658080061,1360.8393393254278,2399.676688287621,35524.50814121572
2026-04-23,06:28:00.000,2026-04-23 06:28:00,35395.46,1363.88,2401.79,35512.52,35408.65658080061,1360.9593393254277,2399.0066882876213,35525.19814121571
2026-04-23,06:29:00.000,2026-04-23 06:29:00,35396.35,1363.94,2401.83,35513.42,35409.54658080061,1361.0193393254276,2399.0466882876212,35526.098141215705
2026-04-23,06:30:00.000,2026-04-23 06:30:00,35396.28,1363.92,2401.45,35513.33,35409.47658080062,1360.9993393254274,2398.66668828762,35526.008141215716
2026-04-23,06:31:00.000,2026-04-23 06:31:00,35395.87,1363.86,2400.72,35512.89,35409.066580800616,1360.9393393254275,2397.9366882876207,35525.568141215714
2026-04-23,06:32:00.000,2026-04-23 06:32:00,35394.39,1364.07,2400.5,35511.39,35402.60233320977,1360.5930893254276,2398.8536415863614,35519.1700685693
2026-04-23,06:33:00.000,2026-04-23 06:33:00,35395.91,1364.28,2400.5,35512.86,35404.12233320977,1360.8030893254277,2398.8536415863614,35520.6400685693
2026-04-23,06:34:00.000,2026-04-23 06:34:00,35398.62,1364.6,2400.88,35515.61,35406.83233320977,1361.1230893254278,2399.2336415863615,35523.3900685693
2026-04-23,06:35:00.000,2026-04-23 06:35:00,35401.82,1364.86,2400.69,35518.78,35410.03233320977,1361.3830893254276,2399.043641586361,35526.5600685693
2026-04-23,06:36:00.000,2026-04-23 06:36:00,35401.17,1364.59,2400.5,35518.16,35409.382333209775,1361.1130893254276,2398.853641586361,35525.9400685693
2026-04-23,06:37:00.000,2026-04-23 06:37:00,35402.01,1364.4,2400.52,35518.97,35410.22233320977,1360.9230893254276,2398.8736415863605,35526.7500685693
2026-04-23,06:38:00.000,2026-04-23 06:38:00,35403.58,1364.1,2400.15,35520.51,35411.79233320978,1360.6230893254276,2398.503641586362,35528.2900685693
2026-04-23,06:39:00.000,2026-04-23 06:39:00,35405.5,1363.6,2399.58,35522.38,35413.712333209776,1360.1230893254276,2397.9336415863613,35530.1600685693
2026-04-23,06:40:00.000,2026-04-23 06:40:00,35406.6,1363.24,2398.75,35523.38,35409.84754447745,1361.5043393254275,2398.3879262416617,35526.17860081546
2026-04-23,06:41:00.000,2026-04-23 06:41:00,35406.11,1362.85,2398.27,35522.86,35409.35754447745,1361.1143393254276,2397.907926241662,35525.658600815455
2026-04-23,06:42:00.000,2026-04-23 06:42:00,35406.6,1362.85,2397.5,35523.28,35409.84754447744,1361.1143393254276,2397.1379262416626,35526.078600815454
2026-04-23,06:43:00.000,2026-04-23 06:43:00,35407.83,1362.34,2397.19,35524.46,35411.07754447745,1360.6043393254274,2396.827926241662,35527.25860081546
2026-04-23,06:44:00.000,2026-04-23 06:44:00,35408.3,1362.29,2397.02,35524.94,35411.54754447746,1360.5543393254277,2396.6579262416617,35527.73860081545
2026-04-23,06:45:00.000,2026-04-23 06:45:00,35408.83,1362.32,2396.43,35525.43,35412.077544477455,1360.5843393254274,2396.0679262416616,35528.22860081544
2026-04-23,06:46:00.000,2026-04-23 06:46:00,35409.19,1362.23,2396.46,35525.78,35412.43754447745,1360.494339325428,2396.0979262416618,35528.57860081545
2026-04-23,06:47:00.000,2026-04-23 06:47:00,35411.14,1362.45,2395.41,35527.67,35414.387544477446,1360.7143393254278,2395.0479262416616,35530.468600815446
2026-04-23,06:48:00.000,2026-04-23 06:48:00,35413.06,1362.23,2396.42,35529.6,35411.32329688661,1361.545589325428,2397.194879540402,35527.50052816904
2026-04-23,06:49:00.000,2026-04-23 06:49:00,35415.74,1362.09,2395.79,35532.21,35414.003296886614,1361.4055893254276,2396.5648795404018,35530.11052816904
2026-04-23,06:50:00.000,2026-04-23 06:50:00,35417.4,1361.95,2395.52,35533.85,35415.6632968866,1361.265589325428,2396.294879540402,35531.75052816904
2026-04-23,06:51:00.000,2026-04-23 06:51:00,35418.78,1361.58,2395.85,35535.21,35417.04329688661,1360.8955893254276,2396.6248795404017,35533.11052816904
2026-04-23,06:52:00.000,2026-04-23 06:52:00,35420.61,1361.53,2394.42,35536.96,35418.87329688662,1360.8455893254277,2395.194879540401,35534.86052816903
2026-04-23,06:53:00.000,2026-04-23 06:53:00,35421.69,1361.17,2394.19,35537.99,35419.95329688662,1360.4855893254276,2394.9648795404014,35535.89052816903
2026-04-23,06:54:00.000,2026-04-23 06:54:00,35423.62,1361.02,2393.91,35539.89,35421.88329688662,1360.3355893254275,2394.684879540401,35537.790528169025
2026-04-23,06:55:00.000,2026-04-23 06:55:00,35423.72,1360.59,2393.07,35539.94,35421.983296886625,1359.9055893254276,2393.844879540402,35537.84052816903
2026-04-23,06:56:00.000,2026-04-23 06:56:00,35424.2,1360.5,2392.76,35540.35,35421.97812245186,1359.452228965901,2391.9851204596016,35538.31657663088
2026-04-23,06:57:00.000,2026-04-23 06:57:00,35425.57,1360.53,2391.88,35541.66,35423.348122451855,1359.4822289659007,2391.1051204596015,35539.62657663089
2026-04-23,06:58:00.000,2026-04-23 06:58:00,35425.75,1360.67,2391.25,35541.8,35423.52812245186,1359.6222289659008,2390.475120459601,35539.7665766309
2026-04-23,06:59:00.000,2026-04-23 06:59:00,35427.11,1360.24,2391.13,35543.1,35424.88812245186,1359.192228965901,2390.355120459601,35541.06657663089
2026-04-23,07:00:00.000,2026-04-23 07:00:00,35429.22,1360.03,2391.23,35545.19,35426.99812245186,1358.9822289659007,2390.4551204596014,35543.156576630885
2026-04-23,07:01:00.000,2026-04-23 07:01:00,35432.78,1359.36,2390.5,35548.67,35430.55812245186,1358.3122289659007,2389.725120459602,35546.63657663088
2026-04-23,07:02:00.000,2026-04-23 07:02:00,35435.37,1359.16,2390.43,35551.25,35433.148122451865,1358.1122289659008,2389.655120459601,35549.21657663089
2026-04-23,07:03:00.000,2026-04-23 07:03:00,35436.77,1358.63,2389.9,35552.6,35434.54812245186,1357.5822289659006,2389.1251204596015,35550.56657663088
2026-04-23,07:04:00.000,2026-04-23 07:04:00,35436.76,1358.24,2389.39,35552.56,35429.553874861034,1359.4934789659007,2389.752073758341,35545.62850398447
2026-04-23,07:05:00.000,2026-04-23 07:05:00,35436.36,1358.41,2388.0,35552.08,35429.153874861026,1359.6634789659008,2388.3620737583415,35545.14850398448
2026-04-23,07:06:00.000,2026-04-23 07:06:00,35434.82,1358.19,2387.99,35550.53,35427.61387486103,1359.4434789659008,2388.352073758341,35543.598503984475
2026-04-23,07:07:00.000,2026-04-23 07:07:00,35434.5,1357.8,2387.36,35550.13,35427.29387486104,1359.053478965901,2387.7220737583416,35543.198503984466
2026-04-23,07:08:00.000,2026-04-23 07:08:00,35434.08,1357.51,2387.23,35549.71,35426.87387486102,1358.7634789659005,2387.5920737583415,35542.778503984475
2026-04-23,07:09:00.000,2026-04-23 07:09:00,35434.15,1357.06,2386.33,35549.69,35426.94387486103,1358.3134789659007,2386.692073758342,35542.758503984485
2026-04-23,07:10:00.000,2026-04-23 07:10:00,35434.05,1356.91,2386.05,35549.53,35426.84387486102,1358.163478965901,2386.412073758342,35542.59850398446
2026-04-23,07:11:00.000,2026-04-23 07:11:00,35434.32,1356.59,2386.46,35549.82,35427.113874861025,1357.8434789659009,2386.822073758342,35542.88850398447
2026-04-23,07:12:00.000,2026-04-23 07:12:00,35434.85,1356.14,2385.73,35550.24,35427.29037365645,1359.418467383248,2387.714210063013,35543.33191530768
2026-04-23,07:13:00.000,2026-04-23 07:13:00,35435.0,1355.94,2386.28,35550.44,35427.44037365644,1359.2184673832483,2388.2642100630133,35543.53191530769
2026-04-23,07:14:00.000,2026-04-23 07:14:00,35435.25,1355.88,2386.38,35550.68,35427.69037365644,1359.158467383248,2388.364210063013,35543.77191530768
2026-04-23,07:15:00.000,2026-04-23 07:15:00,35436.05,1355.63,2385.89,35551.42,35428.490373656445,1358.908467383248,2387.8742100630125,35544.511915307674
2026-04-23,07:16:00.000,2026-04-23 07:16:00,35435.98,1355.59,2385.94,35551.36,35428.42037365645,1358.8684673832477,2387.924210063012,35544.45191530768
2026-04-23,07:17:00.000,2026-04-23 07:17:00,35435.17,1355.52,2386.17,35550.58,35427.61037365644,1358.798467383248,2388.1542100630127,35543.671915307685
2026-04-23,07:18:00.000,2026-04-23 07:18:00,35434.79,1355.18,2385.67,35550.13,35427.23037365644,1358.4584673832478,2387.654210063013,35543.22191530767
2026-04-23,07:19:00.000,2026-04-23 07:19:00,35433.58,1354.63,2385.58,35548.89,35426.02037365645,1357.9084673832476,2387.564210063013,35541.98191530767
2026-04-23,07:20:00.000,2026-04-23 07:20:00,35432.94,1353.98,2385.5,35548.37,35427.007873656454,1359.3134673832483,2387.945460063013,35543.085665307684
2026-04-23,07:21:00.000,2026-04-23 07:21:00,35433.23,1353.78,2385.32,35548.62,35427.29787365645,1359.113467383248,2387.7654600630135,35543.335665307684
2026-04-23,07:22:00.000,2026-04-23 07:22:00,35433.2,1353.85,2385.45,35548.6,35427.26787365644,1359.183467383248,2387.895460063013,35543.31566530768
2026-04-23,07:23:00.000,2026-04-23 07:23:00,35433.71,1353.61,2385.27,35549.09,35427.77787365645,1358.9434673832482,2387.715460063013,35543.80566530767
2026-04-23,07:24:00.000,2026-04-23 07:24:00,35433.71,1353.49,2385.66,35549.11,35427.77787365644,1358.823467383248,2388.1054600630123,35543.82566530768
2026-04-23,07:25:00.000,2026-04-23 07:25:00,35433.86,1353.15,2385.86,35549.25,35427.92787365644,1358.483467383248,2388.305460063013,35543.96566530768
2026-04-23,07:26:00.000,2026-04-23 07:26:00,35433.55,1353.18,2385.46,35548.92,35427.617873656454,1358.5134673832479,2387.905460063013,35543.63566530767
2026-04-23,07:27:00.000,2026-04-23 07:27:00,35433.45,1353.03,2385.43,35548.79,35427.51787365645,1358.3634673832478,2387.8754600630123,35543.50566530768
2026-04-23,07:28:00.000,2026-04-23 07:28:00,35434.23,1352.84,2385.47,35549.56,35438.443593750024,1352.6317187500013,2385.358125000002,35553.65937500001
2026-04-23,07:29:00.000,2026-04-23 07:29:00,35434.97,1352.75,2385.78,35550.31,35439.183593750015,1352.5417187500016,2385.6681250000024,35554.40937500001
2026-04-23,07:30:00.000,2026-04-23 07:30:00,35436.15,1352.28,2385.61,35551.48,35440.36359375002,1352.071718750001,2385.4981250000023,35555.57937500002
2026-04-23,07:31:00.000,2026-04-23 07:31:00,35435.53,1351.97,2385.99,35550.9,35439.74359375001,1351.7617187500011,2385.8781250000015,35554.99937500002
2026-04-23,07:32:00.000,2026-04-23 07:32:00,35434.68,1352.19,2386.14,35550.06,35438.89359375002,1351.9817187500014,2386.028125000002,35554.15937500001
2026-04-23,07:33:00.000,2026-04-23 07:33:00,35435.02,1352.0,2386.2,35550.38,35439.23359375002,1351.7917187500013,2386.0881250000016,35554.47937500002
2026-04-23,07:34:00.000,2026-04-23 07:34:00,35436.16,1352.2,2386.02,35551.51,35440.373593750024,1351.9917187500012,2385.908125000002,35555.60937500003
2026-04-23,07:35:00.000,2026-04-23 07:35:00,35438.21,1352.21,2386.88,35553.61,35442.42359375001,1352.0017187500014,2386.768125000002,35557.70937500002
2026-04-23,07:36:00.000,2026-04-23 07:36:00,35436.68,1352.16,2386.19,35552.06,35437.88484375003,1352.5442187500014,2385.9506250000018,35553.20812500001
2026-04-23,07:37:00.000,2026-04-23 07:37:00,35435.71,1351.89,2385.96,35551.05,35436.914843750026,1352.2742187500014,2385.720625000002,35552.19812500002
2026-04-23,07:38:00.000,2026-04-23 07:38:00,35435.69,1352.0,2386.42,35551.04,35436.894843750015,1352.3842187500013,2386.1806250000022,35552.188125000015
2026-04-23,07:39:00.000,2026-04-23 07:39:00,35436.64,1351.74,2386.12,35551.93,35437.84484375001,1352.124218750001,2385.880625000002,35553.078125000015
2026-04-23,07:40:00.000,2026-04-23 07:40:00,35438.65,1351.67,2385.74,35553.91,35439.85484375003,1352.0542187500014,2385.500625000002,35555.05812500002
2026-04-23,07:41:00.000,2026-04-23 07:41:00,35440.67,1351.54,2386.3,35555.94,35441.87484375002,1351.9242187500013,2386.0606250000023,35557.08812500002
2026-04-23,07:42:00.000,2026-04-23 07:42:00,35442.3,1351.32,2386.3,35557.55,35443.50484375002,1351.7042187500015,2386.0606250000023,35558.69812500002
2026-04-23,07:43:00.000,2026-04-23 07:43:00,35442.68,1351.38,2386.08,35557.94,35443.88484375003,1351.7642187500014,2385.840625000002,35559.08812500002
2026-04-23,07:44:00.000,2026-04-23 07:44:00,35442.76,1351.44,2385.65,35558.0,35440.54734375002,1351.989218750001,2386.124375000002,35555.81562500002
2026-04-23,07:45:00.000,2026-04-23 07:45:00,35442.15,1351.51,2385.8,35557.39,35439.93734375002,1352.0592187500013,2386.2743750000027,35555.20562500002
2026-04-23,07:46:00.000,2026-04-23 07:46:00,35442.28,1351.51,2385.28,35557.49,35440.067343750015,1352.0592187500013,2385.7543750000023,35555.305625000015
2026-04-23,07:47:00.000,2026-04-23 07:47:00,35441.07,1351.53,2385.36,35556.31,35438.85734375001,1352.0792187500012,2385.834375000002,35554.12562500002
2026-04-23,07:48:00.000,2026-04-23 07:48:00,35441.19,1351.61,2385.5,35556.42,35438.977343750026,1352.1592187500012,2385.974375000001,35554.235625000016
2026-04-23,07:49:00.000,2026-04-23 07:49:00,35441.86,1351.62,2385.3,35557.08,35439.647343750024,1352.1692187500014,2385.7743750000013,35554.89562500002
2026-04-23,07:50:00.000,2026-04-23 07:50:00,35442.03,1351.63,2385.28,35557.21,35439.81734375002,1352.1792187500016,2385.7543750000023,35555.025625000024
2026-04-23,07:51:00.000,2026-04-23 07:51:00,35443.02,1351.53,2385.23,35558.18,35440.80734375001,1352.0792187500017,2385.704375000002,35555.995625000025
2026-04-23,07:52:00.000,2026-04-23 07:52:00,35444.33,1351.39,2385.06,35559.46,35437.46359375003,1351.6004687500015,2386.2618750000015,35552.69312500001
2026-04-23,07:53:00.000,2026-04-23 07:53:00,35445.51,1351.6,2385.26,35560.67,35438.64359375002,1351.8104687500015,2386.4618750000022,35553.90312500002
2026-04-23,07:54:00.000,2026-04-23 07:54:00,35446.48,1351.74,2385.09,35561.65,35439.61359375003,1351.9504687500014,2386.291875000002,35554.883125000015
2026-04-23,07:55:00.000,2026-04-23 07:55:00,35446.91,1352.03,2384.93,35562.07,35440.04359375002,1352.2404687500014,2386.1318750000023,35555.30312500001
2026-04-23,07:56:00.000,2026-04-23 07:56:00,35447.47,1352.16,2384.68,35562.63,35440.60359375002,1352.3704687500015,2385.8818750000023,35555.86312500002
2026-04-23,07:57:00.000,2026-04-23 07:57:00,35448.15,1352.07,2384.52,35563.29,35441.28359375001,1352.2804687500013,2385.7218750000025,35556.52312500002
2026-04-23,07:58:00.000,2026-04-23 07:58:00,35448.12,1352.1,2383.96,35563.22,35441.253593750014,1352.310468750001,2385.1618750000025,35556.45312500003
2026-04-23,07:59:00.000,2026-04-23 07:59:00,35446.62,1352.0,2384.08,35561.75,35439.753593750014,1352.2104687500012,2385.2818750000024,35554.98312500003
2026-04-23,08:00:00.000,2026-04-23 08:00:00,35445.62,1351.89,2384.01,35560.72,35443.497343750016,1352.0342187500016,2385.457845626392,35558.74187500003
2026-04-23,08:01:00.000,2026-04-23 08:01:00,35444.44,1351.96,2383.71,35559.54,35442.31734375002,1352.1042187500013,2385.157845626392,35557.56187500002
2026-04-23,08:02:00.000,2026-04-23 08:02:00,35443.04,1352.03,2383.56,35558.12,35440.91734375003,1352.1742187500015,2385.0078456263914,35556.14187500003
2026-04-23,08:03:00.000,2026-04-23 08:03:00,35442.22,1352.06,2383.67,35557.3,35440.09734375002,1352.2042187500012,2385.117845626392,35555.32187500002
2026-04-23,08:04:00.000,2026-04-23 08:04:00,35441.94,1352.12,2384.0,35557.06,35439.81734375002,1352.2642187500012,2385.447845626392,35555.08187500001
2026-04-23,08:05:00.000,2026-04-23 08:05:00,35441.19,1352.14,2383.3,35556.27,35439.06734375002,1352.2842187500012,2384.747845626392,35554.291875
2026-04-23,08:06:00.000,2026-04-23 08:06:00,35439.55,1351.96,2384.32,35554.67,35437.427343750016,1352.1042187500016,2385.767845626392,35552.69187500001
2026-04-23,08:07:00.000,2026-04-23 08:07:00,35437.64,1351.46,2384.3,35552.75,35435.51734375001,1351.6042187500016,2385.7478456263925,35550.77187500001
2026-04-23,08:08:00.000,2026-04-23 08:08:00,35436.93,1351.64,2384.83,35552.05,35437.958593750016,1352.2304687500014,2385.1408923276517,35553.17062500002
2026-04-23,08:09:00.000,2026-04-23 08:09:00,35437.74,1351.76,2384.46,35552.83,35438.768593750014,1352.3504687500013,2384.770892327652,35553.95062500002
2026-04-23,08:10:00.000,2026-04-23 08:10:00,35438.8,1351.84,2385.19,35553.93,35439.828593750026,1352.4304687500012,2385.5008923276523,35555.05062500002
2026-04-23,08:11:00.000,2026-04-23 08:11:00,35440.31,1351.31,2385.43,35555.44,35441.33859375002,1351.900468750001,2385.740892327652,35556.56062500001
2026-04-23,08:12:00.000,2026-04-23 08:12:00,35440.42,1351.2,2385.8,35555.58,35441.448593750014,1351.7904687500015,2386.1108923276524,35556.70062500003
2026-04-23,08:13:00.000,2026-04-23 08:13:00,35439.13,1351.37,2385.98,35554.35,35440.15859375002,1351.9604687500016,2386.290892327652,35555.470625000016
2026-04-23,08:14:00.000,2026-04-23 08:14:00,35438.38,1351.26,2385.76,35553.55,35439.40859375002,1351.8504687500015,2386.0708923276525,35554.67062500002
2026-04-23,08:15:00.000,2026-04-23 08:15:00,35438.72,1351.67,2385.91,35553.91,35439.74859375003,1352.2604687500013,2386.220892327652,35555.03062500002
2026-04-23,08:16:00.000,2026-04-23 08:16:00,35438.71,1351.72,2386.31,35553.9,35441.018593750014,1351.5204687500013,2385.3366076723523,35556.215625000026
2026-04-23,08:17:00.000,2026-04-23 08:17:00,35440.44,1351.89,2385.88,35555.63,35442.748593750024,1351.6904687500014,2384.906607672352,35557.94562500002
2026-04-23,08:18:00.000,2026-04-23 08:18:00,35439.34,1352.01,2386.41,35554.56,35441.64859375002,1351.8104687500017,2385.436607672352,35556.875625000015
2026-04-23,08:19:00.000,2026-04-23 08:19:00,35437.41,1352.27,2386.67,35552.68,35439.718593750025,1352.0704687500015,2385.696607672352,35554.995625000025
2026-04-23,08:20:00.000,2026-04-23 08:20:00,35436.34,1352.2,2385.98,35551.54,35438.64859375002,1352.0004687500011,2385.0066076723515,35553.85562500002
2026-04-23,08:21:00.000,2026-04-23 08:21:00,35435.55,1352.39,2386.71,35550.78,35437.858593750025,1352.1904687500012,2385.736607672351,35553.09562500001
2026-04-23,08:22:00.000,2026-04-23 08:22:00,35435.74,1352.79,2387.16,35551.0,35438.04859375001,1352.5904687500013,2386.1866076723513,35553.31562500002
2026-04-23,08:23:00.000,2026-04-23 08:23:00,35436.66,1353.1,2387.64,35551.99,35438.968593750025,1352.9004687500012,2386.666607672351,35554.30562500001
2026-04-23,08:24:00.000,2026-04-23 08:24:00,35436.45,1353.26,2387.86,35551.79,35438.896093750016,1351.7892187500013,2385.7496543736115,35554.03562500002
2026-04-23,08:25:00.000,2026-04-23 08:25:00,35436.47,1353.0,2388.3,35551.85,35438.91609375002,1351.5292187500015,2386.189654373612,35554.095625000016
2026-04-23,08:26:00.000,2026-04-23 08:26:00,35435.93,1353.21,2388.33,35551.31,35438.376093750034,1351.7392187500016,2386.219654373612,35553.555625000015
2026-04-23,08:27:00.000,2026-04-23 08:27:00,35436.11,1353.3,2388.87,35551.55,35438.55609375003,1351.8292187500012,2386.7596543736117,35553.79562500002
2026-04-23,08:28:00.000,2026-04-23 08:28:00,35437.57,1353.52,2389.61,35553.05,35440.01609375001,1352.0492187500013,2387.4996543736115,35555.29562500002
2026-04-23,08:29:00.000,2026-04-23 08:29:00,35438.36,1353.89,2389.65,35553.87,35440.80609375002,1352.4192187500016,2387.5396543736115,35556.11562500001
2026-04-23,08:30:00.000,2026-04-23 08:30:00,35438.43,1354.23,2389.71,35553.94,35440.87609375002,1352.7592187500013,2387.599654373612,35556.18562500002
2026-04-23,08:31:00.000,2026-04-23 08:31:00,35439.77,1354.13,2390.06,35555.28,35442.216093750016,1352.6592187500014,2387.9496543736113,35557.52562500002
2026-04-23,08:32:00.000,2026-04-23 08:32:00,35439.3,1354.15,2389.66,35554.82,35440.00693615644,1356.6210937500014,2390.0220737583427,35555.89035280767
2026-04-23,08:33:00.000,2026-04-23 08:33:00,35437.22,1354.47,2389.21,35552.7,35437.92693615644,1356.9410937500015,2389.572073758343,35553.770352807674
2026-04-23,08:34:00.000,2026-04-23 08:34:00,35435.44,1354.83,2388.99,35550.95,35436.146936156445,1357.301093750001,2389.3520737583426,35552.020352807674
2026-04-23,08:35:00.000,2026-04-23 08:35:00,35434.64,1355.43,2389.35,35550.17,35435.34693615644,1357.9010937500013,2389.7120737583423,35551.240352807676
2026-04-23,08:36:00.000,2026-04-23 08:36:00,35433.94,1355.57,2389.44,35549.49,35434.64693615645,1358.0410937500012,2389.802073758343,35550.560352807675
2026-04-23,08:37:00.000,2026-04-23 08:37:00,35433.68,1356.02,2389.43,35549.24,35434.38693615644,1358.491093750001,2389.7920737583427,35550.310352807675
2026-04-23,08:38:00.000,2026-04-23 08:38:00,35433.3,1356.28,2389.73,35548.91,35434.00693615645,1358.7510937500012,2390.0920737583424,35549.98035280767
2026-04-23,08:39:00.000,2026-04-23 08:39:00,35434.07,1356.4,2388.68,35549.57,35434.77693615644,1358.8710937500011,2389.042073758342,35550.64035280766
2026-04-23,08:40:00.000,2026-04-23 08:40:00,35433.47,1356.43,2390.07,35549.08,35430.33943615644,1358.0360937500013,2389.295120459603,35546.207852807674
2026-04-23,08:41:00.000,2026-04-23 08:41:00,35433.91,1356.66,2390.24,35549.54,35430.779436156445,1358.2660937500013,2389.465120459603,35546.66785280768
2026-04-23,08:42:00.000,2026-04-23 08:42:00,35433.87,1356.74,2390.89,35549.54,35430.73943615645,1358.346093750001,2390.1151204596026,35546.66785280768
2026-04-23,08:43:00.000,2026-04-23 08:43:00,35435.88,1357.06,2391.26,35551.58,35432.749436156446,1358.6660937500012,2390.4851204596025,35548.707852807674
2026-04-23,08:44:00.000,2026-04-23 08:44:00,35438.64,1356.5,2391.46,35554.31,35435.50943615643,1358.106093750001,2390.685120459602,35551.43785280767
2026-04-23,08:45:00.000,2026-04-23 08:45:00,35442.71,1355.98,2391.62,35558.33,35439.57943615644,1357.586093750001,2390.8451204596017,35555.457852807674
2026-04-23,08:46:00.000,2026-04-23 08:46:00,35446.07,1355.43,2391.58,35561.67,35442.93943615644,1357.036093750001,2390.805120459602,35558.79785280767
2026-04-23,08:47:00.000,2026-04-23 08:47:00,35447.74,1355.27,2391.64,35563.34,35444.60943615644,1356.8760937500008,2390.8651204596017,35560.46785280767
2026-04-23,08:48:00.000,2026-04-23 08:48:00,35450.12,1355.35,2390.75,35565.66,35437.379812361025,1357.8010937500012,2392.396358413643,35553.53319148447
2026-04-23,08:49:00.000,2026-04-23 08:49:00,35451.52,1355.17,2389.5,35566.96,35438.77981236102,1357.6210937500014,2391.146358413643,35554.833191484475
2026-04-23,08:50:00.000,2026-04-23 08:50:00,35451.08,1355.1,2389.3,35566.5,35438.339812361024,1357.551093750001,2390.9463584136433,35554.37319148446
2026-04-23,08:51:00.000,2026-04-23 08:51:00,35451.34,1355.06,2388.98,35566.72,35438.59981236102,1357.511093750001,2390.6263584136436,35554.59319148446
2026-04-23,08:52:00.000,2026-04-23 08:52:00,35453.24,1355.01,2387.72,35568.54,35440.49981236102,1357.4610937500013,2389.366358413644,35556.41319148446
2026-04-23,08:53:00.000,2026-04-23 08:53:00,35454.16,1355.43,2388.48,35569.55,35441.41981236102,1357.8810937500014,2390.126358413644,35557.42319148447
2026-04-23,08:54:00.000,2026-04-23 08:54:00,35453.49,1356.01,2387.44,35568.87,35440.74981236102,1358.4610937500013,2389.0863584136437,35556.74319148446
2026-04-23,08:55:00.000,2026-04-23 08:55:00,35449.51,1356.18,2386.99,35564.87,35436.769812361024,1358.6310937500014,2388.636358413644,35552.74319148446
2026-04-23,08:56:00.000,2026-04-23 08:56:00,35447.13,1357.13,2386.99,35562.37,35439.37405995186,1356.9023437500014,2389.773311712383,35555.14126413088
2026-04-23,08:57:00.000,2026-04-23 08:57:00,35446.54,1357.44,2386.45,35561.75,35438.78405995186,1357.2123437500013,2389.233311712383,35554.52126413088
2026-04-23,08:58:00.000,2026-04-23 08:58:00,35444.07,1357.51,2386.59,35559.32,35436.31405995187,1357.2823437500012,2389.3733117123834,35552.091264130875
2026-04-23,08:59:00.000,2026-04-23 08:59:00,35441.1,1357.98,2386.04,35556.34,35433.344059951865,1357.752343750001,2388.823311712383,35549.11126413088
2026-04-23,09:00:00.000,2026-04-23 09:00:00,35438.13,1358.23,2386.22,35553.39,35430.374059951864,1358.002343750001,2389.003311712382,35546.16126413088
2026-04-23,09:01:00.000,2026-04-23 09:01:00,35435.93,1358.88,2386.07,35551.17,35428.17405995187,1358.6523437500011,2388.8533117123825,35543.94126413088
2026-04-23,09:02:00.000,2026-04-23 09:02:00,35435.29,1358.87,2386.84,35550.59,35427.53405995187,1358.642343750001,2389.623311712382,35543.36126413087
2026-04-23,09:03:00.000,2026-04-23 09:03:00,35435.81,1358.7,2386.87,35551.07,35428.05405995186,1358.4723437500008,2389.6533117123818,35543.84126413088
2026-04-23,09:04:00.000,2026-04-23 09:04:00,35435.6,1358.69,2387.72,35550.96,35434.8887525482,1357.9573437500014,2388.4948795404016,35550.007173369166
2026-04-23,09:05:00.000,2026-04-23 09:05:00,35435.79,1358.58,2387.59,35551.09,35435.0787525482,1357.8473437500013,2388.3648795404015,35550.137173369156
2026-04-23,09:06:00.000,2026-04-23 09:06:00,35435.66,1358.57,2387.97,35551.0,35434.9487525482,1357.837343750001,2388.7448795404016,35550.04717336916
2026-04-23,09:07:00.000,2026-04-23 09:07:00,35435.94,1358.52,2387.87,35551.27,35435.2287525482,1357.7873437500014,2388.6448795404012,35550.31717336916
2026-04-23,09:08:00.000,2026-04-23 09:08:00,35435.43,1358.68,2388.51,35550.81,35434.71875254819,1357.947343750001,2389.284879540402,35549.857173369164
2026-04-23,09:09:00.000,2026-04-23 09:09:00,35434.47,1358.64,2388.9,35549.89,35433.7587525482,1357.907343750001,2389.6748795404014,35548.937173369166
2026-04-23,09:10:00.000,2026-04-23 09:10:00,35433.96,1358.53,2388.85,35549.35,35433.2487525482,1357.7973437500011,2389.6248795404013,35548.397173369165
2026-04-23,09:11:00.000,2026-04-23 09:11:00,35432.93,1358.57,2388.89,35548.35,35432.2187525482,1357.837343750001,2389.664879540401,35547.397173369165
2026-04-23,09:12:00.000,2026-04-23 09:12:00,35431.99,1358.71,2388.75,35547.4,35436.263000139035,1357.8010937500014,2388.3879262416617,35551.34524601559
2026-04-23,09:13:00.000,2026-04-23 09:13:00,35431.62,1358.57,2389.29,35547.05,35435.89300013904,1357.661093750001,2388.9279262416617,35550.9952460156
2026-04-23,09:14:00.000,2026-04-23 09:14:00,35431.22,1358.57,2389.72,35546.68,35435.49300013904,1357.6610937500013,2389.357926241662,35550.62524601559
2026-04-23,09:15:00.000,2026-04-23 09:15:00,35430.37,1358.76,2389.3,35545.83,35434.64300013905,1357.8510937500014,2388.937926241662,35549.77524601558
2026-04-23,09:16:00.000,2026-04-23 09:16:00,35428.91,1358.7,2390.27,35544.44,35433.18300013904,1357.791093750001,2389.9079262416617,35548.38524601559
2026-04-23,09:17:00.000,2026-04-23 09:17:00,35428.59,1358.84,2389.3,35544.08,35432.863000139034,1357.9310937500009,2388.9379262416614,35548.02524601559
2026-04-23,09:18:00.000,2026-04-23 09:18:00,35427.21,1358.89,2390.13,35542.74,35431.483000139044,1357.9810937500013,2389.767926241662,35546.685246015586
2026-04-23,09:19:00.000,2026-04-23 09:19:00,35426.49,1359.15,2390.82,35542.07,35430.76300013904,1358.2410937500015,2390.4579262416614,35546.01524601559
2026-04-23,09:20:00.000,2026-04-23 09:20:00,35426.54,1359.45,2391.07,35542.16,35434.580876343614,1357.7673437500011,2389.423641586362,35549.681834692376
2026-04-23,09:21:00.000,2026-04-23 09:21:00,35426.86,1359.18,2391.78,35542.5,35434.90087634362,1357.4973437500012,2390.133641586362,35550.02183469237
2026-04-23,09:22:00.000,2026-04-23 09:22:00,35426.65,1359.16,2391.84,35542.28,35434.690876343615,1357.4773437500012,2390.1936415863615,35549.80183469237
2026-04-23,09:23:00.000,2026-04-23 09:23:00,35426.44,1359.34,2392.14,35542.11,35434.48087634362,1357.657343750001,2390.4936415863617,35549.63183469237
2026-04-23,09:24:00.000,2026-04-23 09:24:00,35426.64,1359.42,2392.18,35542.31,35434.68087634362,1357.7373437500014,2390.5336415863617,35549.83183469238
2026-04-23,09:25:00.000,2026-04-23 09:25:00,35425.91,1359.62,2392.17,35541.59,35433.950876343624,1357.9373437500012,2390.5236415863615,35549.111834692376
2026-04-23,09:26:00.000,2026-04-23 09:26:00,35424.61,1359.93,2392.33,35540.3,35432.65087634362,1358.2473437500014,2390.683641586362,35547.82183469238
2026-04-23,09:27:00.000,2026-04-23 09:27:00,35424.36,1360.28,2392.26,35540.05,35432.40087634362,1358.5973437500013,2390.613641586362,35547.57183469238
2026-04-23,09:28:00.000,2026-04-23 09:28:00,35423.58,1360.68,2392.97,35539.35,35434.89712634362,1357.7035937500011,2390.1866882876216,35549.99308469237
2026-04-23,09:29:00.000,2026-04-23 09:29:00,35422.82,1360.71,2393.03,35538.59,35434.13712634362,1357.7335937500013,2390.246688287622,35549.23308469237
2026-04-23,09:30:00.000,2026-04-23 09:30:00,35422.78,1360.77,2393.59,35538.59,35434.097126343615,1357.7935937500013,2390.806688287622,35549.233084692365
2026-04-23,09:31:00.000,2026-04-23 09:31:00,35422.52,1360.89,2393.69,35538.34,35433.837126343606,1357.9135937500016,2390.9066882876214,35548.983084692365
2026-04-23,09:32:00.000,2026-04-23 09:32:00,35421.95,1360.75,2393.97,35537.77,35433.26712634361,1357.7735937500013,2391.1866882876216,35548.413084692365
2026-04-23,09:33:00.000,2026-04-23 09:33:00,35422.73,1360.81,2394.35,35538.56,35434.04712634363,1357.8335937500012,2391.5666882876217,35549.20308469237
2026-04-23,09:34:00.000,2026-04-23 09:34:00,35422.63,1360.95,2394.32,35538.47,35433.94712634362,1357.973593750001,2391.536688287622,35549.113084692384
2026-04-23,09:35:00.000,2026-04-23 09:35:00,35422.79,1361.17,2394.85,35538.66,35434.107126343624,1358.193593750001,2392.0666882876217,35549.30308469239
2026-04-23,09:36:00.000,2026-04-23 09:36:00,35422.48,1361.4,2394.65,35538.33,35412.66156250002,1364.9709731745745,2396.794528585993,35528.74066530768
2026-04-23,09:37:00.000,2026-04-23 09:37:00,35422.79,1361.86,2394.32,35538.61,35412.97156250002,1365.430973174574,2396.464528585993,35529.02066530768
2026-04-23,09:38:00.000,2026-04-23 09:38:00,35423.34,1362.19,2394.86,35539.23,35413.521562500006,1365.7609731745745,2397.0045285859924,35529.640665307685
2026-04-23,09:39:00.000,2026-04-23 09:39:00,35424.4,1362.01,2394.91,35540.24,35414.58156250002,1365.5809731745746,2397.0545285859926,35530.65066530768
2026-04-23,09:40:00.000,2026-04-23 09:40:00,35425.94,1361.67,2394.99,35541.8,35416.121562500026,1365.240973174574,2397.134528585992,35532.210665307684
2026-04-23,09:41:00.000,2026-04-23 09:41:00,35424.38,1361.59,2394.88,35540.24,35414.56156250003,1365.160973174574,2397.0245285859924,35530.65066530767
2026-04-23,09:42:00.000,2026-04-23 09:42:00,35423.76,1361.83,2394.71,35539.59,35413.941562500026,1365.400973174574,2396.8545285859923,35530.00066530768
2026-04-23,09:43:00.000,2026-04-23 09:43:00,35424.35,1362.23,2394.98,35540.2,35414.53156250002,1365.800973174574,2397.124528585992,35530.61066530768
2026-04-23,09:44:00.000,2026-04-23 09:44:00,35423.61,1362.56,2394.91,35539.47,35416.45531250003,1365.343473174574,2396.7382785859922,35532.50691530768
2026-04-23,09:45:00.000,2026-04-23 09:45:00,35422.31,1362.16,2395.01,35538.18,35415.15531250003,1364.9434731745744,2396.8382785859926,35531.21691530768
2026-04-23,09:46:00.000,2026-04-23 09:46:00,35419.99,1362.54,2394.67,35535.85,35412.83531250002,1365.3234731745738,2396.498278585993,35528.886915307674
2026-04-23,09:47:00.000,2026-04-23 09:47:00,35419.76,1362.91,2395.23,35535.64,35412.605312500025,1365.6934731745741,2397.0582785859924,35528.67691530768
2026-04-23,09:48:00.000,2026-04-23 09:48:00,35421.89,1363.2,2395.51,35537.8,35414.73531250001,1365.9834731745746,2397.3382785859926,35530.836915307686
2026-04-23,09:49:00.000,2026-04-23 09:49:00,35422.15,1363.13,2395.3,35538.09,35414.99531250002,1365.9134731745744,2397.1282785859926,35531.12691530768
2026-04-23,09:50:00.000,2026-04-23 09:50:00,35421.36,1362.52,2394.99,35537.24,35414.205312500024,1365.3034731745743,2396.818278585992,35530.27691530768
2026-04-23,09:51:00.000,2026-04-23 09:51:00,35419.06,1362.06,2395.21,35534.96,35411.90531250002,1364.8434731745742,2397.0382785859924,35527.99691530768
2026-04-23,09:52:00.000,2026-04-23 09:52:00,35418.72,1362.27,2395.42,35534.61,35415.21531250001,1364.0272231745741,2396.0105052353624,35531.18816530768
2026-04-23,09:53:00.000,2026-04-23 09:53:00,35417.56,1362.62,2395.75,35533.5,35414.05531250001,1364.377223174574,2396.3405052353623,35530.07816530768
2026-04-23,09:54:00.000,2026-04-23 09:54:00,35417.98,1363.37,2395.42,35533.91,35414.47531250002,1365.127223174574,2396.0105052353624,35530.48816530768
2026-04-23,09:55:00.000,2026-04-23 09:55:00,35416.18,1364.13,2395.77,35532.18,35412.67531250002,1365.8872231745743,2396.360505235362,35528.75816530767
2026-04-23,09:56:00.000,2026-04-23 09:56:00,35416.47,1364.44,2396.09,35532.45,35412.965312500026,1366.1972231745742,2396.680505235363,35529.028165307674
2026-04-23,09:57:00.000,2026-04-23 09:57:00,35417.29,1364.36,2396.92,35533.31,35413.78531250002,1366.1172231745743,2397.510505235363,35529.888165307675
2026-04-23,09:58:00.000,2026-04-23 09:58:00,35418.45,1364.14,2397.31,35534.56,35414.94531250002,1365.8972231745745,2397.9005052353623,35531.13816530768
2026-04-23,09:59:00.000,2026-04-23 09:59:00,35418.28,1363.96,2397.12,35534.38,35414.77531250002,1365.7172231745742,2397.7105052353627,35530.958165307675
2026-04-23,10:00:00.000,2026-04-23 10:00:00,35416.76,1364.05,2396.99,35532.84,35415.59281250003,1364.755973174574,2396.4435519366216,35531.65691530767
2026-04-23,10:01:00.000,2026-04-23 10:01:00,35414.91,1364.06,2397.19,35530.97,35413.74281250002,1364.7659731745741,2396.6435519366223,35529.786915307675
2026-04-23,10:02:00.000,2026-04-23 10:02:00,35413.95,1364.3,2396.8,35530.0,35412.78281250002,1365.005973174574,2396.2535519366224,35528.81691530768
2026-04-23,10:03:00.000,2026-04-23 10:03:00,35414.28,1364.66,2397.04,35530.25,35413.112812500025,1365.365973174574,2396.493551936622,35529.06691530768
2026-04-23,10:04:00.000,2026-04-23 10:04:00,35414.37,1364.96,2398.04,35530.5,35413.20281250003,1365.6659731745742,2397.4935519366227,35529.31691530768
2026-04-23,10:05:00.000,2026-04-23 10:05:00,35416.3,1365.23,2398.67,35532.49,35415.13281250002,1365.9359731745742,2398.123551936623,35531.30691530767
2026-04-23,10:06:00.000,2026-04-23 10:06:00,35416.96,1365.14,2397.79,35533.07,35415.79281250002,1365.8459731745747,2397.2435519366227,35531.88691530768
2026-04-23,10:07:00.000,2026-04-23 10:07:00,35414.7,1365.3,2398.24,35530.87,35413.53281250002,1366.0059731745746,2397.6935519366225,35529.686915307684
2026-04-23,10:08:00.000,2026-04-23 10:08:00,35412.75,1365.62,2397.93,35528.86,35414.612812500025,1365.0305893254276,2398.6286355633806,35530.49433469239
2026-04-23,10:09:00.000,2026-04-23 10:09:00,35412.51,1365.69,2397.8,35528.55,35414.372812500034,1365.1005893254278,2398.4986355633814,35530.18433469239
2026-04-23,10:10:00.000,2026-04-23 10:10:00,35412.65,1366.14,2397.78,35528.67,35414.51281250002,1365.5505893254283,2398.478635563381,35530.30433469239
2026-04-23,10:11:00.000,2026-04-23 10:11:00,35412.0,1366.23,2398.62,35528.09,35413.86281250001,1365.640589325428,2399.318635563381,35529.724334692386
2026-04-23,10:12:00.000,2026-04-23 10:12:00,35412.1,1366.45,2398.17,35528.12,35413.962812500016,1365.8605893254276,2398.8686355633813,35529.75433469238
2026-04-23,10:13:00.000,2026-04-23 10:13:00,35412.87,1366.24,2397.77,35528.83,35414.73281250002,1365.6505893254275,2398.4686355633817,35530.464334692384
2026-04-23,10:14:00.000,2026-04-23 10:14:00,35411.68,1366.63,2398.88,35527.68,35413.54281250002,1366.0405893254278,2399.578635563381,35529.31433469239
2026-04-23,10:15:00.000,2026-04-23 10:15:00,35411.43,1366.8,2399.1,35527.46,35413.29281250002,1366.2105893254275,2399.798635563381,35529.09433469239
2026-04-23,10:16:00.000,2026-04-23 10:16:00,35411.22,1366.89,2398.95,35527.12,35416.205312500024,1365.1918393254277,2398.511682264641,35531.98558469239
2026-04-23,10:17:00.000,2026-04-23 10:17:00,35410.35,1366.97,2399.62,35526.27,35415.33531250003,1365.2718393254277,2399.181682264641,35531.13558469238
2026-04-23,10:18:00.000,2026-04-23 10:18:00,35409.7,1367.09,2400.02,35525.65,35414.68531250001,1365.3918393254278,2399.5816822646416,35530.51558469239
2026-04-23,10:19:00.000,2026-04-23 10:19:00,35408.87,1367.29,2400.13,35524.82,35413.855312500025,1365.5918393254276,2399.6916822646413,35529.685584692386
2026-04-23,10:20:00.000,2026-04-23 10:20:00,35408.45,1367.4,2400.43,35524.39,35413.43531250001,1365.701839325428,2399.9916822646405,35529.25558469239
2026-04-23,10:21:00.000,2026-04-23 10:21:00,35408.12,1367.54,2400.42,35524.06,35413.105312500025,1365.8418393254278,2399.981682264641,35528.92558469239
2026-04-23,10:22:00.000,2026-04-23 10:22:00,35408.0,1367.81,2400.36,35523.92,35412.985312500015,1366.1118393254278,2399.921682264642,35528.785584692385
2026-04-23,10:23:00.000,2026-04-23 10:23:00,35408.3,1367.68,2400.21,35524.18,35413.28531250002,1365.9818393254277,2399.7716822646416,35529.045584692394
2026-04-23,10:24:00.000,2026-04-23 10:24:00,35407.86,1367.85,2400.95,35523.77,35414.416562500024,1365.3393393254278,2399.0845339140105,35530.263084692386
2026-04-23,10:25:00.000,2026-04-23 10:25:00,35408.49,1367.82,2400.51,35524.33,35415.046562500014,1365.3093393254276,2398.644533914011,35530.82308469238
2026-04-23,10:26:00.000,2026-04-23 10:26:00,35408.02,1367.95,2400.99,35523.89,35414.57656250001,1365.439339325428,2399.124533914011,35530.383084692396
2026-04-23,10:27:00.000,2026-04-23 10:27:00,35407.45,1368.0,2401.14,35523.34,35414.00656250002,1365.4893393254276,2399.2745339140115,35529.83308469239
2026-04-23,10:28:00.000,2026-04-23 10:28:00,35407.3,1368.15,2401.15,35523.17,35413.85656250003,1365.639339325428,2399.2845339140117,35529.66308469239
2026-04-23,10:29:00.000,2026-04-23 10:29:00,35407.16,1368.34,2401.18,35523.0,35413.71656250003,1365.829339325428,2399.3145339140115,35529.49308469239
2026-04-23,10:30:00.000,2026-04-23 10:30:00,35407.03,1368.43,2401.8,35522.92,35413.58656250003,1365.9193393254277,2399.9345339140114,35529.41308469239
2026-04-23,10:31:00.000,2026-04-23 10:31:00,35407.13,1368.63,2401.34,35522.97,35413.68656250002,1366.119339325428,2399.4745339140113,35529.46308469239
2026-04-23,10:32:00.000,2026-04-23 10:32:00,35406.89,1368.66,2401.58,35522.74,35415.13031250001,1364.640589325428,2399.168283914011,35530.90433469238
2026-04-23,10:33:00.000,2026-04-23 10:33:00,35406.43,1369.0,2401.67,35522.32,35414.67031250002,1364.9805893254281,2399.2582839140114,35530.48433469238
2026-04-23,10:34:00.000,2026-04-23 10:34:00,35406.3,1369.22,2401.32,35522.15,35414.54031250002,1365.2005893254277,2398.908283914012,35530.31433469239
2026-04-23,10:35:00.000,2026-04-23 10:35:00,35405.7,1369.59,2401.47,35521.57,35413.94031250002,1365.5705893254276,2399.0582839140116,35529.73433469239
2026-04-23,10:36:00.000,2026-04-23 10:36:00,35405.15,1369.96,2401.63,35521.04,35413.39031250002,1365.9405893254277,2399.218283914011,35529.20433469239
2026-04-23,10:37:00.000,2026-04-23 10:37:00,35405.23,1370.26,2401.66,35521.11,35413.47031250002,1366.2405893254274,2399.2482839140107,35529.274334692396
2026-04-23,10:38:00.000,2026-04-23 10:38:00,35405.75,1370.18,2401.52,35521.63,35413.99031250001,1366.1605893254277,2399.108283914011,35529.79433469239
2026-04-23,10:39:00.000,2026-04-23 10:39:00,35405.52,1370.37,2402.58,35521.46,35413.76031250002,1366.3505893254278,2400.168283914011,35529.624334692395
2026-04-23,10:40:00.000,2026-04-23 10:40:00,35405.68,1370.5,2401.7,35521.6,35397.91250000003,1373.2995312500009,2402.351562500002,35514.119843750035
2026-04-23,10:41:00.000,2026-04-23 10:41:00,35404.62,1370.68,2402.39,35520.59,35396.85250000003,1373.4795312500012,2403.0415625000014,35513.109843750026
2026-04-23,10:42:00.000,2026-04-23 10:42:00,35403.84,1370.98,2402.05,35519.79,35396.072500000024,1373.7795312500011,2402.701562500002,35512.30984375004
2026-04-23,10:43:00.000,2026-04-23 10:43:00,35403.32,1370.85,2402.77,35519.29,35395.552500000034,1373.649531250001,2403.4215625000015,35511.80984375004
2026-04-23,10:44:00.000,2026-04-23 10:44:00,35403.06,1371.1,2401.98,35518.99,35395.292500000025,1373.8995312500015,2402.631562500001,35511.50984375002
2026-04-23,10:45:00.000,2026-04-23 10:45:00,35402.17,1371.26,2402.45,35518.13,35394.402500000026,1374.0595312500018,2403.1015625000014,35510.64984375002
2026-04-23,10:46:00.000,2026-04-23 10:46:00,35402.52,1371.38,2402.34,35518.46,35394.75250000003,1374.1795312500017,2402.9915625000017,35510.97984375003
2026-04-23,10:47:00.000,2026-04-23 10:47:00,35401.66,1371.52,2402.45,35517.64,35393.892500000045,1374.3195312500015,2403.1015625000014,35510.15984375002
2026-04-23,10:48:00.000,2026-04-23 10:48:00,35401.79,1371.64,2402.53,35517.77,35397.63000000004,1372.9732812500015,2403.1178125000015,35513.82859375002
2026-04-23,10:49:00.000,2026-04-23 10:49:00,35402.22,1371.64,2401.78,35518.19,35398.060000000034,1372.9732812500015,2402.3678125000015,35514.24859375002
2026-04-23,10:50:00.000,2026-04-23 10:50:00,35400.59,1372.09,2401.83,35516.61,35396.43000000002,1373.423281250001,2402.4178125000017,35512.66859375002
2026-04-23,10:51:00.000,2026-04-23 10:51:00,35399.32,1372.26,2402.12,35515.33,35395.16000000003,1373.5932812500012,2402.7078125000016,35511.38859375002
2026-04-23,10:52:00.000,2026-04-23 10:52:00,35398.44,1372.5,2402.08,35514.45,35394.28000000003,1373.8332812500014,2402.6678125000017,35510.508593750026
2026-04-23,10:53:00.000,2026-04-23 10:53:00,35398.02,1372.98,2402.39,35514.06,35393.86000000003,1374.3132812500014,2402.977812500001,35510.11859375003
2026-04-23,10:54:00.000,2026-04-23 10:54:00,35397.77,1373.5,2402.7,35513.84,35393.61000000002,1374.8332812500014,2403.2878125000016,35509.89859375002
2026-04-23,10:55:00.000,2026-04-23 10:55:00,35399.86,1373.39,2403.21,35515.93,35395.70000000003,1374.7232812500013,2403.797812500002,35511.98859375003
2026-04-23,10:56:00.000,2026-04-23 10:56:00,35400.61,1373.24,2403.3,35516.7,35396.48000000004,1373.5782812500013,2403.175312500002,35512.69609375002
2026-04-23,10:57:00.000,2026-04-23 10:57:00,35401.44,1373.2,2403.58,35517.58,35397.31000000004,1373.5382812500013,2403.4553125000016,35513.57609375002
2026-04-23,10:58:00.000,2026-04-23 10:58:00,35401.09,1373.45,2402.95,35517.2,35396.96000000003,1373.7882812500013,2402.8253125000015,35513.19609375001
2026-04-23,10:59:00.000,2026-04-23 10:59:00,35399.74,1373.66,2402.92,35515.85,35395.61000000004,1373.9982812500014,2402.7953125000017,35511.84609375002
2026-04-23,11:00:00.000,2026-04-23 11:00:00,35398.48,1373.2,2402.6,35514.58,35394.35000000003,1373.5382812500013,2402.4753125000016,35510.57609375002
2026-04-23,11:01:00.000,2026-04-23 11:01:00,35397.88,1373.55,2402.76,35513.96,35393.75000000002,1373.8882812500012,2402.6353125000014,35509.95609375003
2026-04-23,11:02:00.000,2026-04-23 11:02:00,35399.37,1373.79,2403.08,35515.51,35395.24000000002,1374.1282812500015,2402.955312500001,35511.50609375003
2026-04-23,11:03:00.000,2026-04-23 11:03:00,35399.16,1373.87,2403.15,35515.3,35395.03000000003,1374.2082812500014,2403.0253125000017,35511.296093750025
2026-04-23,11:04:00.000,2026-04-23 11:04:00,35398.83,1374.03,2403.05,35514.99,35398.15125000004,1373.3557812500014,2402.8615625000025,35514.33984375003
2026-04-23,11:05:00.000,2026-04-23 11:05:00,35397.63,1374.3,2403.06,35513.8,35396.95125000004,1373.6257812500014,2402.871562500002,35513.14984375004
2026-04-23,11:06:00.000,2026-04-23 11:06:00,35396.01,1374.47,2403.21,35512.24,35395.33125000003,1373.7957812500015,2403.0215625000023,35511.58984375003
2026-04-23,11:07:00.000,2026-04-23 11:07:00,35396.0,1374.7,2402.56,35512.16,35395.32125000004,1374.0257812500015,2402.371562500002,35511.50984375003
2026-04-23,11:08:00.000,2026-04-23 11:08:00,35396.19,1374.65,2403.12,35512.41,35395.511250000025,1373.9757812500013,2402.9315625000013,35511.75984375002
2026-04-23,11:09:00.000,2026-04-23 11:09:00,35396.17,1374.56,2403.0,35512.38,35395.49125000002,1373.8857812500012,2402.8115625000014,35511.72984375002
2026-04-23,11:10:00.000,2026-04-23 11:10:00,35395.46,1374.61,2403.64,35511.75,35394.78125000003,1373.9357812500011,2403.4515625000013,35511.099843750024
2026-04-23,11:11:00.000,2026-04-23 11:11:00,35393.87,1374.74,2403.21,35510.12,35393.19125000003,1374.0657812500012,2403.021562500001,35509.46984375002
2026-04-23,11:12:00.000,2026-04-23 11:12:00,35393.6,1374.55,2403.25,35509.85,35396.02250000003,1373.7957812500013,2402.5240625000015,35512.20109375002
2026-04-23,11:13:00.000,2026-04-23 11:13:00,35393.49,1374.17,2403.39,35509.74,35395.91250000003,1373.4157812500016,2402.664062500001,35512.09109375002
2026-04-23,11:14:00.000,2026-04-23 11:14:00,35392.41,1374.36,2403.97,35508.73,35394.83250000004,1373.6057812500012,2403.244062500001,35511.08109375003
2026-04-23,11:15:00.000,2026-04-23 11:15:00,35392.96,1374.31,2403.55,35509.25,35395.38250000003,1373.5557812500015,2402.8240625000017,35511.60109375002
2026-04-23,11:16:00.000,2026-04-23 11:16:00,35393.64,1374.53,2403.75,35509.95,35396.06250000003,1373.7757812500015,2403.024062500002,35512.30109375002
2026-04-23,11:17:00.000,2026-04-23 11:17:00,35393.36,1374.78,2404.01,35509.73,35395.78250000003,1374.0257812500015,2403.284062500002,35512.08109375002
2026-04-23,11:18:00.000,2026-04-23 11:18:00,35393.11,1374.84,2403.63,35509.46,35395.53250000003,1374.0857812500012,2402.904062500002,35511.81109375003
2026-04-23,11:19:00.000,2026-04-23 11:19:00,35392.78,1375.16,2403.6,35509.13,35395.20250000003,1374.4057812500014,2402.8740625000014,35511.48109375003
2026-04-23,11:20:00.000,2026-04-23 11:20:00,35392.74,1375.34,2403.77,35509.15,35395.29250000003,1374.3332812500012,2402.886562500002,35511.54859375003
2026-04-23,11:21:00.000,2026-04-23 11:21:00,35392.41,1375.5,2403.56,35508.78,35394.962500000045,1374.4932812500015,2402.676562500002,35511.17859375002
2026-04-23,11:22:00.000,2026-04-23 11:22:00,35393.06,1375.65,2403.61,35509.46,35395.61250000004,1374.6432812500016,2402.7265625000023,35511.85859375003
2026-04-23,11:23:00.000,2026-04-23 11:23:00,35392.12,1375.52,2403.79,35508.56,35394.67250000004,1374.5132812500015,2402.9065625000017,35510.95859375002
2026-04-23,11:24:00.000,2026-04-23 11:24:00,35391.42,1375.04,2402.95,35507.77,35393.972500000025,1374.0332812500012,2402.0665625000006,35510.16859375002
2026-04-23,11:25:00.000,2026-04-23 11:25:00,35392.28,1374.4,2404.15,35508.66,35394.832500000026,1373.3932812500013,2403.2665625000013,35511.05859375004
2026-04-23,11:26:00.000,2026-04-23 11:26:00,35394.75,1373.82,2404.14,35511.13,35397.30250000003,1372.8132812500012,2403.256562500001,35513.52859375003
2026-04-23,11:27:00.000,2026-04-23 11:27:00,35395.53,1373.45,2404.44,35511.95,35398.082500000026,1372.4432812500013,2403.5565625000013,35514.34859375002
2026-04-23,11:28:00.000,2026-04-23 11:28:00,35395.15,1373.61,2404.47,35511.57,35398.53850120461,1373.1357812500014,2404.411562500001,35514.78393242681
2026-04-23,11:29:00.000,2026-04-23 11:29:00,35396.2,1373.85,2403.68,35512.59,35399.58850120461,1373.3757812500012,2403.621562500001,35515.8039324268
2026-04-23,11:30:00.000,2026-04-23 11:30:00,35395.15,1374.15,2403.06,35511.55,35398.53850120461,1373.6757812500016,2403.001562500001,35514.763932426824
2026-04-23,11:31:00.000,2026-04-23 11:31:00,35393.27,1374.32,2402.86,35509.67,35396.658501204605,1373.8457812500012,2402.801562500001,35512.88393242682
2026-04-23,11:32:00.000,2026-04-23 11:32:00,35391.92,1374.21,2402.51,35508.3,35395.308501204614,1373.7357812500015,2402.4515625000017,35511.513932426824
2026-04-23,11:33:00.000,2026-04-23 11:33:00,35391.2,1374.54,2402.56,35507.61,35394.58850120461,1374.0657812500015,2402.501562500002,35510.82393242682
2026-04-23,11:34:00.000,2026-04-23 11:34:00,35391.6,1374.85,2401.93,35508.0,35394.98850120461,1374.3757812500014,2401.8715625000013,35511.21393242682
2026-04-23,11:35:00.000,2026-04-23 11:35:00,35390.36,1374.93,2402.74,35506.83,35393.748501204616,1374.4557812500013,2402.6815625000017,35510.04393242682
2026-04-23,11:36:00.000,2026-04-23 11:36:00,35390.02,1375.07,2402.46,35506.49,35398.392748795435,1373.5082812500016,2403.2015625000017,35514.60200507324
2026-04-23,11:37:00.000,2026-04-23 11:37:00,35389.26,1375.12,2402.38,35505.74,35397.63274879544,1373.5582812500013,2403.121562500002,35513.85200507324
2026-04-23,11:38:00.000,2026-04-23 11:38:00,35388.21,1375.18,2402.13,35504.68,35396.582748795445,1373.6182812500015,2402.8715625000023,35512.79200507324
2026-04-23,11:39:00.000,2026-04-23 11:39:00,35386.51,1375.36,2402.19,35503.01,35394.88274879545,1373.7982812500013,2402.9315625000027,35511.122005073245
2026-04-23,11:40:00.000,2026-04-23 11:40:00,35385.08,1375.62,2401.78,35501.58,35393.452748795455,1374.058281250001,2402.5215625000014,35509.69200507324
2026-04-23,11:41:00.000,2026-04-23 11:41:00,35384.27,1375.82,2401.79,35500.8,35392.64274879544,1374.2582812500013,2402.5315625000007,35508.91200507324
2026-04-23,11:42:00.000,2026-04-23 11:42:00,35383.59,1375.9,2402.26,35500.15,35391.96274879545,1374.3382812500013,2403.0015625000015,35508.26200507324
2026-04-23,11:43:00.000,2026-04-23 11:43:00,35383.58,1375.09,2402.42,35500.12,35391.952748795455,1373.5282812500013,2403.1615625000013,35508.23200507324
2026-04-23,11:44:00.000,2026-04-23 11:44:00,35383.34,1374.54,2402.42,35499.89,35377.849687500035,1375.632968750001,2404.8636302353625,35494.82515625003
2026-04-23,11:45:00.000,2026-04-23 11:45:00,35381.25,1374.65,2402.38,35497.83,35375.75968750004,1375.7429687500012,2404.8236302353625,35492.76515625003
2026-04-23,11:46:00.000,2026-04-23 11:46:00,35380.61,1374.85,2402.7,35497.21,35375.11968750003,1375.9429687500012,2405.1436302353623,35492.14515625002
2026-04-23,11:47:00.000,2026-04-23 11:47:00,35380.57,1375.0,2402.2,35497.14,35375.07968750004,1376.0929687500013,2404.6436302353623,35492.07515625003
2026-04-23,11:48:00.000,2026-04-23 11:48:00,35380.22,1375.32,2403.13,35496.88,35374.72968750003,1376.412968750001,2405.5736302353625,35491.81515625002
2026-04-23,11:49:00.000,2026-04-23 11:49:00,35380.57,1375.31,2402.99,35497.25,35375.07968750002,1376.4029687500013,2405.433630235362,35492.18515625003
2026-04-23,11:50:00.000,2026-04-23 11:50:00,35380.26,1375.53,2403.29,35496.94,35374.769687500026,1376.6229687500013,2405.733630235362,35491.875156250026
2026-04-23,11:51:00.000,2026-04-23 11:51:00,35380.56,1375.3,2403.86,35497.3,35375.06968750003,1376.3929687500013,2406.3036302353626,35492.235156250026
2026-04-23,11:52:00.000,2026-04-23 11:52:00,35380.91,1375.04,2403.83,35497.63,35375.77843750004,1376.4167187500009,2405.1366769366223,35492.80015625002
2026-04-23,11:53:00.000,2026-04-23 11:53:00,35381.26,1374.96,2403.75,35497.99,35376.12843750003,1376.336718750001,2405.0566769366224,35493.16015625002
2026-04-23,11:54:00.000,2026-04-23 11:54:00,35381.41,1374.67,2403.99,35498.15,35376.27843750004,1376.0467187500012,2405.296676936622,35493.320156250025
2026-04-23,11:55:00.000,2026-04-23 11:55:00,35380.85,1374.71,2404.41,35497.63,35375.71843750004,1376.0867187500012,2405.716676936622,35492.80015625002
2026-04-23,11:56:00.000,2026-04-23 11:56:00,35380.8,1374.92,2403.52,35497.52,35375.66843750003,1376.2967187500014,2404.826676936623,35492.690156250035
2026-04-23,11:57:00.000,2026-04-23 11:57:00,35380.1,1374.88,2404.14,35496.88,35374.96843750002,1376.2567187500015,2405.4466769366227,35492.050156250036
2026-04-23,11:58:00.000,2026-04-23 11:58:00,35379.86,1374.62,2404.22,35496.65,35374.72843750004,1375.9967187500013,2405.5266769366226,35491.82015625004
2026-04-23,11:59:00.000,2026-04-23 11:59:00,35379.32,1374.43,2404.22,35496.11,35374.18843750003,1375.8067187500017,2405.5266769366226,35491.28015625003
2026-04-23,12:00:00.000,2026-04-23 12:00:00,35378.29,1374.26,2404.6,35495.12,35376.12843750004,1375.7754687500012,2405.219528585992,35493.13140625004
2026-04-23,12:01:00.000,2026-04-23 12:01:00,35378.16,1374.24,2404.45,35494.98,35375.99843750005,1375.7554687500012,2405.0695285859924,35492.99140625004
2026-04-23,12:02:00.000,2026-04-23 12:02:00,35377.71,1374.53,2404.68,35494.57,35375.54843750004,1376.0454687500012,2405.2995285859924,35492.58140625003
2026-04-23,12:03:00.000,2026-04-23 12:03:00,35377.9,1374.53,2404.55,35494.76,35375.73843750004,1376.0454687500012,2405.1695285859923,35492.77140625003
2026-04-23,12:04:00.000,2026-04-23 12:04:00,35377.67,1374.7,2404.82,35494.58,35375.50843750004,1376.2154687500013,2405.439528585993,35492.591406250016
2026-04-23,12:05:00.000,2026-04-23 12:05:00,35377.56,1374.84,2404.53,35494.46,35375.39843750004,1376.3554687500011,2405.149528585993,35492.47140625002
2026-04-23,12:06:00.000,2026-04-23 12:06:00,35376.88,1374.98,2404.93,35493.81,35374.71843750003,1376.4954687500012,2405.5495285859924,35491.82140625002
2026-04-23,12:07:00.000,2026-04-23 12:07:00,35376.58,1375.04,2405.01,35493.55,35374.418437500026,1376.5554687500012,2405.6295285859924,35491.561406250024
2026-04-23,12:08:00.000,2026-04-23 12:08:00,35376.31,1375.07,2404.51,35493.24,35376.97218750004,1375.8354687500012,2404.1570285859925,35493.92265625003
2026-04-23,12:09:00.000,2026-04-23 12:09:00,35375.77,1375.06,2405.15,35492.76,35376.43218750003,1375.825468750001,2404.797028585993,35493.44265625004
2026-04-23,12:10:00.000,2026-04-23 12:10:00,35374.68,1375.28,2405.5,35491.71,35375.34218750004,1376.0454687500012,2405.1470285859923,35492.39265625002
2026-04-23,12:11:00.000,2026-04-23 12:11:00,35374.32,1375.41,2405.79,35491.37,35374.98218750004,1376.1754687500013,2405.4370285859923,35492.05265625002
2026-04-23,12:12:00.000,2026-04-23 12:12:00,35374.62,1375.42,2405.88,35491.67,35375.282187500045,1376.1854687500015,2405.5270285859924,35492.35265625003
2026-04-23,12:13:00.000,2026-04-23 12:13:00,35374.51,1375.42,2406.17,35491.58,35375.172187500044,1376.1854687500015,2405.8170285859924,35492.26265625003
2026-04-23,12:14:00.000,2026-04-23 12:14:00,35373.93,1375.63,2406.31,35491.02,35374.59218750003,1376.3954687500016,2405.9570285859922,35491.702656250025
2026-04-23,12:15:00.000,2026-04-23 12:15:00,35374.02,1375.83,2406.04,35491.11,35374.682187500024,1376.5954687500014,2405.6870285859927,35491.79265625002
2026-04-23,12:16:00.000,2026-04-23 12:16:00,35373.36,1376.01,2406.63,35490.49,35376.15468750004,1375.8654687500011,2405.2654714140112,35493.16140625002
2026-04-23,12:17:00.000,2026-04-23 12:17:00,35372.76,1376.1,2406.59,35489.9,35375.55468750004,1375.9554687500008,2405.2254714140113,35492.57140625003
2026-04-23,12:18:00.000,2026-04-23 12:18:00,35372.57,1376.24,2406.31,35489.71,35375.36468750004,1376.0954687500014,2404.9454714140115,35492.38140625003
2026-04-23,12:19:00.000,2026-04-23 12:19:00,35372.41,1376.33,2406.96,35489.6,35375.20468750005,1376.185468750001,2405.595471414012,35492.27140625003
2026-04-23,12:20:00.000,2026-04-23 12:20:00,35372.46,1376.45,2407.12,35489.67,35375.25468750004,1376.3054687500014,2405.7554714140115,35492.34140625003
2026-04-23,12:21:00.000,2026-04-23 12:21:00,35372.27,1376.47,2407.2,35489.48,35375.06468750004,1376.3254687500014,2405.8354714140114,35492.15140625003
2026-04-23,12:22:00.000,2026-04-23 12:22:00,35372.82,1376.42,2407.18,35490.05,35375.614687500034,1376.2754687500014,2405.815471414012,35492.72140625003
2026-04-23,12:23:00.000,2026-04-23 12:23:00,35372.45,1376.38,2406.62,35489.65,35375.244687500024,1376.2354687500015,2405.2554714140124,35492.321406250034
2026-04-23,12:24:00.000,2026-04-23 12:24:00,35372.5,1376.64,2406.5,35489.7,35376.23593750004,1375.4729687500014,2405.217971414012,35493.21140625004
2026-04-23,12:25:00.000,2026-04-23 12:25:00,35371.66,1376.87,2406.8,35488.93,35375.39593750004,1375.702968750001,2405.517971414012,35492.44140625004
2026-04-23,12:26:00.000,2026-04-23 12:26:00,35371.78,1377.11,2406.63,35489.03,35375.515937500044,1375.9429687500012,2405.3479714140117,35492.541406250035
2026-04-23,12:27:00.000,2026-04-23 12:27:00,35371.96,1377.53,2406.52,35489.24,35375.69593750004,1376.3629687500013,2405.237971414011,35492.75140625003
2026-04-23,12:28:00.000,2026-04-23 12:28:00,35371.9,1377.64,2406.53,35489.17,35375.63593750004,1376.4729687500014,2405.2479714140118,35492.68140625003
2026-04-23,12:29:00.000,2026-04-23 12:29:00,35371.3,1377.61,2407.04,35488.63,35375.03593750003,1376.4429687500012,2405.757971414011,35492.14140625002
2026-04-23,12:30:00.000,2026-04-23 12:30:00,35371.19,1377.65,2406.76,35488.5,35374.92593750003,1376.4829687500014,2405.477971414012,35492.01140625003
2026-04-23,12:31:00.000,2026-04-23 12:31:00,35371.28,1377.53,2407.17,35488.63,35375.01593750003,1376.362968750001,2405.8879714140116,35492.14140625002
2026-04-23,12:32:00.000,2026-04-23 12:32:00,35371.36,1377.54,2407.55,35488.74,35373.79968750004,1376.041718750001,2406.2963697646423,35490.880156250016
2026-04-23,12:33:00.000,2026-04-23 12:33:00,35371.6,1377.56,2407.31,35488.97,35374.03968750003,1376.061718750001,2406.0563697646417,35491.110156250026
2026-04-23,12:34:00.000,2026-04-23 12:34:00,35372.05,1377.7,2406.78,35489.4,35374.489687500034,1376.201718750001,2405.5263697646424,35491.540156250034
2026-04-23,12:35:00.000,2026-04-23 12:35:00,35372.63,1377.71,2406.86,35489.98,35375.06968750002,1376.2117187500012,2405.6063697646423,35492.120156250036
2026-04-23,12:36:00.000,2026-04-23 12:36:00,35373.29,1377.72,2406.81,35490.65,35375.72968750005,1376.2217187500014,2405.556369764641,35492.79015625003
2026-04-23,12:37:00.000,2026-04-23 12:37:00,35374.23,1377.7,2406.67,35491.59,35376.66968750005,1376.2017187500014,2405.416369764642,35493.73015625003
2026-04-23,12:38:00.000,2026-04-23 12:38:00,35374.48,1377.66,2406.44,35491.82,35376.919687500034,1376.1617187500015,2405.1863697646413,35493.96015625003
2026-04-23,12:39:00.000,2026-04-23 12:39:00,35374.3,1377.64,2406.39,35491.65,35376.73968750004,1376.1417187500015,2405.136369764641,35493.790156250034
2026-04-23,12:40:00.000,2026-04-23 12:40:00,35374.53,1377.59,2405.58,35491.82,35377.68093750004,1375.649218750001,2405.463323063381,35494.69765625003
2026-04-23,12:41:00.000,2026-04-23 12:41:00,35373.56,1377.69,2405.92,35490.9,35376.71093750004,1375.7492187500013,2405.803323063381,35493.77765625003
2026-04-23,12:42:00.000,2026-04-23 12:42:00,35373.05,1377.72,2405.75,35490.37,35376.20093750004,1375.7792187500013,2405.6333230633813,35493.24765625004
2026-04-23,12:43:00.000,2026-04-23 12:43:00,35372.46,1378.01,2405.33,35489.78,35375.61093750003,1376.0692187500013,2405.2133230633813,35492.65765625003
2026-04-23,12:44:00.000,2026-04-23 12:44:00,35371.64,1378.19,2405.46,35488.99,35374.79093750003,1376.2492187500013,2405.3433230633805,35491.867656250026
2026-04-23,12:45:00.000,2026-04-23 12:45:00,35371.17,1378.41,2405.08,35488.51,35374.32093750003,1376.4692187500016,2404.9633230633804,35491.38765625003
2026-04-23,12:46:00.000,2026-04-23 12:46:00,35370.84,1378.56,2405.57,35488.2,35373.990937500035,1376.6192187500012,2405.4533230633806,35491.077656250025
2026-04-23,12:47:00.000,2026-04-23 12:47:00,35371.0,1378.6,2404.85,35488.33,35374.15093750004,1376.6592187500012,2404.7333230633803,35491.20765625003
2026-04-23,12:48:00.000,2026-04-23 12:48:00,35370.43,1378.68,2405.5,35487.82,35366.96812500002,1381.1662856745743,2407.3051535859922,35484.78781250003
2026-04-23,12:49:00.000,2026-04-23 12:49:00,35370.7,1378.67,2405.08,35488.05,35367.238125000025,1381.1562856745745,2406.885153585992,35485.017812500024
2026-04-23,12:50:00.000,2026-04-23 12:50:00,35370.16,1378.75,2405.26,35487.55,35366.69812500002,1381.2362856745747,2407.065153585993,35484.517812500024
2026-04-23,12:51:00.000,2026-04-23 12:51:00,35370.65,1378.48,2405.29,35488.03,35367.18812500002,1380.9662856745747,2407.0951535859926,35484.99781250002
2026-04-23,12:52:00.000,2026-04-23 12:52:00,35370.14,1378.47,2405.45,35487.53,35366.67812500002,1380.956285674574,2407.2551535859925,35484.49781250002
2026-04-23,12:53:00.000,2026-04-23 12:53:00,35369.97,1378.46,2405.5,35487.37,35366.50812500002,1380.9462856745743,2407.3051535859927,35484.33781250003
2026-04-23,12:54:00.000,2026-04-23 12:54:00,35370.03,1378.3,2405.17,35487.41,35366.56812500002,1380.7862856745744,2406.9751535859923,35484.377812500024
2026-04-23,12:55:00.000,2026-04-23 12:55:00,35369.86,1378.2,2405.42,35487.27,35366.39812500002,1380.6862856745745,2407.2251535859923,35484.237812500025
2026-04-23,12:56:00.000,2026-04-23 12:56:00,35370.25,1378.1,2405.41,35487.65,35366.768125000024,1381.4887856745743,2406.951403585992,35484.54906250003
2026-04-23,12:57:00.000,2026-04-23 12:57:00,35370.36,1377.83,2405.6,35487.77,35366.878125000025,1381.2187856745743,2407.1414035859925,35484.66906250003
2026-04-23,12:58:00.000,2026-04-23 12:58:00,35370.56,1377.6,2405.49,35487.98,35367.078125000015,1380.9887856745743,2407.0314035859924,35484.87906250003
2026-04-23,12:59:00.000,2026-04-23 12:59:00,35370.95,1377.43,2405.33,35488.35,35367.468125000014,1380.8187856745747,2406.8714035859925,35485.24906250003
2026-04-23,13:00:00.000,2026-04-23 13:00:00,35370.5,1377.37,2405.68,35487.94,35367.01812500002,1380.7587856745747,2407.221403585992,35484.83906250002
2026-04-23,13:01:00.000,2026-04-23 13:01:00,35370.33,1377.31,2405.64,35487.78,35366.84812500002,1380.6987856745748,2407.181403585992,35484.679062500014
2026-04-23,13:02:00.000,2026-04-23 13:02:00,35369.77,1377.49,2405.77,35487.24,35366.288125000014,1380.8787856745746,2407.311403585992,35484.13906250002
2026-04-23,13:03:00.000,2026-04-23 13:03:00,35369.38,1377.66,2405.86,35486.87,35365.898125000014,1381.0487856745747,2407.4014035859923,35483.769062500025
2026-04-23,13:04:00.000,2026-04-23 13:04:00,35369.13,1377.83,2406.02,35486.65,35367.21687500001,1380.1412856745744,2406.9236302353625,35484.979062500024
2026-04-23,13:05:00.000,2026-04-23 13:05:00,35368.84,1378.17,2406.24,35486.38,35366.92687500002,1380.4812856745746,2407.1436302353627,35484.70906250002
2026-04-23,13:06:00.000,2026-04-23 13:06:00,35368.86,1378.33,2405.73,35486.37,35366.946875000016,1380.6412856745744,2406.6336302353625,35484.69906250002
2026-04-23,13:07:00.000,2026-04-23 13:07:00,35368.34,1378.61,2406.33,35485.92,35366.42687500001,1380.9212856745742,2407.233630235362,35484.24906250002
2026-04-23,13:08:00.000,2026-04-23 13:08:00,35368.48,1378.92,2406.09,35486.05,35366.56687500003,1381.2312856745746,2406.993630235362,35484.379062500026
2026-04-23,13:09:00.000,2026-04-23 13:09:00,35368.61,1378.91,2406.42,35486.22,35366.69687500002,1381.2212856745743,2407.323630235362,35484.549062500024
2026-04-23,13:10:00.000,2026-04-23 13:10:00,35368.78,1379.3,2406.21,35486.38,35366.86687500002,1381.6112856745744,2407.113630235362,35484.70906250002
2026-04-23,13:11:00.000,2026-04-23 13:11:00,35368.51,1379.34,2406.79,35486.17,35366.59687500002,1381.6512856745744,2407.693630235362,35484.499062500014
2026-04-23,13:12:00.000,2026-04-23 13:12:00,35368.24,1379.59,2406.73,35485.92,35367.22687500001,1380.2212856745741,2406.4966769366224,35484.94406250003
2026-04-23,13:13:00.000,2026-04-23 13:13:00,35368.3,1379.88,2406.9,35486.01,35367.28687500002,1380.5112856745745,2406.6666769366225,35485.034062500024
2026-04-23,13:14:00.000,2026-04-23 13:14:00,35368.23,1379.95,2406.93,35485.95,35367.21687500002,1380.5812856745745,2406.696676936622,35484.97406250002
2026-04-23,13:15:00.000,2026-04-23 13:15:00,35368.05,1380.12,2407.52,35485.82,35367.03687500001,1380.7512856745745,2407.2866769366224,35484.84406250003
2026-04-23,13:16:00.000,2026-04-23 13:16:00,35367.91,1380.37,2407.5,35485.7,35366.89687500002,1381.001285674574,2407.266676936622,35484.72406250002
2026-04-23,13:17:00.000,2026-04-23 13:17:00,35367.3,1380.61,2408.09,35485.15,35366.28687500002,1381.2412856745743,2407.856676936622,35484.17406250002
2026-04-23,13:18:00.000,2026-04-23 13:18:00,35367.17,1380.94,2407.99,35485.03,35366.15687500002,1381.5712856745747,2407.7566769366217,35484.05406250003
2026-04-23,13:19:00.000,2026-04-23 13:19:00,35367.15,1381.39,2407.37,35485.0,35366.13687500002,1382.0212856745745,2407.136676936622,35484.02406250003
2026-04-23,13:20:00.000,2026-04-23 13:20:00,35366.58,1381.53,2408.37,35484.51,35366.69937500001,1380.9037143254275,2407.917658914011,35484.49156250003
2026-04-23,13:21:00.000,2026-04-23 13:21:00,35366.6,1381.64,2408.12,35484.52,35366.719375000015,1381.0137143254276,2407.667658914011,35484.50156250002
2026-04-23,13:22:00.000,2026-04-23 13:22:00,35366.97,1381.67,2408.46,35484.91,35367.08937500002,1381.0437143254278,2408.007658914011,35484.89156250003
2026-04-23,13:23:00.000,2026-04-23 13:23:00,35366.9,1381.68,2408.48,35484.86,35367.01937500001,1381.0537143254276,2408.0276589140103,35484.84156250003
2026-04-23,13:24:00.000,2026-04-23 13:24:00,35366.9,1381.7,2408.32,35484.86,35367.019375000025,1381.0737143254278,2407.8676589140114,35484.84156250002
2026-04-23,13:25:00.000,2026-04-23 13:25:00,35366.48,1381.86,2408.48,35484.46,35366.59937500003,1381.2337143254276,2408.027658914011,35484.44156250001
2026-04-23,13:26:00.000,2026-04-23 13:26:00,35366.67,1381.96,2407.98,35484.6,35366.78937500002,1381.3337143254278,2407.527658914011,35484.58156250002
2026-04-23,13:27:00.000,2026-04-23 13:27:00,35366.19,1381.85,2408.68,35484.2,35366.309375000026,1381.2237143254276,2408.227658914011,35484.18156250001
2026-04-23,13:28:00.000,2026-04-23 13:28:00,35366.19,1382.02,2408.3,35484.16,35367.68562500002,1380.5299643254275,2407.795158914011,35485.465312500026
2026-04-23,13:29:00.000,2026-04-23 13:29:00,35365.87,1382.12,2408.54,35483.86,35367.36562500001,1380.6299643254274,2408.035158914011,35485.16531250002
2026-04-23,13:30:00.000,2026-04-23 13:30:00,35365.62,1382.34,2408.54,35483.61,35367.11562500002,1380.8499643254272,2408.035158914011,35484.91531250003
2026-04-23,13:31:00.000,2026-04-23 13:31:00,35366.02,1382.44,2407.6,35483.95,35367.515625000015,1380.9499643254276,2407.0951589140113,35485.25531250003
2026-04-23,13:32:00.000,2026-04-23 13:32:00,35365.2,1382.67,2408.48,35483.21,35366.695625000015,1381.179964325428,2407.9751589140114,35484.51531250002
2026-04-23,13:33:00.000,2026-04-23 13:33:00,35365.0,1382.76,2408.45,35483.0,35366.49562500002,1381.2699643254277,2407.945158914011,35484.305312500015
2026-04-23,13:34:00.000,2026-04-23 13:34:00,35364.2,1383.11,2408.99,35482.29,35365.695625000015,1381.6199643254276,2408.4851589140108,35483.595312500016
2026-04-23,13:35:00.000,2026-04-23 13:35:00,35364.18,1383.34,2408.41,35482.25,35365.675625000025,1381.8499643254277,2407.905158914011,35483.55531250002
2026-04-23,13:36:00.000,2026-04-23 13:36:00,35363.36,1383.47,2409.18,35481.48,35367.258125000015,1380.6549643254275,2407.852658914011,35485.03406250003
2026-04-23,13:37:00.000,2026-04-23 13:37:00,35363.24,1383.52,2409.13,35481.37,35367.13812500002,1380.7049643254277,2407.802658914011,35484.92406250003
2026-04-23,13:38:00.000,2026-04-23 13:38:00,35363.03,1383.43,2409.18,35481.17,35366.92812500002,1380.6149643254278,2407.852658914011,35484.72406250002
2026-04-23,13:39:00.000,2026-04-23 13:39:00,35362.66,1383.73,2409.27,35480.82,35366.558125000025,1380.9149643254275,2407.942658914011,35484.37406250003
2026-04-23,13:40:00.000,2026-04-23 13:40:00,35362.72,1383.98,2408.9,35480.87,35366.618125000015,1381.1649643254277,2407.572658914011,35484.42406250002
2026-04-23,13:41:00.000,2026-04-23 13:41:00,35362.32,1384.31,2409.7,35480.54,35366.21812500001,1381.4949643254276,2408.372658914011,35484.094062500015
2026-04-23,13:42:00.000,2026-04-23 13:42:00,35362.71,1384.39,2409.59,35480.9,35366.60812500002,1381.5749643254278,2408.262658914011,35484.454062500015
2026-04-23,13:43:00.000,2026-04-23 13:43:00,35363.02,1384.57,2408.94,35481.19,35366.91812500002,1381.7549643254276,2407.6126589140113,35484.74406250002
2026-04-23,13:44:00.000,2026-04-23 13:44:00,35362.76,1384.52,2409.92,35480.99,35367.116875000014,1380.6337143254275,2408.1876589140115,35484.929062500014
2026-04-23,13:45:00.000,2026-04-23 13:45:00,35362.84,1384.79,2409.64,35481.05,35367.196875000016,1380.9037143254275,2407.907658914011,35484.989062500026
2026-04-23,13:46:00.000,2026-04-23 13:46:00,35363.04,1384.82,2409.07,35481.22,35367.39687500003,1380.9337143254277,2407.3376589140107,35485.15906250002
2026-04-23,13:47:00.000,2026-04-23 13:47:00,35362.32,1384.76,2409.96,35480.57,35366.67687500003,1380.8737143254277,2408.227658914011,35484.50906250002
2026-04-23,13:48:00.000,2026-04-23 13:48:00,35362.36,1385.04,2409.26,35480.58,35366.71687500001,1381.153714325428,2407.527658914011,35484.519062500025
2026-04-23,13:49:00.000,2026-04-23 13:49:00,35362.04,1385.11,2409.71,35480.29,35366.39687500002,1381.2237143254276,2407.977658914011,35484.22906250003
2026-04-23,13:50:00.000,2026-04-23 13:50:00,35362.1,1385.31,2409.65,35480.34,35366.45687500001,1381.4237143254277,2407.917658914011,35484.27906250003
2026-04-23,13:51:00.000,2026-04-23 13:51:00,35361.93,1385.62,2409.92,35480.22,35366.28687500001,1381.7337143254276,2408.1876589140106,35484.15906250003
2026-04-23,13:52:00.000,2026-04-23 13:52:00,35362.21,1385.65,2410.45,35480.54,35357.89875000002,1386.3128125000012,2408.986408914011,35476.19406250003
2026-04-23,13:53:00.000,2026-04-23 13:53:00,35362.76,1385.82,2409.96,35481.07,35358.448750000025,1386.4828125000008,2408.496408914011,35476.72406250003
2026-04-23,13:54:00.000,2026-04-23 13:54:00,35362.67,1385.88,2410.38,35481.02,35358.35875000003,1386.5428125000012,2408.9164089140113,35476.674062500024
2026-04-23,13:55:00.000,2026-04-23 13:55:00,35362.65,1385.98,2410.52,35481.01,35358.338750000024,1386.6428125000011,2409.0564089140107,35476.66406250003
2026-04-23,13:56:00.000,2026-04-23 13:56:00,35363.07,1386.32,2409.49,35481.38,35358.75875000004,1386.9828125000015,2408.0264089140105,35477.034062500024
2026-04-23,13:57:00.000,2026-04-23 13:57:00,35362.66,1386.37,2410.16,35481.03,35358.34875000005,1387.0328125000012,2408.6964089140106,35476.68406250003
2026-04-23,13:58:00.000,2026-04-23 13:58:00,35362.19,1386.62,2410.28,35480.59,35357.87875000003,1387.2828125000012,2408.8164089140114,35476.24406250002
2026-04-23,13:59:00.000,2026-04-23 13:59:00,35362.18,1386.82,2409.88,35480.56,35357.86875000004,1387.482812500001,2408.416408914011,35476.214062500025
2026-04-23,14:00:00.000,2026-04-23 14:00:00,35361.88,1387.08,2410.11,35480.28,35358.46125000004,1386.2928125000012,2409.0501589140113,35476.776562500025
2026-04-23,14:01:00.000,2026-04-23 14:01:00,35362.0,1387.31,2409.66,35480.37,35358.58125000003,1386.5228125000012,2408.6001589140105,35476.866562500036
2026-04-23,14:02:00.000,2026-04-23 14:02:00,35362.17,1387.37,2409.75,35480.56,35358.75125000002,1386.5828125000012,2408.690158914011,35477.056562500016
2026-04-23,14:03:00.000,2026-04-23 14:03:00,35362.14,1387.45,2409.75,35480.52,35358.721250000024,1386.662812500001,2408.690158914011,35477.01656250002
2026-04-23,14:04:00.000,2026-04-23 14:04:00,35362.21,1387.73,2408.99,35480.57,35358.79125000003,1386.942812500001,2407.9301589140105,35477.066562500026
2026-04-23,14:05:00.000,2026-04-23 14:05:00,35361.24,1387.9,2410.11,35479.68,35357.82125000003,1387.1128125000012,2409.0501589140113,35476.176562500026
2026-04-23,14:06:00.000,2026-04-23 14:06:00,35361.14,1387.96,2409.79,35479.57,35357.721250000024,1387.1728125000013,2408.73015891401,35476.06656250003
2026-04-23,14:07:00.000,2026-04-23 14:07:00,35360.47,1388.26,2409.73,35478.91,35357.051250000026,1387.472812500001,2408.6701589140107,35475.40656250003
2026-04-23,14:08:00.000,2026-04-23 14:08:00,35360.4,1388.09,2410.04,35478.84,35358.23000000003,1387.239062500001,2409.1714089140114,35476.597812500026
2026-04-23,14:09:00.000,2026-04-23 14:09:00,35360.49,1388.07,2409.74,35478.91,35358.32000000003,1387.219062500001,2408.871408914011,35476.66781250003
2026-04-23,14:10:00.000,2026-04-23 14:10:00,35361.24,1388.02,2408.36,35479.55,35359.07000000003,1387.1690625000012,2407.4914089140116,35477.307812500025
2026-04-23,14:11:00.000,2026-04-23 14:11:00,35360.27,1387.85,2410.09,35478.7,35358.10000000003,1386.9990625000012,2409.221408914011,35476.45781250002
2026-04-23,14:12:00.000,2026-04-23 14:12:00,35360.48,1387.59,2409.81,35478.89,35358.310000000034,1386.739062500001,2408.941408914011,35476.64781250003
2026-04-23,14:13:00.000,2026-04-23 14:13:00,35360.46,1387.46,2409.44,35478.83,35358.29000000003,1386.6090625000013,2408.571408914011,35476.58781250003
2026-04-23,14:14:00.000,2026-04-23 14:14:00,35360.19,1387.15,2409.58,35478.55,35358.020000000026,1386.2990625000011,2408.7114089140105,35476.307812500025
2026-04-23,14:15:00.000,2026-04-23 14:15:00,35359.73,1387.34,2409.3,35478.1,35357.560000000034,1386.4890625000012,2408.4314089140107,35475.85781250003
2026-04-23,14:16:00.000,2026-04-23 14:16:00,35359.96,1387.06,2408.74,35478.27,35359.14125000004,1386.8740625000014,2408.11515891401,35477.395312500026
2026-04-23,14:17:00.000,2026-04-23 14:17:00,35359.52,1386.89,2409.36,35477.87,35358.701250000035,1386.7040625000013,2408.7351589140108,35476.99531250003
2026-04-23,14:18:00.000,2026-04-23 14:18:00,35359.14,1386.96,2409.6,35477.52,35358.32125000002,1386.774062500001,2408.9751589140105,35476.645312500026
2026-04-23,14:19:00.000,2026-04-23 14:19:00,35359.32,1386.97,2409.05,35477.68,35358.50125000003,1386.7840625000013,2408.4251589140104,35476.80531250003
2026-04-23,14:20:00.000,2026-04-23 14:20:00,35358.87,1387.14,2409.47,35477.27,35358.05125000003,1386.9540625000013,2408.8451589140113,35476.395312500026
2026-04-23,14:21:00.000,2026-04-23 14:21:00,35358.87,1387.06,2409.34,35477.27,35358.05125000003,1386.8740625000014,2408.715158914012,35476.395312500026
2026-04-23,14:22:00.000,2026-04-23 14:22:00,35358.48,1387.08,2409.56,35476.88,35357.66125000003,1386.8940625000014,2408.9351589140115,35476.00531250002
2026-04-23,14:23:00.000,2026-04-23 14:23:00,35358.29,1387.09,2409.29,35476.67,35357.471250000024,1386.9040625000011,2408.665158914011,35475.79531250003
2026-04-23,14:24:00.000,2026-04-23 14:24:00,35358.35,1387.2,2408.42,35476.69,35359.08625000003,1386.7403125000014,2407.821989436622,35477.395312500026
2026-04-23,14:25:00.000,2026-04-23 14:25:00,35357.78,1387.3,2408.89,35476.16,35358.51625000004,1386.8403125000013,2408.2919894366223,35476.86531250003
2026-04-23,14:26:00.000,2026-04-23 14:26:00,35357.48,1387.34,2408.86,35475.87,35358.21625000003,1386.8803125000013,2408.2619894366226,35476.57531250003
2026-04-23,14:27:00.000,2026-04-23 14:27:00,35357.51,1387.32,2408.37,35475.86,35358.246250000026,1386.8603125000013,2407.771989436623,35476.56531250002
2026-04-23,14:28:00.000,2026-04-23 14:28:00,35357.14,1387.4,2408.5,35475.5,35357.87625000002,1386.940312500001,2407.901989436622,35476.20531250003
2026-04-23,14:29:00.000,2026-04-23 14:29:00,35357.44,1387.38,2407.67,35475.73,35358.176250000026,1386.920312500001,2407.071989436622,35476.43531250003
2026-04-23,14:30:00.000,2026-04-23 14:30:00,35357.12,1387.33,2408.33,35475.47,35357.85625000003,1386.8703125000009,2407.731989436622,35476.17531250003
2026-04-23,14:31:00.000,2026-04-23 14:31:00,35357.19,1387.17,2407.98,35475.51,35357.92625000004,1386.710312500001,2407.3819894366225,35476.215312500026
2026-04-23,14:32:00.000,2026-04-23 14:32:00,35357.17,1387.23,2407.35,35475.47,35359.44000000003,1386.9740625000013,2407.888942735362,35477.770312500026
2026-04-23,14:33:00.000,2026-04-23 14:33:00,35356.5,1387.24,2407.62,35474.82,35358.77000000003,1386.984062500001,2408.1589427353615,35477.12031250003
2026-04-23,14:34:00.000,2026-04-23 14:34:00,35356.14,1387.16,2407.39,35474.44,35358.410000000025,1386.9040625000011,2407.928942735362,35476.74031250003
2026-04-23,14:35:00.000,2026-04-23 14:35:00,35355.57,1387.07,2407.28,35473.88,35357.84000000003,1386.814062500001,2407.8189427353623,35476.18031250003
2026-04-23,14:36:00.000,2026-04-23 14:36:00,35355.61,1386.96,2406.55,35473.84,35357.880000000034,1386.7040625000013,2407.0889427353623,35476.14031250002
2026-04-23,14:37:00.000,2026-04-23 14:37:00,35355.4,1387.05,2406.52,35473.66,35357.67000000003,1386.794062500001,2407.0589427353616,35475.96031250003
2026-04-23,14:38:00.000,2026-04-23 14:38:00,35355.65,1386.98,2406.74,35473.93,35357.920000000035,1386.724062500001,2407.278942735361,35476.230312500025
2026-04-23,14:39:00.000,2026-04-23 14:39:00,35355.7,1387.12,2406.72,35473.99,35357.97000000002,1386.864062500001,2407.2589427353614,35476.29031250002
2026-04-23,14:40:00.000,2026-04-23 14:40:00,35356.09,1387.06,2405.96,35474.33,35359.322500000024,1387.2690625000012,2407.489841085993,35477.63906250003
2026-04-23,14:41:00.000,2026-04-23 14:41:00,35356.01,1386.89,2406.33,35474.26,35359.24250000002,1387.099062500001,2407.8598410859927,35477.56906250002
2026-04-23,14:42:00.000,2026-04-23 14:42:00,35355.5,1386.96,2406.29,35473.77,35358.73250000003,1387.1690625000012,2407.8198410859923,35477.07906250002
2026-04-23,14:43:00.000,2026-04-23 14:43:00,35355.44,1386.61,2405.85,35473.64,35358.67250000003,1386.8190625000009,2407.3798410859918,35476.94906250003
2026-04-23,14:44:00.000,2026-04-23 14:44:00,35354.58,1386.62,2406.33,35472.83,35357.81250000003,1386.8290625000013,2407.859841085992,35476.13906250003
2026-04-23,14:45:00.000,2026-04-23 14:45:00,35354.33,1386.42,2406.31,35472.58,35357.56250000003,1386.6290625000015,2407.8398410859913,35475.88906250003
2026-04-23,14:46:00.000,2026-04-23 14:46:00,35354.08,1386.39,2406.12,35472.32,35357.31250000003,1386.5990625000013,2407.649841085992,35475.629062500026
2026-04-23,14:47:00.000,2026-04-23 14:47:00,35354.01,1386.14,2405.93,35472.23,35357.24250000004,1386.3490625000013,2407.4598410859917,35475.53906250003
2026-04-23,14:48:00.000,2026-04-23 14:48:00,35353.68,1386.13,2406.1,35471.92,35358.160000000025,1387.7978125000013,2408.6460910859914,35476.57156250002
2026-04-23,14:49:00.000,2026-04-23 14:49:00,35354.18,1385.81,2405.5,35472.36,35358.660000000025,1387.4778125000012,2408.046091085992,35477.011562500025
2026-04-23,14:50:00.000,2026-04-23 14:50:00,35353.94,1385.72,2405.18,35472.12,35358.42000000003,1387.3878125000015,2407.726091085992,35476.77156250002
2026-04-23,14:51:00.000,2026-04-23 14:51:00,35353.7,1385.45,2405.2,35471.85,35358.18000000002,1387.1178125000015,2407.7460910859913,35476.501562500016
2026-04-23,14:52:00.000,2026-04-23 14:52:00,35353.64,1385.05,2405.02,35471.77,35358.12000000003,1386.7178125000012,2407.566091085992,35476.42156250003
2026-04-23,14:53:00.000,2026-04-23 14:53:00,35353.56,1384.73,2405.0,35471.68,35358.04000000003,1386.397812500001,2407.5460910859924,35476.33156250003
2026-04-23,14:54:00.000,2026-04-23 14:54:00,35353.87,1384.26,2404.42,35471.95,35358.350000000035,1385.9278125000008,2406.966091085992,35476.60156250003
2026-04-23,14:55:00.000,2026-04-23 14:55:00,35353.49,1384.27,2404.57,35471.57,35357.97000000003,1385.937812500001,2407.1160910859926,35476.221562500024
2026-04-23,14:56:00.000,2026-04-23 14:56:00,35354.09,1383.85,2403.5,35472.05,35345.41390625002,1379.6559018254277,2402.950937500002,35463.44379030768
2026-04-23,14:57:00.000,2026-04-23 14:57:00,35353.49,1383.68,2404.09,35471.5,35344.81390625003,1379.4859018254276,2403.540937500002,35462.89379030768
2026-04-23,14:58:00.000,2026-04-23 14:58:00,35353.18,1383.72,2403.8,35471.18,35344.503906250015,1379.5259018254278,2403.2509375000027,35462.57379030768
2026-04-23,14:59:00.000,2026-04-23 14:59:00,35353.21,1383.26,2403.92,35471.19,35344.53390625001,1379.0659018254278,2403.3709375000026,35462.583790307675
2026-04-23,15:00:00.000,2026-04-23 15:00:00,35352.68,1383.1,2404.39,35470.69,35344.003906250015,1378.9059018254281,2403.840937500002,35462.083790307675
2026-04-23,15:01:00.000,2026-04-23 15:01:00,35352.79,1382.94,2404.16,35470.8,35344.113906250015,1378.7459018254283,2403.6109375000024,35462.193790307676
2026-04-23,15:02:00.000,2026-04-23 15:02:00,35353.24,1382.68,2403.04,35471.13,35344.56390625002,1378.485901825428,2402.4909375000025,35462.52379030766
2026-04-23,15:03:00.000,2026-04-23 15:03:00,35352.44,1382.27,2404.29,35470.44,35343.76390625002,1378.0759018254282,2403.7409375000025,35461.83379030766
2026-04-23,15:04:00.000,2026-04-23 15:04:00,35352.32,1382.08,2404.83,35470.36,35345.142656250006,1379.605901825428,2403.9384375000022,35463.262540307674
2026-04-23,15:05:00.000,2026-04-23 15:05:00,35352.28,1381.82,2404.53,35470.26,35345.10265625001,1379.3459018254282,2403.638437500002,35463.16254030767
2026-04-23,15:06:00.000,2026-04-23 15:06:00,35352.22,1381.48,2404.24,35470.19,35345.04265625001,1379.005901825428,2403.3484375000016,35463.092540307676
2026-04-23,15:07:00.000,2026-04-23 15:07:00,35351.75,1381.25,2404.55,35469.73,35344.572656250006,1378.775901825428,2403.658437500002,35462.63254030767
2026-04-23,15:08:00.000,2026-04-23 15:08:00,35351.46,1381.27,2404.05,35469.43,35344.28265625002,1378.795901825428,2403.1584375000025,35462.332540307674
2026-04-23,15:09:00.000,2026-04-23 15:09:00,35351.37,1381.28,2403.66,35469.3,35344.19265625002,1378.8059018254278,2402.768437500002,35462.202540307684
2026-04-23,15:10:00.000,2026-04-23 15:10:00,35351.0,1381.25,2404.29,35468.97,35343.82265625002,1378.775901825428,2403.3984375000027,35461.87254030768
2026-04-23,15:11:00.000,2026-04-23 15:11:00,35350.73,1381.31,2403.78,35468.67,35343.552656250016,1378.835901825428,2402.8884375000025,35461.57254030768
2026-04-23,15:12:00.000,2026-04-23 15:12:00,35350.52,1381.25,2403.07,35468.41,35345.83390625001,1379.799651825428,2403.5759375000025,35463.92379030767
2026-04-23,15:13:00.000,2026-04-23 15:13:00,35349.86,1380.93,2403.66,35467.79,35345.17390625002,1379.479651825428,2404.1659375000027,35463.30379030768
2026-04-23,15:14:00.000,2026-04-23 15:14:00,35349.66,1380.76,2403.15,35467.54,35344.97390625002,1379.309651825428,2403.6559375000024,35463.053790307684
2026-04-23,15:15:00.000,2026-04-23 15:15:00,35349.53,1380.34,2402.67,35467.37,35344.84390625002,1378.889651825428,2403.175937500003,35462.883790307686
2026-04-23,15:16:00.000,2026-04-23 15:16:00,35348.77,1380.11,2403.08,35466.63,35344.083906250016,1378.6596518254278,2403.585937500002,35462.143790307666
2026-04-23,15:17:00.000,2026-04-23 15:17:00,35348.72,1380.14,2401.84,35466.5,35344.03390625001,1378.689651825428,2402.345937500002,35462.013790307676
2026-04-23,15:18:00.000,2026-04-23 15:18:00,35347.9,1380.05,2403.05,35465.75,35343.21390625003,1378.5996518254278,2403.5559375000016,35461.263790307676
2026-04-23,15:19:00.000,2026-04-23 15:19:00,35348.24,1379.97,2402.23,35466.03,35343.553906250025,1378.519651825428,2402.735937500002,35461.543790307674
2026-04-23,15:20:00.000,2026-04-23 15:20:00,35347.31,1379.97,2403.31,35465.2,35346.14265625002,1379.2709018254277,2403.8184375000023,35464.23254030768
2026-04-23,15:21:00.000,2026-04-23 15:21:00,35347.11,1379.84,2402.81,35464.94,35345.94265625002,1379.1409018254276,2403.3184375000023,35463.97254030769
2026-04-23,15:22:00.000,2026-04-23 15:22:00,35346.38,1379.91,2402.7,35464.24,35345.21265625002,1379.210901825428,2403.2084375000018,35463.27254030768
2026-04-23,15:23:00.000,2026-04-23 15:23:00,35346.04,1379.7,2402.78,35463.89,35344.87265625002,1379.000901825428,2403.2884375000026,35462.922540307685
2026-04-23,15:24:00.000,2026-04-23 15:24:00,35345.45,1379.72,2402.71,35463.29,35344.28265625002,1379.020901825428,2403.218437500002,35462.32254030767
2026-04-23,15:25:00.000,2026-04-23 15:25:00,35344.71,1379.56,2403.13,35462.59,35343.542656250014,1378.860901825428,2403.638437500002,35461.62254030766
2026-04-23,15:26:00.000,2026-04-23 15:26:00,35344.51,1379.49,2402.46,35462.34,35343.34265625002,1378.7909018254281,2402.968437500002,35461.37254030767
2026-04-23,15:27:00.000,2026-04-23 15:27:00,35343.54,1379.35,2402.83,35461.38,35342.372656250016,1378.6509018254283,2403.338437500002,35460.412540307676
2026-04-23,15:28:00.000,2026-04-23 15:28:00,35342.94,1379.41,2402.63,35460.77,35345.68265625002,1378.670973174575,2403.3659375000025,35463.310897192365
2026-04-23,15:29:00.000,2026-04-23 15:29:00,35342.57,1379.16,2402.63,35460.4,35345.31265625001,1378.420973174575,2403.3659375000025,35462.94089719237
2026-04-23,15:30:00.000,2026-04-23 15:30:00,35342.32,1379.01,2402.4,35460.13,35345.06265625002,1378.2709731745747,2403.1359375000034,35462.670897192365
2026-04-23,15:31:00.000,2026-04-23 15:31:00,35341.89,1378.78,2402.41,35459.71,35344.632656250025,1378.0409731745747,2403.1459375000027,35462.25089719237
2026-04-23,15:32:00.000,2026-04-23 15:32:00,35341.62,1378.39,2402.41,35459.42,35344.36265625002,1377.650973174575,2403.1459375000018,35461.96089719237
2026-04-23,15:33:00.000,2026-04-23 15:33:00,35341.25,1378.06,2402.76,35459.04,35343.99265625001,1377.3209731745746,2403.495937500002,35461.58089719237
2026-04-23,15:34:00.000,2026-04-23 15:34:00,35340.87,1377.71,2402.55,35458.67,35343.61265625002,1376.9709731745747,2403.2859375000016,35461.210897192366
2026-04-23,15:35:00.000,2026-04-23 15:35:00,35340.31,1377.52,2403.12,35458.13,35343.05265625002,1376.7809731745747,2403.8559375000013,35460.67089719237
2026-04-23,15:36:00.000,2026-04-23 15:36:00,35340.19,1377.26,2402.79,35457.98,35345.55640625002,1378.7822231745745,2403.172187500002,35463.200897192364
2026-04-23,15:37:00.000,2026-04-23 15:37:00,35339.68,1376.91,2402.94,35457.44,35345.04640625001,1378.4322231745746,2403.3221875000017,35462.66089719237
2026-04-23,15:38:00.000,2026-04-23 15:38:00,35339.51,1376.78,2402.6,35457.25,35344.87640625003,1378.302223174575,2402.9821875000016,35462.47089719237
2026-04-23,15:39:00.000,2026-04-23 15:39:00,35338.89,1376.63,2403.07,35456.68,35344.25640625002,1378.1522231745748,2403.452187500002,35461.900897192376
2026-04-23,15:40:00.000,2026-04-23 15:40:00,35339.03,1376.13,2402.52,35456.75,35344.396406250016,1377.652223174575,2402.9021875000026,35461.97089719237
2026-04-23,15:41:00.000,2026-04-23 15:41:00,35338.42,1375.7,2403.57,35456.2,35343.786406250016,1377.2222231745748,2403.9521875000028,35461.420897192365
2026-04-23,15:42:00.000,2026-04-23 15:42:00,35338.89,1375.4,2402.67,35456.59,35344.25640625002,1376.9222231745748,2403.0521875000027,35461.810897192365
2026-04-23,15:43:00.000,2026-04-23 15:43:00,35338.17,1375.14,2403.58,35455.94,35343.536406250016,1376.662223174575,2403.9621875000025,35461.16089719237
2026-04-23,15:44:00.000,2026-04-23 15:44:00,35338.21,1375.01,2403.38,35455.94,35344.941406250015,1378.3972231745747,2403.1146875000027,35462.54964719237
2026-04-23,15:45:00.000,2026-04-23 15:45:00,35337.88,1374.71,2403.9,35455.63,35344.61140625001,1378.097223174575,2403.634687500002,35462.23964719237
2026-04-23,15:46:00.000,2026-04-23 15:46:00,35337.94,1374.57,2403.69,35455.68,35344.671406250025,1377.9572231745747,2403.4246875000017,35462.28964719237
2026-04-23,15:47:00.000,2026-04-23 15:47:00,35337.72,1374.42,2403.84,35455.47,35344.451406250024,1377.8072231745746,2403.5746875000023,35462.079647192375
2026-04-23,15:48:00.000,2026-04-23 15:48:00,35337.79,1374.21,2403.54,35455.52,35344.52140625002,1377.5972231745745,2403.274687500002,35462.12964719236
2026-04-23,15:49:00.000,2026-04-23 15:49:00,35337.53,1374.18,2403.32,35455.26,35344.261406250014,1377.5672231745748,2403.054687500002,35461.86964719237
2026-04-23,15:50:00.000,2026-04-23 15:50:00,35337.37,1373.97,2403.62,35455.09,35344.10140625002,1377.3572231745748,2403.354687500002,35461.69964719236
2026-04-23,15:51:00.000,2026-04-23 15:51:00,35337.42,1373.96,2403.63,35455.13,35344.15140625001,1377.347223174575,2403.364687500002,35461.73964719236
2026-04-23,15:52:00.000,2026-04-23 15:52:00,35337.26,1373.55,2403.94,35454.98,35344.12640625003,1378.197223174575,2403.5134375000025,35461.76589719237
2026-04-23,15:53:00.000,2026-04-23 15:53:00,35337.5,1373.49,2403.54,35455.19,35344.36640625002,1378.137223174575,2403.113437500002,35461.97589719237
2026-04-23,15:54:00.000,2026-04-23 15:54:00,35337.47,1373.37,2403.52,35455.17,35344.33640625001,1378.0172231745746,2403.093437500003,35461.95589719237
2026-04-23,15:55:00.000,2026-04-23 15:55:00,35337.31,1373.28,2403.87,35455.03,35344.17640625001,1377.927223174575,2403.4434375000023,35461.81589719237
2026-04-23,15:56:00.000,2026-04-23 15:56:00,35337.94,1373.15,2403.3,35455.59,35344.80640625003,1377.7972231745748,2402.8734375000026,35462.37589719237
2026-04-23,15:57:00.000,2026-04-23 15:57:00,35337.67,1372.85,2404.09,35455.37,35344.53640625002,1377.4972231745746,2403.6634375000026,35462.155897192366
2026-04-23,15:58:00.000,2026-04-23 15:58:00,35337.93,1372.7,2403.87,35455.6,35344.79640625001,1377.347223174575,2403.4434375000014,35462.38589719237
2026-04-23,15:59:00.000,2026-04-23 15:59:00,35337.7,1372.56,2404.08,35455.38,35344.566406250015,1377.2072231745747,2403.6534375000015,35462.16589719237
2026-04-23,16:00:00.000,2026-04-23 16:00:00,35337.65,1372.53,2404.27,35455.32,35340.137500000026,1371.0701562500014,2403.9790625000023,35457.67765625002
2026-04-23,16:01:00.000,2026-04-23 16:01:00,35337.86,1372.41,2404.57,35455.55,35340.34750000002,1370.9501562500016,2404.2790625000025,35457.90765625002
2026-04-23,16:02:00.000,2026-04-23 16:02:00,35338.23,1372.33,2404.14,35455.87,35340.71750000003,1370.8701562500012,2403.8490625000018,35458.22765625002
2026-04-23,16:03:00.000,2026-04-23 16:03:00,35338.56,1372.35,2404.09,35456.2,35341.047500000015,1370.8901562500012,2403.7990625000016,35458.55765625001
2026-04-23,16:04:00.000,2026-04-23 16:04:00,35338.74,1372.1,2404.39,35456.39,35341.2275,1370.6401562500012,2404.099062500001,35458.74765625002
2026-04-23,16:05:00.000,2026-04-23 16:05:00,35339.14,1371.92,2404.16,35456.75,35341.62750000001,1370.4601562500013,2403.8690625000013,35459.107656250024
2026-04-23,16:06:00.000,2026-04-23 16:06:00,35339.47,1371.95,2403.93,35457.08,35341.95750000001,1370.4901562500008,2403.6390625000013,35459.437656250026
2026-04-23,16:07:00.000,2026-04-23 16:07:00,35339.77,1371.71,2404.2,35457.38,35342.2575,1370.250156250001,2403.9090625000017,35459.737656250014
2026-04-23,16:08:00.000,2026-04-23 16:08:00,35339.47,1371.75,2404.13,35457.1,35341.547500000015,1370.2801562500008,2403.854062500002,35459.04390625002
2026-04-23,16:09:00.000,2026-04-23 16:09:00,35339.23,1371.9,2404.41,35456.88,35341.30750000001,1370.430156250001,2404.1340625000016,35458.82390625002
2026-04-23,16:10:00.000,2026-04-23 16:10:00,35339.12,1372.11,2404.31,35456.78,35341.19750000001,1370.640156250001,2404.0340625000017,35458.72390625001
2026-04-23,16:11:00.000,2026-04-23 16:11:00,35338.71,1372.48,2404.19,35456.37,35340.787500000006,1371.0101562500008,2403.914062500002,35458.31390625002
2026-04-23,16:12:00.000,2026-04-23 16:12:00,35338.64,1372.6,2404.04,35456.3,35340.71750000001,1371.1301562500012,2403.7640625000017,35458.24390625003
2026-04-23,16:13:00.000,2026-04-23 16:13:00,35338.55,1372.48,2404.31,35456.21,35340.62750000002,1371.0101562500013,2404.0340625000013,35458.153906250016
2026-04-23,16:14:00.000,2026-04-23 16:14:00,35339.22,1372.2,2404.12,35456.84,35341.297500000015,1370.7301562500015,2403.8440625000017,35458.78390625002
2026-04-23,16:15:00.000,2026-04-23 16:15:00,35339.76,1371.86,2404.12,35457.37,35341.83750000001,1370.3901562500014,2403.8440625000017,35459.31390625002
2026-04-23,16:16:00.000,2026-04-23 16:16:00,35340.04,1371.54,2404.46,35457.67,35339.000000000015,1371.6251562500008,2404.344062500002,35456.606406250015
2026-04-23,16:17:00.000,2026-04-23 16:17:00,35340.57,1371.28,2404.24,35458.16,35339.53000000001,1371.365156250001,2404.124062500002,35457.09640625002
2026-04-23,16:18:00.000,2026-04-23 16:18:00,35341.42,1371.13,2403.98,35458.97,35340.38000000001,1371.2151562500012,2403.8640625000016,35457.90640625002
2026-04-23,16:19:00.000,2026-04-23 16:19:00,35342.19,1370.75,2404.03,35459.72,35341.150000000016,1370.835156250001,2403.914062500002,35458.65640625002
2026-04-23,16:20:00.000,2026-04-23 16:20:00,35343.35,1370.39,2403.48,35460.82,35342.31000000002,1370.4751562500014,2403.364062500002,35459.75640625002
2026-04-23,16:21:00.000,2026-04-23 16:21:00,35343.52,1370.03,2404.13,35461.02,35342.48000000002,1370.1151562500013,2404.0140625000017,35459.956406250014
2026-04-23,16:22:00.000,2026-04-23 16:22:00,35343.39,1369.96,2404.04,35460.89,35342.35000000001,1370.0451562500014,2403.924062500002,35459.826406250024
2026-04-23,16:23:00.000,2026-04-23 16:23:00,35343.16,1369.86,2403.99,35460.66,35342.12000000002,1369.945156250001,2403.874062500002,35459.59640625003
2026-04-23,16:24:00.000,2026-04-23 16:24:00,35342.76,1369.89,2403.55,35460.24,35343.070000000014,1369.8814062500014,2403.875312500002,35460.56265625002
2026-04-23,16:25:00.000,2026-04-23 16:25:00,35341.95,1370.24,2403.11,35459.41,35342.26,1370.2314062500013,2403.4353125000016,35459.73265625002
2026-04-23,16:26:00.000,2026-04-23 16:26:00,35340.86,1370.5,2403.76,35458.37,35341.17000000001,1370.491406250001,2404.085312500002,35458.69265625003
2026-04-23,16:27:00.000,2026-04-23 16:27:00,35340.66,1370.65,2403.7,35458.15,35340.970000000016,1370.6414062500012,2404.0253125000017,35458.47265625003
2026-04-23,16:28:00.000,2026-04-23 16:28:00,35340.52,1370.75,2403.72,35458.03,35340.830000000016,1370.741406250001,2404.0453125000013,35458.35265625001
2026-04-23,16:29:00.000,2026-04-23 16:29:00,35340.27,1371.1,2403.75,35457.79,35340.580000000016,1371.091406250001,2404.075312500002,35458.11265625002
2026-04-23,16:30:00.000,2026-04-23 16:30:00,35340.02,1371.36,2403.67,35457.53,35340.330000000016,1371.3514062500008,2403.9953125000015,35457.85265625001
2026-04-23,16:31:00.000,2026-04-23 16:31:00,35339.8,1371.2,2403.56,35457.3,35340.110000000015,1371.191406250001,2403.885312500002,35457.622656250016
2026-04-23,16:32:00.000,2026-04-23 16:32:00,35340.1,1370.69,2403.86,35457.6,35339.848750000005,1370.8789062500014,2404.054062500002,35457.38265625001
2026-04-23,16:33:00.000,2026-04-23 16:33:00,35340.98,1370.36,2403.45,35458.44,35340.72875000001,1370.548906250001,2403.6440625000014,35458.22265625002
2026-04-23,16:34:00.000,2026-04-23 16:34:00,35341.57,1370.15,2403.65,35459.04,35341.318750000006,1370.3389062500014,2403.844062500002,35458.82265625001
2026-04-23,16:35:00.000,2026-04-23 16:35:00,35342.07,1370.21,2403.61,35459.53,35341.818750000006,1370.3989062500013,2403.804062500002,35459.31265625002
2026-04-23,16:36:00.000,2026-04-23 16:36:00,35341.75,1370.49,2403.89,35459.24,35341.49875000001,1370.6789062500009,2404.0840625000014,35459.022656250025
2026-04-23,16:37:00.000,2026-04-23 16:37:00,35341.79,1370.65,2403.72,35459.26,35341.53875000001,1370.8389062500007,2403.9140625000014,35459.04265625003
2026-04-23,16:38:00.000,2026-04-23 16:38:00,35341.65,1370.7,2404.14,35459.14,35341.39875000001,1370.8889062500011,2404.3340625000014,35458.922656250026
2026-04-23,16:39:00.000,2026-04-23 16:39:00,35341.42,1370.86,2403.55,35458.89,35341.16875000001,1371.048906250001,2403.744062500002,35458.672656250026
2026-04-23,16:40:00.000,2026-04-23 16:40:00,35341.06,1370.95,2404.03,35458.59,35340.79125000001,1370.822656250001,2403.954062500002,35458.33765625001
2026-04-23,16:41:00.000,2026-04-23 16:41:00,35341.16,1371.01,2403.96,35458.66,35340.891250000015,1370.882656250001,2403.884062500001,35458.40765625002
2026-04-23,16:42:00.000,2026-04-23 16:42:00,35341.25,1370.82,2404.08,35458.77,35340.981250000004,1370.692656250001,2404.004062500002,35458.51765625002
2026-04-23,16:43:00.000,2026-04-23 16:43:00,35341.4,1370.99,2404.06,35458.89,35341.13125,1370.862656250001,2403.9840625000015,35458.637656250015
2026-04-23,16:44:00.000,2026-04-23 16:44:00,35341.57,1371.11,2404.12,35459.08,35341.30125000001,1370.9826562500011,2404.044062500002,35458.82765625002
2026-04-23,16:45:00.000,2026-04-23 16:45:00,35341.58,1370.92,2404.14,35459.09,35341.31125000002,1370.792656250001,2404.0640625000015,35458.83765625001
2026-04-23,16:46:00.000,2026-04-23 16:46:00,35341.54,1370.55,2404.23,35459.02,35341.27125000001,1370.4226562500014,2404.154062500002,35458.76765625002
2026-04-23,16:47:00.000,2026-04-23 16:47:00,35341.91,1370.29,2403.41,35459.32,35341.64125000002,1370.1626562500012,2403.3340625000014,35459.06765625002
2026-04-23,16:48:00.000,2026-04-23 16:48:00,35341.52,1370.03,2404.13,35459.0,35340.57125000001,1371.110156250001,2404.314062500002,35458.14765625002
2026-04-23,16:49:00.000,2026-04-23 16:49:00,35341.93,1369.92,2403.7,35459.37,35340.98125000001,1371.0001562500008,2403.8840625000016,35458.51765625003
2026-04-23,16:50:00.000,2026-04-23 16:50:00,35341.93,1369.73,2403.83,35459.34,35340.98125000002,1370.8101562500008,2404.0140625000013,35458.48765625002
2026-04-23,16:51:00.000,2026-04-23 16:51:00,35341.83,1369.66,2403.81,35459.25,35340.88125000001,1370.740156250001,2403.9940625000017,35458.397656250025
2026-04-23,16:52:00.000,2026-04-23 16:52:00,35342.43,1369.42,2403.27,35459.81,35341.481250000004,1370.5001562500013,2403.454062500002,35458.95765625002
2026-04-23,16:53:00.000,2026-04-23 16:53:00,35342.28,1369.32,2403.82,35459.68,35341.33125000001,1370.400156250001,2404.004062500002,35458.82765625002
2026-04-23,16:54:00.000,2026-04-23 16:54:00,35342.41,1369.45,2403.53,35459.78,35341.46125000002,1370.5301562500013,2403.714062500002,35458.92765625002
2026-04-23,16:55:00.000,2026-04-23 16:55:00,35342.58,1369.45,2403.86,35459.99,35341.63125000002,1370.5301562500013,2404.044062500002,35459.137656250015
2026-04-23,16:56:00.000,2026-04-23 16:56:00,35342.9,1369.49,2403.7,35460.3,35340.53375000002,1371.2014062500014,2403.7553125000018,35458.06140625002
2026-04-23,16:57:00.000,2026-04-23 16:57:00,35343.24,1369.37,2404.04,35460.63,35340.87375000001,1371.081406250001,2404.095312500002,35458.391406250004
2026-04-23,16:58:00.000,2026-04-23 16:58:00,35343.56,1369.13,2404.04,35460.96,35341.19375000001,1370.8414062500012,2404.0953125000015,35458.72140625001
2026-04-23,16:59:00.000,2026-04-23 16:59:00,35343.85,1369.0,2403.81,35461.22,35341.48375000001,1370.7114062500011,2403.865312500002,35458.98140625002
2026-04-23,17:00:00.000,2026-04-23 17:00:00,35343.54,1368.86,2404.36,35460.94,35341.173750000016,1370.5714062500008,2404.415312500002,35458.701406250024
2026-04-23,17:01:00.000,2026-04-23 17:01:00,35343.85,1368.81,2403.33,35461.21,35341.483750000014,1370.521406250001,2403.3853125000014,35458.97140625003
2026-04-23,17:02:00.000,2026-04-23 17:02:00,35343.66,1368.64,2403.85,35461.03,35341.293750000026,1370.351406250001,2403.905312500002,35458.79140625002
2026-04-23,17:03:00.000,2026-04-23 17:03:00,35343.65,1368.63,2403.85,35461.02,35341.28375000002,1370.3414062500012,2403.905312500002,35458.78140625001
2026-04-23,17:04:00.000,2026-04-23 17:04:00,35343.6,1368.58,2404.05,35460.98,35343.14906250003,1368.036718750001,2404.133750000002,35460.512187500026
2026-04-23,17:05:00.000,2026-04-23 17:05:00,35343.86,1368.64,2403.85,35461.23,35343.40906250004,1368.096718750001,2403.933750000002,35460.762187500026
2026-04-23,17:06:00.000,2026-04-23 17:06:00,35343.25,1368.69,2404.07,35460.67,35342.79906250004,1368.1467187500011,2404.153750000001,35460.20218750002
2026-04-23,17:07:00.000,2026-04-23 17:07:00,35343.25,1368.66,2403.77,35460.64,35342.79906250004,1368.1167187500014,2403.8537500000007,35460.17218750002
2026-04-23,17:08:00.000,2026-04-23 17:08:00,35343.08,1368.62,2403.95,35460.49,35342.629062500026,1368.0767187500012,2404.033750000001,35460.02218750002
2026-04-23,17:09:00.000,2026-04-23 17:09:00,35342.79,1368.66,2403.88,35460.19,35342.33906250003,1368.1167187500012,2403.9637500000013,35459.72218750002
2026-04-23,17:10:00.000,2026-04-23 17:10:00,35342.4,1368.82,2403.84,35459.81,35341.949062500025,1368.276718750001,2403.9237500000017,35459.34218750003
2026-04-23,17:11:00.000,2026-04-23 17:11:00,35342.05,1368.87,2403.87,35459.45,35341.599062500034,1368.3267187500012,2403.9537500000015,35458.98218750003
2026-04-23,17:12:00.000,2026-04-23 17:12:00,35341.86,1369.01,2403.64,35459.25,35342.607812500035,1368.270468750001,2403.8325000000013,35459.98218750003
2026-04-23,17:13:00.000,2026-04-23 17:13:00,35341.74,1368.97,2403.86,35459.15,35342.48781250004,1368.2304687500011,2404.0525000000016,35459.88218750002
2026-04-23,17:14:00.000,2026-04-23 17:14:00,35341.61,1369.01,2403.81,35459.03,35342.357812500035,1368.2704687500006,2404.002500000001,35459.76218750002
2026-04-23,17:15:00.000,2026-04-23 17:15:00,35341.74,1369.0,2403.77,35459.14,35342.48781250004,1368.2604687500009,2403.962500000001,35459.87218750002
2026-04-23,17:16:00.000,2026-04-23 17:16:00,35341.79,1368.94,2403.77,35459.18,35342.537812500035,1368.2004687500014,2403.9625000000015,35459.91218750003
2026-04-23,17:17:00.000,2026-04-23 17:17:00,35341.82,1368.85,2403.87,35459.21,35342.567812500034,1368.1104687500012,2404.062500000001,35459.942187500026
2026-04-23,17:18:00.000,2026-04-23 17:18:00,35342.03,1368.73,2403.78,35459.4,35342.77781250002,1367.9904687500014,2403.9725000000017,35460.132187500036
2026-04-23,17:19:00.000,2026-04-23 17:19:00,35342.1,1368.6,2403.91,35459.5,35342.847812500026,1367.8604687500012,2404.102500000002,35460.23218750003
2026-04-23,17:20:00.000,2026-04-23 17:20:00,35342.28,1368.44,2403.94,35459.65,35341.88531250003,1368.5842187500014,2403.9625000000015,35459.270937500034
2026-04-23,17:21:00.000,2026-04-23 17:21:00,35342.57,1368.41,2403.7,35459.93,35342.17531250004,1368.5542187500012,2403.7225000000008,35459.55093750003
2026-04-23,17:22:00.000,2026-04-23 17:22:00,35342.99,1368.02,2403.78,35460.35,35342.59531250004,1368.164218750001,2403.802500000001,35459.97093750003
2026-04-23,17:23:00.000,2026-04-23 17:23:00,35342.86,1367.96,2404.18,35460.25,35342.46531250003,1368.104218750001,2404.202500000001,35459.870937500025
2026-04-23,17:24:00.000,2026-04-23 17:24:00,35343.1,1367.84,2403.99,35460.46,35342.70531250003,1367.984218750001,2404.0125000000016,35460.08093750002
2026-04-23,17:25:00.000,2026-04-23 17:25:00,35343.3,1367.81,2403.86,35460.63,35342.90531250003,1367.9542187500012,2403.8825000000015,35460.250937500015
2026-04-23,17:26:00.000,2026-04-23 17:26:00,35343.21,1367.79,2404.16,35460.59,35342.81531250003,1367.934218750001,2404.1825000000017,35460.210937500015
2026-04-23,17:27:00.000,2026-04-23 17:27:00,35343.52,1367.77,2404.16,35460.89,35343.12531250003,1367.914218750001,2404.1825000000017,35460.51093750002
2026-04-23,17:28:00.000,2026-04-23 17:28:00,35343.7,1367.7,2404.21,35461.07,35342.78906250003,1368.007968750001,2404.2812500000014,35460.18468750003
2026-04-23,17:29:00.000,2026-04-23 17:29:00,35343.66,1367.78,2404.0,35461.01,35342.749062500036,1368.087968750001,2404.0712500000013,35460.12468750003
2026-04-23,17:30:00.000,2026-04-23 17:30:00,35344.12,1367.78,2403.38,35461.42,35343.209062500035,1368.087968750001,2403.4512500000014,35460.53468750001
2026-04-23,17:31:00.000,2026-04-23 17:31:00,35343.54,1367.82,2404.03,35460.9,35342.62906250003,1368.127968750001,2404.101250000001,35460.01468750002
2026-04-23,17:32:00.000,2026-04-23 17:32:00,35343.52,1367.86,2403.99,35460.88,35342.60906250003,1368.1679687500011,2404.0612500000016,35459.994687500024
2026-04-23,17:33:00.000,2026-04-23 17:33:00,35343.3,1367.87,2403.99,35460.66,35342.38906250003,1368.1779687500014,2404.0612500000016,35459.77468750002
2026-04-23,17:34:00.000,2026-04-23 17:34:00,35342.94,1367.96,2404.05,35460.33,35342.029062500034,1368.2679687500013,2404.121250000001,35459.44468750003
2026-04-23,17:35:00.000,2026-04-23 17:35:00,35343.18,1367.96,2403.73,35460.53,35342.269062500025,1368.2679687500013,2403.8012500000013,35459.644687500026
2026-04-23,17:36:00.000,2026-04-23 17:36:00,35343.23,1367.97,2403.84,35460.58,35342.47906250003,1368.322968750001,2404.0700000000015,35459.85218750002
2026-04-23,17:37:00.000,2026-04-23 17:37:00,35343.55,1367.92,2403.51,35460.89,35342.79906250004,1368.272968750001,2403.7400000000016,35460.16218750002
2026-04-23,17:38:00.000,2026-04-23 17:38:00,35343.48,1367.8,2403.94,35460.85,35342.72906250003,1368.152968750001,2404.170000000002,35460.12218750003
2026-04-23,17:39:00.000,2026-04-23 17:39:00,35343.78,1367.8,2403.37,35461.1,35343.029062500034,1368.152968750001,2403.6000000000013,35460.37218750003
2026-04-23,17:40:00.000,2026-04-23 17:40:00,35343.29,1367.79,2403.89,35460.67,35342.53906250003,1368.142968750001,2404.1200000000003,35459.942187500026
2026-04-23,17:41:00.000,2026-04-23 17:41:00,35343.36,1367.67,2403.8,35460.72,35342.609062500036,1368.0229687500012,2404.030000000001,35459.99218750003
2026-04-23,17:42:00.000,2026-04-23 17:42:00,35342.95,1367.75,2404.0,35460.34,35342.19906250003,1368.1029687500013,2404.230000000001,35459.612187500024
2026-04-23,17:43:00.000,2026-04-23 17:43:00,35343.04,1367.67,2403.76,35460.39,35342.28906250003,1368.0229687500014,2403.990000000001,35459.66218750003
2026-04-23,17:44:00.000,2026-04-23 17:44:00,35342.91,1367.8,2403.72,35460.25,35342.75781250003,1368.3042187500012,2403.781250000001,35460.13343750002
2026-04-23,17:45:00.000,2026-04-23 17:45:00,35342.92,1367.69,2403.82,35460.27,35342.767812500024,1368.194218750001,2403.8812500000013,35460.15343750003
2026-04-23,17:46:00.000,2026-04-23 17:46:00,35343.12,1367.68,2403.4,35460.41,35342.96781250003,1368.1842187500013,2403.4612500000007,35460.293437500026
2026-04-23,17:47:00.000,2026-04-23 17:47:00,35342.57,1367.72,2404.24,35459.95,35342.417812500025,1368.2242187500012,2404.301250000001,35459.83343750002
2026-04-23,17:48:00.000,2026-04-23 17:48:00,35342.92,1367.59,2403.8,35460.23,35342.76781250004,1368.094218750001,2403.8612500000017,35460.113437500026
2026-04-23,17:49:00.000,2026-04-23 17:49:00,35342.71,1367.56,2403.95,35460.07,35342.55781250003,1368.0642187500011,2404.0112500000014,35459.95343750002
2026-04-23,17:50:00.000,2026-04-23 17:50:00,35342.62,1367.6,2404.01,35459.97,35342.46781250004,1368.104218750001,2404.071250000002,35459.85343750002
2026-04-23,17:51:00.000,2026-04-23 17:51:00,35342.12,1367.52,2404.52,35459.5,35341.96781250004,1368.0242187500012,2404.581250000001,35459.38343750002
2026-04-23,17:52:00.000,2026-04-23 17:52:00,35342.53,1367.75,2403.24,35459.83,35343.326562500035,1367.769218750001,2403.1312500000004,35460.619687500024
2026-04-23,17:53:00.000,2026-04-23 17:53:00,35342.32,1367.87,2404.07,35459.69,35343.11656250003,1367.889218750001,2403.961250000001,35460.479687500025
2026-04-23,17:54:00.000,2026-04-23 17:54:00,35342.54,1367.87,2403.54,35459.87,35343.33656250003,1367.8892187500012,2403.431250000001,35460.659687500025
2026-04-23,17:55:00.000,2026-04-23 17:55:00,35341.91,1368.13,2404.41,35459.32,35342.706562500025,1368.1492187500014,2404.301250000001,35460.10968750002
2026-04-23,17:56:00.000,2026-04-23 17:56:00,35341.79,1368.26,2404.41,35459.2,35342.58656250003,1368.279218750001,2404.3012500000013,35459.98968750002
2026-04-23,17:57:00.000,2026-04-23 17:57:00,35341.23,1368.36,2404.28,35458.65,35342.02656250003,1368.379218750001,2404.1712500000012,35459.43968750003
2026-04-23,17:58:00.000,2026-04-23 17:58:00,35341.1,1368.37,2404.37,35458.52,35341.896562500035,1368.3892187500012,2404.2612500000014,35459.30968750002
2026-04-23,17:59:00.000,2026-04-23 17:59:00,35340.88,1368.43,2404.5,35458.32,35341.67656250003,1368.4492187500011,2404.3912500000015,35459.10968750002
2026-04-23,18:00:00.000,2026-04-23 18:00:00,35340.99,1368.26,2404.58,35458.43,35342.10531250003,1368.2142187500012,2404.0275000000015,35459.48468750002
2026-04-23,18:01:00.000,2026-04-23 18:01:00,35341.27,1368.3,2404.45,35458.68,35342.38531250003,1368.2542187500012,2403.8975000000014,35459.73468750002
2026-04-23,18:02:00.000,2026-04-23 18:02:00,35341.43,1368.32,2404.56,35458.88,35342.54531250004,1368.2742187500012,2404.007500000002,35459.93468750003
2026-04-23,18:03:00.000,2026-04-23 18:03:00,35341.6,1368.28,2404.34,35459.04,35342.71531250004,1368.2342187500012,2403.7875000000017,35460.09468750003
2026-04-23,18:04:00.000,2026-04-23 18:04:00,35341.69,1368.06,2404.42,35459.11,35342.80531250003,1368.0142187500012,2403.8675000000007,35460.164687500015
2026-04-23,18:05:00.000,2026-04-23 18:05:00,35341.49,1368.12,2404.66,35458.94,35342.60531250003,1368.0742187500011,2404.1075000000005,35459.99468750002
2026-04-23,18:06:00.000,2026-04-23 18:06:00,35341.52,1368.1,2404.8,35458.98,35342.635312500024,1368.0542187500012,2404.2475000000018,35460.034687500025
2026-04-23,18:07:00.000,2026-04-23 18:07:00,35341.76,1368.12,2404.56,35459.22,35342.87531250003,1368.0742187500011,2404.007500000001,35460.274687500016
2026-04-23,18:08:00.000,2026-04-23 18:08:00,35341.84,1368.13,2404.32,35459.29,35343.164375000044,1368.2604687500013,2404.788750000001,35460.65718750002
2026-04-23,18:09:00.000,2026-04-23 18:09:00,35341.67,1368.05,2404.88,35459.16,35342.994375000046,1368.1804687500014,2405.3487500000006,35460.52718750003
2026-04-23,18:10:00.000,2026-04-23 18:10:00,35341.43,1368.16,2404.8,35458.95,35342.75437500004,1368.290468750001,2405.268750000001,35460.317187500026
2026-04-23,18:11:00.000,2026-04-23 18:11:00,35341.29,1368.22,2404.54,35458.77,35342.61437500004,1368.350468750001,2405.008750000001,35460.13718750002
2026-04-23,18:12:00.000,2026-04-23 18:12:00,35341.18,1368.13,2404.61,35458.68,35342.504375000026,1368.2604687500013,2405.078750000001,35460.047187500015
2026-04-23,18:13:00.000,2026-04-23 18:13:00,35340.95,1368.19,2404.4,35458.46,35342.27437500003,1368.3204687500013,2404.868750000001,35459.827187500014
2026-04-23,18:14:00.000,2026-04-23 18:14:00,35340.9,1368.24,2404.41,35458.41,35342.22437500004,1368.3704687500012,2404.878750000001,35459.777187500025
2026-04-23,18:15:00.000,2026-04-23 18:15:00,35340.8,1368.31,2404.82,35458.35,35342.124375000036,1368.440468750001,2405.288750000002,35459.71718750001
2026-04-23,18:16:00.000,2026-04-23 18:16:00,35341.22,1368.3,2404.5,35458.74,35342.10937500003,1368.3442187500013,2404.8862500000014,35459.63468750001
2026-04-23,18:17:00.000,2026-04-23 18:17:00,35341.32,1368.39,2404.58,35458.86,35342.209375000035,1368.4342187500015,2404.9662500000013,35459.75468750002
2026-04-23,18:18:00.000,2026-04-23 18:18:00,35341.4,1368.26,2404.9,35458.97,35342.289375000044,1368.3042187500014,2405.286250000001,35459.86468750002
2026-04-23,18:19:00.000,2026-04-23 18:19:00,35341.56,1368.34,2404.51,35459.09,35342.44937500003,1368.3842187500013,2404.8962500000016,35459.984687500015
2026-04-23,18:20:00.000,2026-04-23 18:20:00,35341.51,1368.31,2404.95,35459.06,35342.39937500004,1368.3542187500009,2405.3362500000007,35459.95468750003
2026-04-23,18:21:00.000,2026-04-23 18:21:00,35342.18,1368.22,2404.12,35459.68,35343.069375000036,1368.2642187500012,2404.506250000001,35460.574687500026
2026-04-23,18:22:00.000,2026-04-23 18:22:00,35342.15,1368.2,2404.77,35459.7,35343.039375000044,1368.2442187500012,2405.1562500000014,35460.59468750002
2026-04-23,18:23:00.000,2026-04-23 18:23:00,35342.2,1368.1,2405.11,35459.75,35343.08937500003,1368.1442187500008,2405.4962500000015,35460.644687500026
2026-04-23,18:24:00.000,2026-04-23 18:24:00,35342.36,1368.02,2404.96,35459.91,35342.804375000036,1368.155468750001,2405.001250000001,35460.33468750003
2026-04-23,18:25:00.000,2026-04-23 18:25:00,35342.44,1368.1,2404.75,35459.99,35342.88437500004,1368.235468750001,2404.791250000001,35460.414687500015
2026-04-23,18:26:00.000,2026-04-23 18:26:00,35342.19,1368.17,2405.09,35459.76,35342.63437500003,1368.3054687500012,2405.131250000001,35460.18468750003
2026-04-23,18:27:00.000,2026-04-23 18:27:00,35342.05,1368.15,2404.96,35459.62,35342.49437500003,1368.2854687500012,2405.0012500000007,35460.04468750003
2026-04-23,18:28:00.000,2026-04-23 18:28:00,35341.87,1368.26,2405.02,35459.44,35342.31437500004,1368.395468750001,2405.061250000001,35459.86468750002
2026-04-23,18:29:00.000,2026-04-23 18:29:00,35342.08,1368.21,2404.98,35459.64,35342.524375000045,1368.3454687500014,2405.021250000001,35460.06468750002
2026-04-23,18:30:00.000,2026-04-23 18:30:00,35342.13,1368.19,2405.14,35459.69,35342.57437500004,1368.3254687500014,2405.181250000001,35460.11468750002
2026-04-23,18:31:00.000,2026-04-23 18:31:00,35341.98,1368.29,2405.3,35459.56,35342.424375000046,1368.4254687500013,2405.341250000001,35459.984687500015
2026-04-23,18:32:00.000,2026-04-23 18:32:00,35342.05,1368.19,2404.72,35459.6,35342.92687500004,1368.0754687500014,2404.768750000001,35460.44343750001
2026-04-23,18:33:00.000,2026-04-23 18:33:00,35341.64,1368.43,2404.95,35459.22,35342.51687500004,1368.3154687500012,2404.9987500000007,35460.06343750001
2026-04-23,18:34:00.000,2026-04-23 18:34:00,35341.68,1368.38,2405.0,35459.25,35342.55687500003,1368.2654687500014,2405.0487500000017,35460.09343750001
2026-04-23,18:35:00.000,2026-04-23 18:35:00,35341.55,1368.41,2405.16,35459.13,35342.42687500004,1368.2954687500012,2405.2087500000016,35459.97343750001
2026-04-23,18:36:00.000,2026-04-23 18:36:00,35341.76,1368.52,2404.79,35459.32,35342.63687500004,1368.405468750001,2404.838750000001,35460.16343750003
2026-04-23,18:37:00.000,2026-04-23 18:37:00,35341.77,1368.45,2405.12,35459.35,35342.646875000035,1368.3354687500014,2405.1687500000007,35460.19343750003
2026-04-23,18:38:00.000,2026-04-23 18:38:00,35341.63,1368.48,2405.26,35459.24,35342.50687500004,1368.365468750001,2405.3087500000015,35460.08343750003
2026-04-23,18:39:00.000,2026-04-23 18:39:00,35341.56,1368.53,2405.14,35459.15,35342.436875000036,1368.415468750001,2405.1887500000016,35459.99343750003
2026-04-23,18:40:00.000,2026-04-23 18:40:00,35341.45,1368.37,2405.22,35459.04,35342.77812500004,1368.4617187500014,2405.2575000000006,35460.34968750002
2026-04-23,18:41:00.000,2026-04-23 18:41:00,35341.26,1368.21,2405.18,35458.84,35342.58812500004,1368.3017187500016,2405.2175000000007,35460.14968750002
2026-04-23,18:42:00.000,2026-04-23 18:42:00,35341.15,1368.16,2404.91,35458.72,35342.478125000045,1368.2517187500014,2404.947500000001,35460.02968750002
2026-04-23,18:43:00.000,2026-04-23 18:43:00,35340.99,1368.24,2404.92,35458.56,35342.31812500004,1368.3317187500013,2404.9575000000013,35459.86968750002
2026-04-23,18:44:00.000,2026-04-23 18:44:00,35341.0,1368.26,2404.85,35458.56,35342.32812500004,1368.351718750001,2404.8875000000007,35459.86968750001
2026-04-23,18:45:00.000,2026-04-23 18:45:00,35341.02,1368.21,2405.02,35458.59,35342.348125000026,1368.3017187500013,2405.057500000001,35459.89968750001
2026-04-23,18:46:00.000,2026-04-23 18:46:00,35341.28,1368.19,2405.12,35458.82,35342.608125000035,1368.2817187500011,2405.157500000001,35460.129687500026
2026-04-23,18:47:00.000,2026-04-23 18:47:00,35341.88,1368.1,2405.01,35459.4,35343.20812500004,1368.191718750001,2405.0475000000015,35460.70968750003
2026-04-23,18:48:00.000,2026-04-23 18:48:00,35341.63,1368.3,2405.71,35459.21,35340.24687500004,1368.6204687500012,2405.262500000001,35457.835937500015
2026-04-23,18:49:00.000,2026-04-23 18:49:00,35342.65,1368.2,2404.97,35460.15,35341.266875000045,1368.5204687500013,2404.5225000000014,35458.77593750002
2026-04-23,18:50:00.000,2026-04-23 18:50:00,35342.73,1368.44,2405.56,35460.29,35341.34687500004,1368.7604687500016,2405.1125000000015,35458.915937500016
2026-04-23,18:51:00.000,2026-04-23 18:51:00,35343.55,1368.24,2405.56,35461.09,35342.166875000046,1368.5604687500013,2405.1125000000015,35459.71593750002
2026-04-23,18:52:00.000,2026-04-23 18:52:00,35344.16,1368.11,2405.53,35461.7,35342.77687500003,1368.4304687500012,2405.0825000000013,35460.32593750003
2026-04-23,18:53:00.000,2026-04-23 18:53:00,35344.81,1367.92,2405.69,35462.35,35343.42687500003,1368.2404687500011,2405.242500000001,35460.97593750002
2026-04-23,18:54:00.000,2026-04-23 18:54:00,35345.82,1367.51,2405.55,35463.34,35344.436875000036,1367.8304687500013,2405.102500000001,35461.96593750002
2026-04-23,18:55:00.000,2026-04-23 18:55:00,35346.37,1367.19,2405.54,35463.87,35344.98687500004,1367.510468750001,2405.0925000000007,35462.49593750002
2026-04-23,18:56:00.000,2026-04-23 18:56:00,35346.23,1366.94,2405.94,35463.75,35343.25312500004,1367.726718750001,2405.5337500000014,35460.80093750001
2026-04-23,18:57:00.000,2026-04-23 18:57:00,35346.43,1366.77,2405.62,35463.92,35343.45312500004,1367.556718750001,2405.213750000001,35460.97093750001
2026-04-23,18:58:00.000,2026-04-23 18:58:00,35346.33,1366.99,2405.65,35463.84,35343.35312500004,1367.7767187500012,2405.2437500000015,35460.890937500015
2026-04-23,18:59:00.000,2026-04-23 18:59:00,35346.02,1367.24,2405.64,35463.54,35343.04312500004,1368.0267187500012,2405.2337500000012,35460.59093750001
2026-04-23,19:00:00.000,2026-04-23 19:00:00,35345.85,1367.44,2405.4,35463.35,35342.873125000035,1368.2267187500015,2404.993750000001,35460.40093750003
2026-04-23,19:01:00.000,2026-04-23 19:01:00,35345.09,1367.68,2405.59,35462.63,35342.11312500004,1368.4667187500013,2405.1837500000015,35459.68093750003
2026-04-23,19:02:00.000,2026-04-23 19:02:00,35344.74,1368.29,2404.73,35462.23,35341.763125000034,1369.0767187500014,2404.3237500000005,35459.280937500036
2026-04-23,19:03:00.000,2026-04-23 19:03:00,35343.78,1368.83,2405.21,35461.34,35340.80312500004,1369.6167187500014,2404.803750000001,35458.39093750002
2026-04-23,19:04:00.000,2026-04-23 19:04:00,35343.66,1369.24,2404.66,35461.17,35343.15687500004,1367.8454687500011,2404.531250000001,35460.65343750002
2026-04-23,19:05:00.000,2026-04-23 19:05:00,35343.15,1369.41,2404.94,35460.69,35342.64687500003,1368.0154687500012,2404.8112500000016,35460.17343750002
2026-04-23,19:06:00.000,2026-04-23 19:06:00,35343.24,1369.56,2404.81,35460.77,35342.73687500003,1368.165468750001,2404.681250000001,35460.25343750002
2026-04-23,19:07:00.000,2026-04-23 19:07:00,35343.03,1369.49,2405.2,35460.58,35342.52687500004,1368.0954687500014,2405.0712500000004,35460.063437500015
2026-04-23,19:08:00.000,2026-04-23 19:08:00,35342.66,1369.76,2405.48,35460.23,35342.156875000044,1368.3654687500011,2405.351250000001,35459.713437500024
2026-04-23,19:09:00.000,2026-04-23 19:09:00,35342.87,1369.89,2405.38,35460.45,35342.36687500005,1368.4954687500012,2405.2512500000016,35459.93343750001
2026-04-23,19:10:00.000,2026-04-23 19:10:00,35342.93,1370.06,2405.55,35460.52,35342.426875000034,1368.6654687500009,2405.421250000001,35460.00343750002
2026-04-23,19:11:00.000,2026-04-23 19:11:00,35343.14,1370.22,2405.54,35460.73,35342.63687500004,1368.8254687500012,2405.4112500000006,35460.213437500024
2026-04-23,19:12:00.000,2026-04-23 19:12:00,35343.43,1370.07,2405.78,35461.03,35343.39203125001,1369.3425000000009,2405.609531250003,35460.84968750002
2026-04-23,19:13:00.000,2026-04-23 19:13:00,35343.95,1369.99,2405.46,35461.53,35343.912031250016,1369.262500000001,2405.2895312500023,35461.34968750002
2026-04-23,19:14:00.000,2026-04-23 19:14:00,35344.1,1369.88,2405.67,35461.68,35344.06203125002,1369.152500000001,2405.4995312500023,35461.499687500036
2026-04-23,19:15:00.000,2026-04-23 19:15:00,35344.21,1369.55,2405.82,35461.79,35344.17203125002,1368.8225000000011,2405.649531250003,35461.60968750004
2026-04-23,19:16:00.000,2026-04-23 19:16:00,35344.23,1369.34,2405.61,35461.8,35344.19203125003,1368.612500000001,2405.439531250002,35461.619687500024
2026-04-23,19:17:00.000,2026-04-23 19:17:00,35344.04,1369.08,2405.77,35461.61,35344.00203125003,1368.3525000000009,2405.5995312500017,35461.42968750002
2026-04-23,19:18:00.000,2026-04-23 19:18:00,35344.21,1368.93,2405.29,35461.74,35344.17203125002,1368.2025000000012,2405.1195312500013,35461.55968750003
2026-04-23,19:19:00.000,2026-04-23 19:19:00,35344.23,1368.82,2404.94,35461.75,35344.19203125002,1368.092500000001,2404.769531250002,35461.56968750002
2026-04-23,19:20:00.000,2026-04-23 19:20:00,35343.91,1368.78,2405.23,35461.43,35343.87578125002,1368.826250000001,2405.4532812500024,35461.33968750002
2026-04-23,19:21:00.000,2026-04-23 19:21:00,35344.01,1368.76,2404.73,35461.47,35343.975781250025,1368.806250000001,2404.9532812500024,35461.37968750001
2026-04-23,19:22:00.000,2026-04-23 19:22:00,35344.02,1368.76,2404.74,35461.49,35343.98578125001,1368.8062500000012,2404.9632812500013,35461.399687500016
2026-04-23,19:23:00.000,2026-04-23 19:23:00,35343.98,1368.63,2405.0,35461.47,35343.94578125002,1368.6762500000011,2405.2232812500015,35461.379687500026
2026-04-23,19:24:00.000,2026-04-23 19:24:00,35343.79,1368.67,2405.42,35461.3,35343.75578125002,1368.716250000001,2405.6432812500025,35461.20968750004
2026-04-23,19:25:00.000,2026-04-23 19:25:00,35344.29,1368.63,2404.96,35461.77,35344.25578125002,1368.6762500000011,2405.1832812500024,35461.67968750003
2026-04-23,19:26:00.000,2026-04-23 19:26:00,35344.12,1368.63,2405.53,35461.62,35344.08578125003,1368.6762500000016,2405.753281250002,35461.529687500035
2026-04-23,19:27:00.000,2026-04-23 19:27:00,35344.25,1368.61,2405.58,35461.66,35344.21578125002,1368.6562500000011,2405.8032812500023,35461.56968750003
2026-04-23,19:28:00.000,2026-04-23 19:28:00,35344.54,1368.5,2405.29,35461.91,35343.763281250016,1369.0250000000012,2405.6707812500017,35461.20468750002
2026-04-23,19:29:00.000,2026-04-23 19:29:00,35344.8,1368.48,2405.05,35462.15,35344.023281250025,1369.0050000000012,2405.430781250002,35461.44468750003
2026-04-23,19:30:00.000,2026-04-23 19:30:00,35345.02,1368.36,2404.87,35462.36,35344.24328125001,1368.885000000001,2405.250781250002,35461.65468750003
2026-04-23,19:31:00.000,2026-04-23 19:31:00,35345.07,1368.18,2404.65,35462.41,35344.293281250015,1368.705000000001,2405.030781250002,35461.70468750003
2026-04-23,19:32:00.000,2026-04-23 19:32:00,35345.12,1368.03,2404.33,35462.42,35344.343281250025,1368.5550000000012,2404.7107812500026,35461.714687500025
2026-04-23,19:33:00.000,2026-04-23 19:33:00,35344.54,1368.03,2405.19,35461.91,35343.76328125002,1368.5550000000012,2405.5707812500023,35461.20468750003
2026-04-23,19:34:00.000,2026-04-23 19:34:00,35344.72,1368.07,2405.02,35462.09,35343.94328125002,1368.5950000000012,2405.400781250002,35461.384687500016
2026-04-23,19:35:00.000,2026-04-23 19:35:00,35344.5,1367.99,2405.53,35461.88,35343.72328125002,1368.5150000000012,2405.9107812500024,35461.17468750001
2026-04-23,19:36:00.000,2026-04-23 19:36:00,35344.61,1368.21,2405.63,35462.0,35343.90203125002,1368.7075000000011,2405.8307812500025,35461.36468750003
2026-04-23,19:37:00.000,2026-04-23 19:37:00,35344.78,1368.16,2405.5,35462.16,35344.07203125002,1368.6575000000014,2405.7007812500024,35461.52468750003
2026-04-23,19:38:00.000,2026-04-23 19:38:00,35345.07,1368.23,2405.25,35462.43,35344.36203125002,1368.727500000001,2405.4507812500024,35461.794687500034
2026-04-23,19:39:00.000,2026-04-23 19:39:00,35345.11,1368.14,2405.21,35462.46,35344.402031250014,1368.6375000000014,2405.4107812500024,35461.82468750003
2026-04-23,19:40:00.000,2026-04-23 19:40:00,35344.95,1368.27,2405.07,35462.29,35344.24203125002,1368.767500000001,2405.270781250002,35461.65468750002
2026-04-23,19:41:00.000,2026-04-23 19:41:00,35344.69,1368.29,2404.95,35462.01,35343.98203125002,1368.787500000001,2405.150781250002,35461.37468750002
2026-04-23,19:42:00.000,2026-04-23 19:42:00,35344.49,1368.28,2404.81,35461.82,35343.78203125002,1368.777500000001,2405.010781250002,35461.18468750002
2026-04-23,19:43:00.000,2026-04-23 19:43:00,35344.06,1368.28,2404.95,35461.4,35343.352031250026,1368.777500000001,2405.1507812500013,35460.76468750002
2026-04-23,19:44:00.000,2026-04-23 19:44:00,35343.54,1368.37,2405.36,35460.9,35344.289531250026,1368.198750000001,2405.390781250002,35461.66968750003
2026-04-23,19:45:00.000,2026-04-23 19:45:00,35343.28,1368.51,2405.32,35460.67,35344.02953125002,1368.3387500000013,2405.350781250002,35461.43968750002
2026-04-23,19:46:00.000,2026-04-23 19:46:00,35343.07,1368.68,2405.2,35460.46,35343.81953125001,1368.508750000001,2405.2307812500017,35461.22968750001
2026-04-23,19:47:00.000,2026-04-23 19:47:00,35343.03,1368.79,2405.16,35460.42,35343.77953125002,1368.6187500000012,2405.1907812500017,35461.18968750002
2026-04-23,19:48:00.000,2026-04-23 19:48:00,35343.17,1368.98,2405.32,35460.58,35343.91953125002,1368.8087500000013,2405.3507812500025,35461.349687500035
2026-04-23,19:49:00.000,2026-04-23 19:49:00,35343.16,1369.25,2405.37,35460.59,35343.90953125003,1369.0787500000013,2405.4007812500026,35461.35968750003
2026-04-23,19:50:00.000,2026-04-23 19:50:00,35343.27,1369.32,2405.45,35460.7,35344.01953125002,1369.1487500000012,2405.480781250002,35461.46968750003
2026-04-23,19:51:00.000,2026-04-23 19:51:00,35343.58,1369.31,2405.55,35461.01,35344.32953125002,1369.138750000001,2405.5807812500025,35461.77968750004
2026-04-23,19:52:00.000,2026-04-23 19:52:00,35343.93,1369.38,2405.57,35461.35,35343.73578125003,1369.1200000000013,2405.2807812500023,35461.15968750002
2026-04-23,19:53:00.000,2026-04-23 19:53:00,35344.35,1369.33,2405.5,35461.76,35344.155781250025,1369.070000000001,2405.2107812500017,35461.56968750002
2026-04-23,19:54:00.000,2026-04-23 19:54:00,35344.43,1369.21,2405.76,35461.87,35344.23578125002,1368.950000000001,2405.470781250003,35461.67968750002
2026-04-23,19:55:00.000,2026-04-23 19:55:00,35344.39,1369.03,2405.86,35461.83,35344.195781250026,1368.7700000000007,2405.5707812500023,35461.63968750003
2026-04-23,19:56:00.000,2026-04-23 19:56:00,35344.5,1368.85,2405.78,35461.93,35344.30578125002,1368.590000000001,2405.4907812500023,35461.73968750002
2026-04-23,19:57:00.000,2026-04-23 19:57:00,35344.29,1368.75,2405.71,35461.7,35344.09578125001,1368.4900000000011,2405.4207812500017,35461.50968750002
2026-04-23,19:58:00.000,2026-04-23 19:58:00,35344.0,1368.69,2405.59,35461.41,35343.805781250005,1368.430000000001,2405.3007812500023,35461.21968750003
2026-04-23,19:59:00.000,2026-04-23 19:59:00,35343.76,1368.68,2405.52,35461.16,35343.565781250014,1368.4200000000012,2405.2307812500017,35460.96968750003
2026-04-23,20:00:00.000,2026-04-23 20:00:00,35343.59,1368.68,2405.53,35460.99,35343.974531250016,1368.702500000001,2405.324531250002,35461.37968750002
2026-04-23,20:01:00.000,2026-04-23 20:01:00,35343.51,1368.72,2405.54,35460.92,35343.89453125003,1368.742500000001,2405.3345312500014,35461.30968750001
2026-04-23,20:02:00.000,2026-04-23 20:02:00,35343.59,1368.82,2405.61,35461.01,35343.97453125002,1368.8425000000009,2405.404531250002,35461.39968750002
2026-04-23,20:03:00.000,2026-04-23 20:03:00,35343.58,1368.79,2405.66,35461.02,35343.96453125003,1368.8125000000011,2405.454531250002,35461.40968750002
2026-04-23,20:04:00.000,2026-04-23 20:04:00,35343.59,1368.77,2405.55,35461.02,35343.97453125001,1368.7925000000012,2405.3445312500025,35461.409687500025
2026-04-23,20:05:00.000,2026-04-23 20:05:00,35343.68,1368.66,2405.56,35461.1,35344.06453125002,1368.682500000001,2405.354531250002,35461.48968750003
2026-04-23,20:06:00.000,2026-04-23 20:06:00,35343.73,1368.62,2405.57,35461.15,35344.11453125003,1368.6425000000013,2405.3645312500025,35461.53968750004
2026-04-23,20:07:00.000,2026-04-23 20:07:00,35343.75,1368.6,2405.6,35461.16,35344.13453125002,1368.6225000000013,2405.3945312500023,35461.549687500046
2026-04-23,20:08:00.000,2026-04-23 20:08:00,35343.63,1368.59,2405.56,35461.04,35344.247031250015,1368.6575000000012,2405.3895312500026,35461.68218750002
2026-04-23,20:09:00.000,2026-04-23 20:09:00,35343.54,1368.61,2405.57,35460.94,35344.15703125002,1368.6775000000011,2405.399531250003,35461.582187500026
2026-04-23,20:10:00.000,2026-04-23 20:10:00,35343.54,1368.59,2405.59,35460.94,35344.15703125001,1368.6575000000012,2405.4195312500024,35461.582187500026
2026-04-23,20:11:00.000,2026-04-23 20:11:00,35343.54,1368.62,2405.62,35460.94,35344.15703125001,1368.6875000000014,2405.449531250002,35461.582187500026
2026-04-23,20:12:00.000,2026-04-23 20:12:00,35343.41,1368.6,2405.56,35460.81,35344.02703125002,1368.6675000000012,2405.3895312500017,35461.45218750002
2026-04-23,20:13:00.000,2026-04-23 20:13:00,35343.36,1368.68,2405.55,35460.76,35343.97703125002,1368.747500000001,2405.3795312500024,35461.40218750003
2026-04-23,20:14:00.000,2026-04-23 20:14:00,35343.11,1368.73,2405.54,35460.51,35343.72703125002,1368.797500000001,2405.3695312500013,35461.15218750002
2026-04-23,20:15:00.000,2026-04-23 20:15:00,35343.03,1368.88,2405.35,35460.41,35343.64703125002,1368.9475000000011,2405.1795312500017,35461.05218750003
2026-04-23,20:16:00.000,2026-04-23 20:16:00,35342.95,1368.88,2405.58,35460.34,35344.163750000036,1369.164687500001,2405.8856250000017,35461.609531250026
2026-04-23,20:17:00.000,2026-04-23 20:17:00,35343.1,1368.86,2405.64,35460.5,35344.31375000003,1369.144687500001,2405.945625000002,35461.76953125003
2026-04-23,20:18:00.000,2026-04-23 20:18:00,35343.2,1368.89,2405.6,35460.59,35344.41375000004,1369.1746875000015,2405.905625000002,35461.859531250026
2026-04-23,20:19:00.000,2026-04-23 20:19:00,35343.24,1368.9,2405.69,35460.66,35344.45375000004,1369.1846875000012,2405.9956250000023,35461.92953125003
2026-04-23,20:20:00.000,2026-04-23 20:20:00,35343.57,1368.88,2405.65,35460.97,35344.78375000003,1369.164687500001,2405.955625000002,35462.23953125003
2026-04-23,20:21:00.000,2026-04-23 20:21:00,35343.79,1368.83,2405.79,35461.21,35345.00375000003,1369.1146875000009,2406.0956250000013,35462.479531250036
2026-04-23,20:22:00.000,2026-04-23 20:22:00,35343.86,1368.75,2405.79,35461.28,35345.073750000025,1369.034687500001,2406.0956250000013,35462.54953125002
2026-04-23,20:23:00.000,2026-04-23 20:23:00,35344.14,1368.69,2405.43,35461.53,35345.353750000024,1368.974687500001,2405.7356250000016,35462.79953125002
2026-04-23,20:24:00.000,2026-04-23 20:24:00,35344.16,1368.61,2405.6,35461.56,35345.202500000036,1369.005937500001,2405.7931250000024,35462.63703125002
2026-04-23,20:25:00.000,2026-04-23 20:25:00,35344.11,1368.56,2405.7,35461.52,35345.15250000003,1368.9559375000013,2405.893125000002,35462.59703125003
2026-04-23,20:26:00.000,2026-04-23 20:26:00,35343.89,1368.53,2405.87,35461.32,35344.93250000004,1368.9259375000015,2406.0631250000015,35462.39703125003
2026-04-23,20:27:00.000,2026-04-23 20:27:00,35343.74,1368.58,2405.82,35461.16,35344.78250000003,1368.9759375000012,2406.0131250000013,35462.23703125004
2026-04-23,20:28:00.000,2026-04-23 20:28:00,35343.54,1368.7,2405.78,35460.96,35344.582500000026,1369.095937500001,2405.973125000002,35462.03703125003
2026-04-23,20:29:00.000,2026-04-23 20:29:00,35343.35,1368.83,2405.74,35460.79,35344.39250000002,1369.225937500001,2405.933125000002,35461.86703125003
2026-04-23,20:30:00.000,2026-04-23 20:30:00,35343.18,1368.95,2405.77,35460.62,35344.22250000003,1369.3459375000011,2405.963125000002,35461.69703125003
2026-04-23,20:31:00.000,2026-04-23 20:31:00,35343.25,1369.03,2405.79,35460.69,35344.29250000004,1369.425937500001,2405.9831250000016,35461.767031250034
2026-04-23,20:32:00.000,2026-04-23 20:32:00,35343.38,1369.06,2405.81,35460.83,35343.97750000003,1369.0659375000016,2405.8181250000016,35461.41953125003
2026-04-23,20:33:00.000,2026-04-23 20:33:00,35343.66,1368.99,2405.89,35461.12,35344.25750000004,1368.9959375000014,2405.8981250000015,35461.709531250024
2026-04-23,20:34:00.000,2026-04-23 20:34:00,35343.94,1369.0,2405.88,35461.41,35344.537500000035,1369.0059375000014,2405.8881250000027,35461.99953125004
2026-04-23,20:35:00.000,2026-04-23 20:35:00,35344.3,1369.01,2406.01,35461.76,35344.897500000036,1369.0159375000012,2406.018125000003,35462.34953125003
2026-04-23,20:36:00.000,2026-04-23 20:36:00,35344.35,1369.07,2406.0,35461.82,35344.94750000003,1369.075937500001,2406.008125000002,35462.40953125003
2026-04-23,20:37:00.000,2026-04-23 20:37:00,35344.35,1369.14,2405.99,35461.82,35344.94750000003,1369.145937500001,2405.998125000002,35462.40953125003
2026-04-23,20:38:00.000,2026-04-23 20:38:00,35344.38,1369.26,2406.0,35461.86,35344.97750000003,1369.2659375000007,2406.008125000002,35462.44953125003
2026-04-23,20:39:00.000,2026-04-23 20:39:00,35344.42,1369.38,2405.97,35461.9,35345.01750000004,1369.385937500001,2405.9781250000015,35462.48953125002
2026-04-23,20:40:00.000,2026-04-23 20:40:00,35344.4,1369.39,2405.98,35461.9,35344.14875000004,1369.524687500001,2405.940625000002,35461.63203125003
2026-04-23,20:41:00.000,2026-04-23 20:41:00,35344.43,1369.26,2406.0,35461.92,35344.178750000036,1369.3946875000008,2405.9606250000015,35461.65203125002
2026-04-23,20:42:00.000,2026-04-23 20:42:00,35344.67,1369.09,2405.99,35462.15,35344.418750000026,1369.224687500001,2405.9506250000018,35461.88203125003
2026-04-23,20:43:00.000,2026-04-23 20:43:00,35345.1,1368.93,2405.95,35462.57,35344.848750000034,1369.0646875000011,2405.910625000002,35462.30203125003
2026-04-23,20:44:00.000,2026-04-23 20:44:00,35345.19,1368.84,2406.02,35462.66,35344.93875000003,1368.9746875000012,2405.980625000002,35462.39203125003
2026-04-23,20:45:00.000,2026-04-23 20:45:00,35345.28,1368.75,2406.02,35462.75,35345.02875000003,1368.8846875000015,2405.980625000002,35462.48203125002
2026-04-23,20:46:00.000,2026-04-23 20:46:00,35345.27,1368.75,2406.01,35462.74,35345.018750000025,1368.8846875000015,2405.970625000002,35462.47203125002
2026-04-23,20:47:00.000,2026-04-23 20:47:00,35345.23,1368.87,2405.96,35462.69,35344.97875000003,1369.0046875000014,2405.920625000002,35462.42203125003
2026-04-23,20:48:00.000,2026-04-23 20:48:00,35345.15,1368.99,2405.94,35462.62,35344.67250000004,1368.9359375000013,2405.913125000002,35462.140781250026
2026-04-23,20:49:00.000,2026-04-23 20:49:00,35345.01,1369.07,2405.92,35462.47,35344.53250000004,1369.0159375000012,2405.8931250000014,35461.99078125003
2026-04-23,20:50:00.000,2026-04-23 20:50:00,35345.05,1369.15,2405.92,35462.5,35344.57250000004,1369.0959375000011,2405.8931250000014,35462.020781250016
2026-04-23,20:51:00.000,2026-04-23 20:51:00,35345.0,1369.15,2405.95,35462.45,35344.522500000036,1369.0959375000011,2405.923125000001,35461.97078125001
2026-04-23,20:52:00.000,2026-04-23 20:52:00,35345.14,1369.09,2405.98,35462.58,35344.66250000003,1369.035937500001,2405.9531250000023,35462.10078125004
2026-04-23,20:53:00.000,2026-04-23 20:53:00,35345.26,1369.16,2406.01,35462.72,35344.78250000002,1369.1059375000011,2405.983125000003,35462.24078125004
2026-04-23,20:54:00.000,2026-04-23 20:54:00,35345.38,1369.35,2406.04,35462.85,35344.90250000003,1369.2959375000014,2406.0131250000013,35462.37078125003
2026-04-23,20:55:00.000,2026-04-23 20:55:00,35345.39,1369.43,2406.07,35462.88,35344.91250000003,1369.3759375000013,2406.043125000002,35462.40078125003
2026-04-23,20:56:00.000,2026-04-23 20:56:00,35345.41,1369.39,2406.07,35462.9,35344.43000000003,1369.045937500001,2405.914375000002,35461.88203125003
2026-04-23,20:57:00.000,2026-04-23 20:57:00,35345.52,1369.35,2406.1,35463.0,35344.54000000003,1369.005937500001,2405.944375000002,35461.98203125002
2026-04-23,20:58:00.000,2026-04-23 20:58:00,35345.78,1369.31,2406.12,35463.27,35344.80000000003,1368.965937500001,2405.9643750000014,35462.25203125002
2026-04-23,20:59:00.000,2026-04-23 20:59:00,35345.83,1369.38,2406.15,35463.33,35344.850000000035,1369.0359375000012,2405.994375000002,35462.31203125003
2026-04-23,21:00:00.000,2026-04-23 21:00:00,35345.74,1369.49,2406.13,35463.25,35344.760000000024,1369.145937500001,2405.974375000002,35462.23203125003
2026-04-23,21:01:00.000,2026-04-23 21:01:00,35345.66,1369.62,2406.09,35463.17,35344.68000000004,1369.2759375000012,2405.934375000002,35462.15203125003
2026-04-23,21:02:00.000,2026-04-23 21:02:00,35345.67,1369.59,2406.08,35463.17,35344.69000000004,1369.245937500001,2405.924375000002,35462.15203125002
2026-04-23,21:03:00.000,2026-04-23 21:03:00,35345.79,1369.58,2406.12,35463.29,35344.810000000034,1369.2359375000012,2405.964375000002,35462.27203125003
2026-04-23,21:04:00.000,2026-04-23 21:04:00,35345.8,1369.57,2406.14,35463.3,35344.73875000003,1369.244687500001,2405.9418750000013,35462.217031250024
2026-04-23,21:05:00.000,2026-04-23 21:05:00,35345.78,1369.58,2406.16,35463.27,35344.71875000003,1369.2546875000012,2405.961875000002,35462.187031250025
2026-04-23,21:06:00.000,2026-04-23 21:06:00,35345.77,1369.58,2406.17,35463.26,35344.708750000034,1369.2546875000012,2405.9718750000015,35462.17703125003
2026-04-23,21:07:00.000,2026-04-23 21:07:00,35345.8,1369.54,2406.17,35463.28,35344.73875000003,1369.2146875000012,2405.9718750000015,35462.19703125002
2026-04-23,21:08:00.000,2026-04-23 21:08:00,35345.8,1369.49,2406.16,35463.29,35344.738750000026,1369.164687500001,2405.961875000002,35462.20703125003
2026-04-23,21:09:00.000,2026-04-23 21:09:00,35345.77,1369.38,2406.15,35463.25,35344.70875000003,1369.054687500001,2405.9518750000025,35462.167031250036
2026-04-23,21:10:00.000,2026-04-23 21:10:00,35345.73,1369.25,2406.15,35463.19,35344.66875000004,1368.9246875000013,2405.951875000002,35462.10703125004
2026-04-23,21:11:00.000,2026-04-23 21:11:00,35345.6,1369.17,2406.1,35463.06,35344.538750000036,1368.8446875000013,2405.901875000002,35461.97703125003
2026-04-23,21:12:00.000,2026-04-23 21:12:00,35345.43,1369.14,2406.07,35462.89,35345.34625000003,1369.042187500001,2405.9831250000016,35462.80203125002
2026-04-23,21:13:00.000,2026-04-23 21:13:00,35345.21,1369.06,2406.04,35462.66,35345.12625000003,1368.9621875000012,2405.953125000001,35462.57203125003
2026-04-23,21:14:00.000,2026-04-23 21:14:00,35345.0,1369.11,2406.02,35462.45,35344.91625000004,1369.0121875000011,2405.933125000002,35462.36203125002
2026-04-23,21:15:00.000,2026-04-23 21:15:00,35344.9,1369.24,2406.03,35462.36,35344.81625000003,1369.1421875000012,2405.943125000002,35462.272031250024
2026-04-23,21:16:00.000,2026-04-23 21:16:00,35344.72,1369.29,2406.04,35462.19,35344.63625000004,1369.192187500001,2405.9531250000023,35462.10203125003
2026-04-23,21:17:00.000,2026-04-23 21:17:00,35344.59,1369.28,2406.04,35462.05,35344.506250000035,1369.1821875000012,2405.9531250000023,35461.962031250034
2026-04-23,21:18:00.000,2026-04-23 21:18:00,35344.31,1369.31,2406.02,35461.79,35344.226250000036,1369.2121875000012,2405.9331250000023,35461.702031250024
2026-04-23,21:19:00.000,2026-04-23 21:19:00,35344.07,1369.31,2406.05,35461.55,35343.98625000003,1369.2121875000012,2405.963125000002,35461.462031250034
2026-04-23,21:20:00.000,2026-04-23 21:20:00,35343.96,1369.3,2406.08,35461.45,35344.28125000004,1370.1518750000016,2406.707031250002,35461.900156250034
2026-04-23,21:21:00.000,2026-04-23 21:21:00,35343.69,1369.27,2406.08,35461.17,35344.01125000003,1370.1218750000014,2406.707031250002,35461.620156250036
2026-04-23,21:22:00.000,2026-04-23 21:22:00,35343.64,1369.24,2406.12,35461.13,35343.96125000003,1370.0918750000014,2406.7470312500013,35461.58015625003
2026-04-23,21:23:00.000,2026-04-23 21:23:00,35343.52,1369.31,2406.12,35461.02,35343.841250000034,1370.1618750000011,2406.7470312500013,35461.47015625003
2026-04-23,21:24:00.000,2026-04-23 21:24:00,35343.33,1369.44,2406.14,35460.83,35343.65125000004,1370.2918750000015,2406.767031250001,35461.280156250024
2026-04-23,21:25:00.000,2026-04-23 21:25:00,35343.24,1369.66,2406.16,35460.75,35343.56125000003,1370.5118750000013,2406.7870312500013,35461.20015625002
2026-04-23,21:26:00.000,2026-04-23 21:26:00,35343.06,1369.8,2406.21,35460.59,35343.381250000035,1370.6518750000014,2406.837031250002,35461.04015625002
2026-04-23,21:27:00.000,2026-04-23 21:27:00,35343.05,1369.86,2406.28,35460.58,35343.37125000004,1370.7118750000013,2406.9070312500025,35461.030156250024
2026-04-23,21:28:00.000,2026-04-23 21:28:00,35343.17,1369.95,2406.34,35460.71,35342.86000000003,1370.3281250000016,2406.4757812500015,35460.46890625003
2026-04-23,21:29:00.000,2026-04-23 21:29:00,35343.27,1370.02,2406.41,35460.82,35342.960000000036,1370.3981250000013,2406.5457812500013,35460.57890625003
2026-04-23,21:30:00.000,2026-04-23 21:30:00,35343.56,1370.05,2406.51,35461.11,35343.25000000004,1370.4281250000013,2406.6457812500016,35460.868906250034
2026-04-23,21:31:00.000,2026-04-23 21:31:00,35343.91,1370.13,2406.62,35461.47,35343.60000000004,1370.5081250000012,2406.7557812500013,35461.228906250035
2026-04-23,21:32:00.000,2026-04-23 21:32:00,35344.29,1370.16,2406.72,35461.86,35343.98000000004,1370.5381250000012,2406.8557812500017,35461.61890625003
2026-04-23,21:33:00.000,2026-04-23 21:33:00,35344.52,1369.99,2406.8,35462.1,35344.210000000036,1370.368125000001,2406.9357812500016,35461.85890625002
2026-04-23,21:34:00.000,2026-04-23 21:34:00,35344.87,1369.8,2406.86,35462.45,35344.560000000034,1370.178125000001,2406.9957812500015,35462.208906250016
2026-04-23,21:35:00.000,2026-04-23 21:35:00,35344.95,1369.57,2406.86,35462.53,35344.64000000002,1369.948125000001,2406.9957812500015,35462.28890625002
2026-04-23,21:36:00.000,2026-04-23 21:36:00,35344.83,1369.44,2406.79,35462.41,35344.09000000004,1370.1706250000016,2406.8320312500014,35461.72390625004
2026-04-23,21:37:00.000,2026-04-23 21:37:00,35344.7,1369.38,2406.75,35462.27,35343.960000000036,1370.1106250000016,2406.7920312500014,35461.58390625004
2026-04-23,21:38:00.000,2026-04-23 21:38:00,35344.64,1369.59,2406.7,35462.22,35343.90000000004,1370.3206250000012,2406.742031250001,35461.533906250035
2026-04-23,21:39:00.000,2026-04-23 21:39:00,35344.58,1369.76,2406.7,35462.17,35343.84000000004,1370.4906250000013,2406.742031250001,35461.48390625003
2026-04-23,21:40:00.000,2026-04-23 21:40:00,35344.44,1369.77,2406.74,35462.03,35343.700000000026,1370.500625000001,2406.7820312500016,35461.343906250026
2026-04-23,21:41:00.000,2026-04-23 21:41:00,35344.35,1369.72,2406.75,35461.93,35343.61000000003,1370.4506250000013,2406.792031250002,35461.243906250034
2026-04-23,21:42:00.000,2026-04-23 21:42:00,35344.2,1369.63,2406.72,35461.77,35343.460000000036,1370.3606250000012,2406.762031250002,35461.08390625003
2026-04-23,21:43:00.000,2026-04-23 21:43:00,35344.24,1369.56,2406.72,35461.81,35343.50000000003,1370.290625000001,2406.762031250002,35461.123906250024
2026-04-23,21:44:00.000,2026-04-23 21:44:00,35344.11,1369.54,2406.73,35461.69,35343.86750000003,1370.0156250000011,2406.715781250002,35461.480156250036
2026-04-23,21:45:00.000,2026-04-23 21:45:00,35344.01,1369.6,2406.72,35461.59,35343.76750000004,1370.075625000001,2406.7057812500016,35461.38015625003
2026-04-23,21:46:00.000,2026-04-23 21:46:00,35343.95,1369.75,2406.73,35461.55,35343.70750000002,1370.2256250000014,2406.7157812500022,35461.34015625004
2026-04-23,21:47:00.000,2026-04-23 21:47:00,35343.78,1369.81,2406.74,35461.37,35343.53750000002,1370.2856250000013,2406.7257812500015,35461.16015625003
2026-04-23,21:48:00.000,2026-04-23 21:48:00,35343.85,1369.96,2406.77,35461.45,35343.60750000004,1370.4356250000012,2406.7557812500017,35461.240156250016
2026-04-23,21:49:00.000,2026-04-23 21:49:00,35343.93,1370.0,2406.82,35461.55,35343.687500000044,1370.4756250000012,2406.805781250002,35461.34015625002
2026-04-23,21:50:00.000,2026-04-23 21:50:00,35344.13,1370.06,2406.88,35461.74,35343.88750000004,1370.5356250000013,2406.865781250001,35461.530156250024
2026-04-23,21:51:00.000,2026-04-23 21:51:00,35344.24,1370.17,2406.93,35461.86,35343.99750000004,1370.6456250000015,2406.915781250001,35461.65015625002
2026-04-23,21:52:00.000,2026-04-23 21:52:00,35344.28,1370.19,2406.96,35461.9,35343.897500000036,1370.2356250000014,2406.705781250001,35461.50015625003
2026-04-23,21:53:00.000,2026-04-23 21:53:00,35344.31,1370.22,2406.99,35461.95,35343.927500000034,1370.2656250000011,2406.735781250001,35461.55015625002
2026-04-23,21:54:00.000,2026-04-23 21:54:00,35344.31,1370.26,2407.02,35461.96,35343.927500000034,1370.305625000001,2406.765781250001,35461.56015625002
2026-04-23,21:55:00.000,2026-04-23 21:55:00,35344.39,1370.27,2407.1,35462.05,35344.007500000036,1370.3156250000009,2406.845781250001,35461.65015625002
2026-04-23,21:56:00.000,2026-04-23 21:56:00,35344.24,1370.25,2407.09,35461.89,35343.857500000035,1370.2956250000016,2406.8357812500026,35461.49015625004
2026-04-23,21:57:00.000,2026-04-23 21:57:00,35344.1,1370.33,2407.07,35461.76,35343.717500000035,1370.3756250000015,2406.815781250002,35461.36015625003
2026-04-23,21:58:00.000,2026-04-23 21:58:00,35343.86,1370.39,2407.03,35461.51,35343.47750000002,1370.4356250000012,2406.7757812500017,35461.11015625004
2026-04-23,21:59:00.000,2026-04-23 21:59:00,35343.63,1370.42,2406.98,35461.3,35343.24750000003,1370.4656250000014,2406.7257812500015,35460.900156250034
2026-04-23,22:00:00.000,2026-04-23 22:00:00,35343.52,1370.53,2406.93,35461.19,35343.632500000036,1370.2231250000013,2406.6870312500023,35461.24015625004
2026-04-23,22:01:00.000,2026-04-23 22:01:00,35343.39,1370.51,2406.95,35461.06,35343.50250000003,1370.2031250000014,2406.707031250002,35461.11015625003
2026-04-23,22:02:00.000,2026-04-23 22:02:00,35343.46,1370.52,2406.99,35461.14,35343.57250000003,1370.2131250000014,2406.747031250002,35461.190156250035
2026-04-23,22:03:00.000,2026-04-23 22:03:00,35343.53,1370.55,2407.03,35461.21,35343.64250000004,1370.2431250000016,2406.7870312500017,35461.26015625004
2026-04-23,22:04:00.000,2026-04-23 22:04:00,35343.68,1370.64,2407.08,35461.39,35343.79250000003,1370.3331250000012,2406.837031250001,35461.44015625002
2026-04-23,22:05:00.000,2026-04-23 22:05:00,35343.82,1370.75,2407.04,35461.53,35343.93250000003,1370.4431250000014,2406.797031250001,35461.58015625002
2026-04-23,22:06:00.000,2026-04-23 22:06:00,35344.03,1370.76,2407.09,35461.75,35344.14250000003,1370.4531250000014,2406.8470312500017,35461.80015625003
2026-04-23,22:07:00.000,2026-04-23 22:07:00,35343.73,1370.89,2407.04,35461.45,35343.84250000004,1370.5831250000015,2406.7970312500015,35461.500156250026
2026-04-23,22:08:00.000,2026-04-23 22:08:00,35343.99,1370.88,2407.1,35461.71,35344.138750000035,1370.2718750000013,2406.883281250002,35461.77640625003
2026-04-23,22:09:00.000,2026-04-23 22:09:00,35344.13,1370.85,2407.14,35461.85,35344.278750000034,1370.241875000001,2406.9232812500018,35461.91640625003
2026-04-23,22:10:00.000,2026-04-23 22:10:00,35343.67,1370.92,2407.04,35461.38,35343.818750000035,1370.3118750000012,2406.8232812500014,35461.446406250034
2026-04-23,22:11:00.000,2026-04-23 22:11:00,35343.68,1370.86,2407.03,35461.39,35343.82875000003,1370.2518750000013,2406.813281250002,35461.45640625003
2026-04-23,22:12:00.000,2026-04-23 22:12:00,35343.7,1370.85,2406.99,35461.41,35343.84875000003,1370.241875000001,2406.7732812500017,35461.47640625003
2026-04-23,22:13:00.000,2026-04-23 22:13:00,35343.37,1370.98,2406.91,35461.09,35343.51875000004,1370.3718750000012,2406.6932812500017,35461.156406250026
2026-04-23,22:14:00.000,2026-04-23 22:14:00,35343.16,1371.04,2406.86,35460.88,35343.30875000004,1370.4318750000016,2406.643281250002,35460.946406250034
2026-04-23,22:15:00.000,2026-04-23 22:15:00,35343.17,1371.18,2406.87,35460.88,35343.318750000035,1370.5718750000015,2406.6532812500013,35460.946406250034
2026-04-23,22:16:00.000,2026-04-23 22:16:00,35343.08,1371.47,2406.86,35460.8,35344.17250000003,1369.9031250000014,2406.783281250001,35461.77015625004
2026-04-23,22:17:00.000,2026-04-23 22:17:00,35342.98,1371.67,2406.88,35460.73,35344.07250000004,1370.1031250000012,2406.8032812500014,35461.70015625003
2026-04-23,22:18:00.000,2026-04-23 22:18:00,35342.76,1371.8,2406.87,35460.5,35343.85250000004,1370.2331250000009,2406.7932812500007,35461.47015625003
2026-04-23,22:19:00.000,2026-04-23 22:19:00,35342.86,1371.9,2406.91,35460.61,35343.95250000003,1370.3331250000012,2406.8332812500007,35461.58015625003
2026-04-23,22:20:00.000,2026-04-23 22:20:00,35342.54,1372.03,2406.86,35460.3,35343.632500000036,1370.4631250000014,2406.7832812500014,35461.27015625004
2026-04-23,22:21:00.000,2026-04-23 22:21:00,35342.46,1372.09,2406.84,35460.24,35343.552500000034,1370.5231250000013,2406.763281250002,35461.210156250025
2026-04-23,22:22:00.000,2026-04-23 22:22:00,35342.29,1372.15,2406.8,35460.06,35343.382500000036,1370.5831250000015,2406.723281250002,35461.030156250024
2026-04-23,22:23:00.000,2026-04-23 22:23:00,35342.35,1372.12,2406.8,35460.12,35343.442500000034,1370.5531250000013,2406.723281250002,35461.09015625004
2026-04-23,22:24:00.000,2026-04-23 22:24:00,35342.31,1372.21,2406.79,35460.09,35342.73984375003,1372.4253125000014,2406.628281250002,35460.50953125002
2026-04-23,22:25:00.000,2026-04-23 22:25:00,35342.27,1372.27,2406.8,35460.05,35342.69984375004,1372.4853125000013,2406.6382812500024,35460.469531250026
2026-04-23,22:26:00.000,2026-04-23 22:26:00,35342.23,1372.39,2406.78,35460.03,35342.65984375004,1372.6053125000014,2406.618281250002,35460.44953125002
2026-04-23,22:27:00.000,2026-04-23 22:27:00,35342.19,1372.46,2406.78,35459.98,35342.61984375005,1372.6753125000012,2406.618281250002,35460.399531250034
2026-04-23,22:28:00.000,2026-04-23 22:28:00,35342.33,1372.48,2406.82,35460.13,35342.75984375004,1372.6953125000011,2406.658281250002,35460.54953125001
2026-04-23,22:29:00.000,2026-04-23 22:29:00,35342.45,1372.43,2406.83,35460.24,35342.87984375004,1372.6453125000014,2406.668281250002,35460.659531250014
2026-04-23,22:30:00.000,2026-04-23 22:30:00,35342.57,1372.42,2406.86,35460.36,35342.99984375004,1372.6353125000016,2406.698281250002,35460.77953125002
2026-04-23,22:31:00.000,2026-04-23 22:31:00,35342.6,1372.51,2406.84,35460.39,35343.02984375004,1372.7253125000013,2406.6782812500023,35460.809531250015
2026-04-23,22:32:00.000,2026-04-23 22:32:00,35342.59,1372.54,2406.84,35460.39,35342.736093750034,1372.6840625000013,2406.702031250002,35460.532031250026
2026-04-23,22:33:00.000,2026-04-23 22:33:00,35342.6,1372.53,2406.84,35460.39,35342.74609375003,1372.6740625000016,2406.702031250002,35460.532031250026
2026-04-23,22:34:00.000,2026-04-23 22:34:00,35342.53,1372.48,2406.8,35460.32,35342.67609375004,1372.6240625000014,2406.662031250002,35460.46203125002
2026-04-23,22:35:00.000,2026-04-23 22:35:00,35342.72,1372.43,2406.83,35460.5,35342.86609375004,1372.5740625000017,2406.692031250002,35460.64203125003
2026-04-23,22:36:00.000,2026-04-23 22:36:00,35342.58,1372.4,2406.76,35460.36,35342.72609375005,1372.5440625000012,2406.6220312500022,35460.50203125002
2026-04-23,22:37:00.000,2026-04-23 22:37:00,35342.69,1372.38,2406.74,35460.46,35342.83609375005,1372.5240625000013,2406.602031250002,35460.602031250026
2026-04-23,22:38:00.000,2026-04-23 22:38:00,35342.78,1372.46,2406.76,35460.55,35342.92609375004,1372.6040625000012,2406.6220312500022,35460.69203125002
2026-04-23,22:39:00.000,2026-04-23 22:39:00,35342.73,1372.52,2406.74,35460.52,35342.87609375005,1372.6640625000011,2406.602031250002,35460.66203125002
2026-04-23,22:40:00.000,2026-04-23 22:40:00,35342.86,1372.41,2406.76,35460.64,35342.863593750044,1372.6940625000013,2406.722031250002,35460.655781250025
2026-04-23,22:41:00.000,2026-04-23 22:41:00,35342.8,1372.42,2406.72,35460.58,35342.803593750046,1372.7040625000016,2406.682031250002,35460.59578125003
2026-04-23,22:42:00.000,2026-04-23 22:42:00,35342.88,1372.34,2406.73,35460.65,35342.88359375005,1372.6240625000012,2406.6920312500024,35460.66578125003
2026-04-23,22:43:00.000,2026-04-23 22:43:00,35342.78,1372.34,2406.69,35460.55,35342.78359375004,1372.6240625000012,2406.6520312500024,35460.56578125002
2026-04-23,22:44:00.000,2026-04-23 22:44:00,35342.82,1372.33,2406.68,35460.58,35342.823593750036,1372.6140625000014,2406.6420312500013,35460.59578125002
2026-04-23,22:45:00.000,2026-04-23 22:45:00,35342.79,1372.22,2406.67,35460.55,35342.79359375004,1372.5040625000013,2406.632031250002,35460.56578125002
2026-04-23,22:46:00.000,2026-04-23 22:46:00,35342.7,1372.23,2406.63,35460.46,35342.70359375003,1372.5140625000013,2406.592031250002,35460.475781250025
2026-04-23,22:47:00.000,2026-04-23 22:47:00,35342.73,1372.33,2406.63,35460.49,35342.73359375003,1372.6140625000012,2406.592031250002,35460.50578125002
2026-04-23,22:48:00.000,2026-04-23 22:48:00,35342.73,1372.37,2406.63,35460.5,35342.84609375004,1372.514062500001,2406.6245312500027,35460.62703125002
2026-04-23,22:49:00.000,2026-04-23 22:49:00,35342.72,1372.36,2406.66,35460.49,35342.83609375005,1372.5040625000008,2406.6545312500025,35460.617031250025
2026-04-23,22:50:00.000,2026-04-23 22:50:00,35342.64,1372.3,2406.64,35460.4,35342.75609375003,1372.444062500001,2406.634531250002,35460.52703125002
2026-04-23,22:51:00.000,2026-04-23 22:51:00,35342.67,1372.4,2406.66,35460.44,35342.78609375003,1372.5440625000015,2406.6545312500016,35460.567031250015
2026-04-23,22:52:00.000,2026-04-23 22:52:00,35342.74,1372.49,2406.66,35460.51,35342.85609375004,1372.6340625000014,2406.6545312500016,35460.63703125003
2026-04-23,22:53:00.000,2026-04-23 22:53:00,35342.74,1372.52,2406.68,35460.51,35342.85609375004,1372.6640625000011,2406.674531250002,35460.63703125003
2026-04-23,22:54:00.000,2026-04-23 22:54:00,35342.66,1372.63,2406.66,35460.43,35342.77609375004,1372.7740625000015,2406.654531250002,35460.55703125002
2026-04-23,22:55:00.000,2026-04-23 22:55:00,35342.56,1372.67,2406.66,35460.33,35342.67609375004,1372.8140625000015,2406.654531250002,35460.45703125003
2026-04-23,22:56:00.000,2026-04-23 22:56:00,35342.59,1372.77,2406.68,35460.37,35342.66484375004,1372.3628125000014,2406.5745312500026,35460.429531250025
2026-04-23,22:57:00.000,2026-04-23 22:57:00,35342.56,1372.77,2406.69,35460.34,35342.63484375004,1372.3628125000014,2406.584531250003,35460.39953125001
2026-04-23,22:58:00.000,2026-04-23 22:58:00,35342.55,1372.88,2406.73,35460.35,35342.62484375003,1372.4728125000013,2406.6245312500027,35460.40953125002
2026-04-23,22:59:00.000,2026-04-23 22:59:00,35342.54,1373.11,2406.7,35460.32,35342.61484375004,1372.7028125000013,2406.594531250002,35460.37953125002
2026-04-23,23:00:00.000,2026-04-23 23:00:00,35342.58,1373.21,2406.73,35460.39,35342.65484375004,1372.8028125000014,2406.6245312500014,35460.44953125002
2026-04-23,23:01:00.000,2026-04-23 23:01:00,35342.79,1373.2,2406.8,35460.6,35342.864843750045,1372.7928125000012,2406.694531250002,35460.659531250014
2026-04-23,23:02:00.000,2026-04-23 23:02:00,35343.05,1373.12,2406.86,35460.85,35343.12484375005,1372.712812500001,2406.754531250002,35460.90953125002
2026-04-23,23:03:00.000,2026-04-23 23:03:00,35343.13,1373.09,2406.86,35460.93,35343.204843750034,1372.6828125000013,2406.754531250002,35460.98953125002
2026-04-23,23:04:00.000,2026-04-23 23:04:00,35343.41,1373.11,2406.91,35461.21,35342.38234375004,1372.7578125000016,2406.7195312500016,35460.164531250026
2026-04-23,23:05:00.000,2026-04-23 23:05:00,35343.59,1373.08,2406.9,35461.4,35342.56234375003,1372.7278125000014,2406.7095312500023,35460.35453125003
2026-04-23,23:06:00.000,2026-04-23 23:06:00,35343.64,1373.1,2406.88,35461.45,35342.61234375004,1372.7478125000014,2406.6895312500023,35460.404531250024
2026-04-23,23:07:00.000,2026-04-23 23:07:00,35343.76,1373.08,2406.85,35461.56,35342.73234375004,1372.7278125000014,2406.6595312500017,35460.514531250024
2026-04-23,23:08:00.000,2026-04-23 23:08:00,35343.93,1372.97,2406.86,35461.73,35342.902343750044,1372.6178125000013,2406.6695312500024,35460.684531250015
2026-04-23,23:09:00.000,2026-04-23 23:09:00,35344.09,1372.85,2406.82,35461.87,35343.06234375003,1372.497812500001,2406.6295312500024,35460.824531250015
2026-04-23,23:10:00.000,2026-04-23 23:10:00,35344.14,1372.77,2406.79,35461.93,35343.11234375004,1372.4178125000012,2406.5995312500027,35460.884531250034
2026-04-23,23:11:00.000,2026-04-23 23:11:00,35344.05,1372.75,2406.72,35461.84,35343.022343750046,1372.3978125000012,2406.529531250002,35460.79453125002
2026-04-23,23:12:00.000,2026-04-23 23:12:00,35343.92,1372.57,2406.65,35461.7,35343.42859375004,1372.839062500001,2406.874531250002,35461.22703125002
2026-04-23,23:13:00.000,2026-04-23 23:13:00,35343.79,1372.2,2406.61,35461.56,35343.29859375005,1372.4690625000012,2406.834531250002,35461.08703125002
2026-04-23,23:14:00.000,2026-04-23 23:14:00,35343.5,1371.9,2406.48,35461.25,35343.00859375005,1372.1690625000017,2406.7045312500013,35460.77703125002
2026-04-23,23:15:00.000,2026-04-23 23:15:00,35343.24,1371.97,2406.37,35460.99,35342.74859375004,1372.2390625000014,2406.5945312500016,35460.51703125001
2026-04-23,23:16:00.000,2026-04-23 23:16:00,35343.11,1372.29,2406.33,35460.86,35342.618593750034,1372.559062500001,2406.554531250002,35460.38703125003
2026-04-23,23:17:00.000,2026-04-23 23:17:00,35343.08,1372.51,2406.32,35460.84,35342.588593750035,1372.7790625000011,2406.544531250003,35460.367031250025
2026-04-23,23:18:00.000,2026-04-23 23:18:00,35342.89,1372.6,2406.32,35460.65,35342.39859375003,1372.8690625000013,2406.544531250003,35460.17703125003
2026-04-23,23:19:00.000,2026-04-23 23:19:00,35342.79,1372.7,2406.33,35460.56,35342.29859375004,1372.9690625000017,2406.554531250002,35460.08703125002
2026-04-23,23:20:00.000,2026-04-23 23:20:00,35342.63,1372.8,2406.29,35460.41,35343.37859375003,1372.5028125000013,2406.704531250002,35461.164531250026
2026-04-23,23:21:00.000,2026-04-23 23:21:00,35342.54,1372.85,2406.29,35460.31,35343.28859375003,1372.552812500001,2406.704531250002,35461.06453125002
2026-04-23,23:22:00.000,2026-04-23 23:22:00,35342.42,1372.86,2406.27,35460.19,35343.16859375004,1372.5628125000014,2406.684531250002,35460.94453125003
2026-04-23,23:23:00.000,2026-04-23 23:23:00,35342.16,1372.9,2406.24,35459.93,35342.90859375004,1372.6028125000014,2406.654531250002,35460.68453125002
2026-04-23,23:24:00.000,2026-04-23 23:24:00,35342.03,1372.9,2406.21,35459.8,35342.77859375004,1372.6028125000014,2406.6245312500023,35460.55453125003
2026-04-23,23:25:00.000,2026-04-23 23:25:00,35341.79,1372.95,2406.2,35459.57,35342.53859375005,1372.6528125000011,2406.614531250002,35460.32453125002
2026-04-23,23:26:00.000,2026-04-23 23:26:00,35341.53,1373.01,2406.2,35459.3,35342.27859375004,1372.7128125000013,2406.6145312500016,35460.05453125001
2026-04-23,23:27:00.000,2026-04-23 23:27:00,35341.3,1373.0,2406.19,35459.08,35342.04859375004,1372.7028125000015,2406.6045312500023,35459.83453125001
2026-04-23,23:28:00.000,2026-04-23 23:28:00,35341.15,1373.09,2406.16,35458.93,35342.30031250003,1373.055625000001,2406.2056250000014,35460.08781250002
2026-04-23,23:29:00.000,2026-04-23 23:29:00,35341.22,1373.11,2406.2,35459.0,35342.37031250004,1373.075625000001,2406.2456250000014,35460.15781250003
2026-04-23,23:30:00.000,2026-04-23 23:30:00,35341.31,1373.1,2406.25,35459.09,35342.46031250004,1373.0656250000006,2406.295625000001,35460.24781250003
2026-04-23,23:31:00.000,2026-04-23 23:31:00,35341.13,1373.39,2406.28,35458.91,35342.280312500036,1373.355625000001,2406.3256250000018,35460.067812500034
2026-04-23,23:32:00.000,2026-04-23 23:32:00,35340.98,1373.46,2406.26,35458.77,35342.13031250004,1373.4256250000008,2406.305625000001,35459.92781250002
2026-04-23,23:33:00.000,2026-04-23 23:33:00,35340.76,1373.44,2406.23,35458.55,35341.91031250004,1373.4056250000008,2406.275625000001,35459.70781250002
2026-04-23,23:34:00.000,2026-04-23 23:34:00,35340.93,1373.48,2406.28,35458.73,35342.080312500046,1373.4456250000007,2406.325625000001,35459.88781250002
2026-04-23,23:35:00.000,2026-04-23 23:35:00,35340.99,1373.43,2406.31,35458.8,35342.14031250004,1373.395625000001,2406.3556250000006,35459.957812500026
2026-04-23,23:36:00.000,2026-04-23 23:36:00,35340.69,1373.51,2406.26,35458.49,35341.976562500044,1373.2181250000008,2406.254375000001,35459.762812500034
2026-04-23,23:37:00.000,2026-04-23 23:37:00,35340.71,1373.49,2406.25,35458.51,35341.99656250003,1373.1981250000008,2406.2443750000007,35459.78281250004
2026-04-23,23:38:00.000,2026-04-23 23:38:00,35340.9,1373.57,2406.28,35458.7,35342.186562500036,1373.2781250000005,2406.2743750000004,35459.97281250002
2026-04-23,23:39:00.000,2026-04-23 23:39:00,35340.73,1373.58,2406.27,35458.54,35342.01656250004,1373.2881250000007,2406.264375,35459.81281250003
2026-04-23,23:40:00.000,2026-04-23 23:40:00,35340.86,1373.67,2406.3,35458.68,35342.14656250004,1373.378125000001,2406.2943750000013,35459.95281250002
2026-04-23,23:41:00.000,2026-04-23 23:41:00,35340.95,1373.71,2406.34,35458.78,35342.23656250004,1373.418125000001,2406.3343750000013,35460.05281250001
2026-04-23,23:42:00.000,2026-04-23 23:42:00,35340.93,1373.6,2406.28,35458.73,35342.21656250005,1373.3081250000012,2406.2743750000013,35460.002812500024
2026-04-23,23:43:00.000,2026-04-23 23:43:00,35341.61,1373.43,2406.4,35459.43,35342.89656250004,1373.138125000001,2406.394375000001,35460.70281250002
2026-04-23,23:44:00.000,2026-04-23 23:44:00,35341.14,1373.61,2406.28,35458.94,35340.749062500036,1373.4881250000008,2406.158125000002,35458.53156250003
2026-04-23,23:45:00.000,2026-04-23 23:45:00,35342.17,1373.56,2406.45,35460.0,35341.779062500034,1373.438125000001,2406.3281250000014,35459.59156250003
2026-04-23,23:46:00.000,2026-04-23 23:46:00,35341.98,1373.65,2406.4,35459.81,35341.58906250004,1373.528125000001,2406.2781250000016,35459.401562500025
2026-04-23,23:47:00.000,2026-04-23 23:47:00,35342.66,1373.53,2406.47,35460.47,35342.26906250003,1373.4081250000006,2406.3481250000013,35460.06156250003
2026-04-23,23:48:00.000,2026-04-23 23:48:00,35343.02,1373.37,2406.52,35460.84,35342.62906250004,1373.248125000001,2406.3981250000006,35460.43156250002
2026-04-23,23:49:00.000,2026-04-23 23:49:00,35343.0,1373.23,2406.44,35460.82,35342.60906250005,1373.108125000001,2406.3181250000007,35460.41156250002
2026-04-23,23:50:00.000,2026-04-23 23:50:00,35343.15,1373.19,2406.37,35460.95,35342.759062500045,1373.068125000001,2406.248125000001,35460.541562500024
2026-04-23,23:51:00.000,2026-04-23 23:51:00,35343.68,1373.06,2406.38,35461.48,35343.289062500044,1372.9381250000008,2406.258125000001,35461.07156250002
2026-04-23,23:52:00.000,2026-04-23 23:52:00,35343.54,1372.98,2406.3,35461.33,35341.494062500045,1373.428125000001,2406.381875000001,35459.307812500025
2026-04-23,23:53:00.000,2026-04-23 23:53:00,35343.57,1372.93,2406.23,35461.35,35341.524062500044,1373.3781250000009,2406.3118750000012,35459.327812500014
2026-04-23,23:54:00.000,2026-04-23 23:54:00,35344.06,1372.83,2406.27,35461.82,35342.014062500035,1373.278125000001,2406.3518750000007,35459.79781250003
2026-04-23,23:55:00.000,2026-04-23 23:55:00,35344.05,1372.94,2406.2,35461.83,35342.00406250004,1373.388125000001,2406.281875000001,35459.807812500025
2026-04-23,23:56:00.000,2026-04-23 23:56:00,35344.46,1372.81,2406.23,35462.23,35342.414062500044,1373.2581250000007,2406.3118750000017,35460.207812500026
2026-04-23,23:57:00.000,2026-04-23 23:57:00,35344.53,1372.85,2406.16,35462.31,35342.484062500036,1373.2981250000007,2406.241875000001,35460.28781250003
2026-04-23,23:58:00.000,2026-04-23 23:58:00,35344.89,1372.68,2406.17,35462.65,35342.84406250004,1373.128125000001,2406.2518750000017,35460.627812500024
2026-04-23,23:59:00.000,2026-04-23 23:59:00,35344.94,1372.62,2406.12,35462.7,35342.89406250004,1373.0681250000011,2406.2018750000016,35460.67781250001
