DATE,TIME,datetime,ENTX,ENTY,ENTZ,ENTF,ENTX_filtered,ENTY_filtered,ENTZ_filtered,ENTF_filtered
2026-04-25,00:00:00.000,2026-04-25 00:00:00,35327.68,1384.92,2409.97,35445.86,35324.29828125004,1384.7421875000011,2409.4378125000017,35442.44500000003
2026-04-25,00:01:00.000,2026-04-25 00:01:00,35327.23,1385.08,2409.87,35445.42,35323.848281250044,1384.902187500001,2409.337812500002,35442.00500000003
2026-04-25,00:02:00.000,2026-04-25 00:02:00,35326.77,1385.23,2409.75,35444.97,35323.38828125004,1385.052187500001,2409.2178125000023,35441.55500000003
2026-04-25,00:03:00.000,2026-04-25 00:03:00,35326.37,1385.29,2409.66,35444.56,35322.988281250044,1385.112187500001,2409.127812500002,35441.145000000026
2026-04-25,00:04:00.000,2026-04-25 00:04:00,35326.06,1385.24,2409.62,35444.27,35322.67828125003,1385.0621875000015,2409.0878125000027,35440.855000000025
2026-04-25,00:05:00.000,2026-04-25 00:05:00,35325.76,1385.1,2409.55,35443.96,35322.37828125003,1384.9221875000017,2409.017812500003,35440.54500000003
2026-04-25,00:06:00.000,2026-04-25 00:06:00,35325.37,1385.13,2409.46,35443.55,35321.98828125004,1384.9521875000012,2408.927812500003,35440.13500000003
2026-04-25,00:07:00.000,2026-04-25 00:07:00,35324.93,1385.27,2409.38,35443.12,35321.548281250034,1385.092187500001,2408.847812500003,35439.70500000004
2026-04-25,00:08:00.000,2026-04-25 00:08:00,35324.41,1385.3,2409.31,35442.59,35324.68828125005,1384.840937500001,2409.3703125000025,35442.84375000003
2026-04-25,00:09:00.000,2026-04-25 00:09:00,35323.84,1385.25,2409.2,35442.03,35324.11828125004,1384.7909375000013,2409.260312500002,35442.28375000003
2026-04-25,00:10:00.000,2026-04-25 00:10:00,35323.32,1385.19,2409.1,35441.51,35323.59828125004,1384.7309375000013,2409.1603125000024,35441.763750000035
2026-04-25,00:11:00.000,2026-04-25 00:11:00,35322.79,1385.2,2409.06,35440.98,35323.06828125004,1384.740937500001,2409.1203125000025,35441.233750000036
2026-04-25,00:12:00.000,2026-04-25 00:12:00,35322.19,1385.36,2408.98,35440.36,35322.46828125003,1384.9009375000014,2409.0403125000025,35440.613750000026
2026-04-25,00:13:00.000,2026-04-25 00:13:00,35321.74,1385.54,2408.93,35439.91,35322.018281250035,1385.0809375000013,2408.9903125000023,35440.16375000003
2026-04-25,00:14:00.000,2026-04-25 00:14:00,35321.45,1385.7,2408.96,35439.63,35321.72828125003,1385.2409375000016,2409.020312500003,35439.88375000002
2026-04-25,00:15:00.000,2026-04-25 00:15:00,35321.15,1385.97,2408.98,35439.35,35321.42828125004,1385.5109375000015,2409.0403125000025,35439.603750000024
2026-04-25,00:16:00.000,2026-04-25 00:16:00,35320.85,1386.23,2408.99,35439.06,35323.963281250035,1384.8034375000013,2409.1215625000027,35442.11375000001
2026-04-25,00:17:00.000,2026-04-25 00:17:00,35320.5,1386.39,2408.99,35438.71,35323.613281250044,1384.9634375000012,2409.1215625000027,35441.76375000002
2026-04-25,00:18:00.000,2026-04-25 00:18:00,35320.22,1386.47,2409.01,35438.44,35323.333281250045,1385.0434375000013,2409.1415625000027,35441.49375000002
2026-04-25,00:19:00.000,2026-04-25 00:19:00,35319.86,1386.49,2409.01,35438.09,35322.973281250044,1385.0634375000013,2409.1415625000027,35441.14375000002
2026-04-25,00:20:00.000,2026-04-25 00:20:00,35319.5,1386.48,2408.99,35437.74,35322.61328125004,1385.0534375000013,2409.121562500002,35440.793750000026
2026-04-25,00:21:00.000,2026-04-25 00:21:00,35319.28,1386.42,2408.98,35437.5,35322.393281250035,1384.9934375000014,2409.1115625000025,35440.553750000036
2026-04-25,00:22:00.000,2026-04-25 00:22:00,35319.14,1386.37,2409.0,35437.35,35322.25328125003,1384.943437500001,2409.131562500002,35440.403750000034
2026-04-25,00:23:00.000,2026-04-25 00:23:00,35318.86,1386.4,2408.98,35437.07,35321.97328125003,1384.9734375000012,2409.1115625000016,35440.123750000035
2026-04-25,00:24:00.000,2026-04-25 00:24:00,35318.71,1386.46,2408.99,35436.93,35324.04828125004,1385.1009375000015,2409.2415625000017,35442.22750000003
2026-04-25,00:25:00.000,2026-04-25 00:25:00,35318.54,1386.45,2409.02,35436.76,35323.87828125004,1385.0909375000012,2409.2715625000023,35442.05750000003
2026-04-25,00:26:00.000,2026-04-25 00:26:00,35318.15,1386.36,2408.97,35436.36,35323.48828125004,1385.0009375000013,2409.221562500002,35441.65750000004
2026-04-25,00:27:00.000,2026-04-25 00:27:00,35317.74,1386.24,2408.87,35435.92,35323.07828125003,1384.8809375000014,2409.121562500002,35441.217500000035
2026-04-25,00:28:00.000,2026-04-25 00:28:00,35317.29,1386.26,2408.81,35435.49,35322.628281250036,1384.9009375000012,2409.0615625000023,35440.78750000001
2026-04-25,00:29:00.000,2026-04-25 00:29:00,35316.85,1386.32,2408.75,35435.04,35322.18828125003,1384.9609375000011,2409.001562500003,35440.337500000016
2026-04-25,00:30:00.000,2026-04-25 00:30:00,35316.63,1386.34,2408.76,35434.83,35321.96828125003,1384.9809375000013,2409.011562500003,35440.127500000024
2026-04-25,00:31:00.000,2026-04-25 00:31:00,35316.5,1386.28,2408.82,35434.68,35321.83828125004,1384.9209375000014,2409.0715625000025,35439.97750000003
2026-04-25,00:32:00.000,2026-04-25 00:32:00,35316.41,1386.17,2408.84,35434.59,35321.91415875191,1385.4821875000014,2408.9378125000026,35439.84919014087
2026-04-25,00:33:00.000,2026-04-25 00:33:00,35316.24,1386.04,2408.82,35434.43,35321.74415875191,1385.3521875000013,2408.917812500002,35439.68919014088
2026-04-25,00:34:00.000,2026-04-25 00:34:00,35316.31,1385.87,2408.89,35434.51,35321.8141587519,1385.1821875000012,2408.987812500002,35439.769190140876
2026-04-25,00:35:00.000,2026-04-25 00:35:00,35316.69,1385.72,2408.96,35434.9,35322.1941587519,1385.032187500001,2409.0578125000025,35440.159190140876
2026-04-25,00:36:00.000,2026-04-25 00:36:00,35316.93,1385.58,2409.03,35435.13,35322.43415875191,1384.8921875000012,2409.1278125000026,35440.389190140864
2026-04-25,00:37:00.000,2026-04-25 00:37:00,35317.37,1385.44,2409.09,35435.57,35322.87415875191,1384.7521875000014,2409.187812500003,35440.82919014087
2026-04-25,00:38:00.000,2026-04-25 00:38:00,35317.98,1385.32,2409.22,35436.17,35323.48415875191,1384.632187500001,2409.317812500002,35441.429190140865
2026-04-25,00:39:00.000,2026-04-25 00:39:00,35319.27,1385.2,2409.37,35437.45,35324.774158751905,1384.5121875000011,2409.4678125000028,35442.709190140864
2026-04-25,00:40:00.000,2026-04-25 00:40:00,35321.25,1385.04,2409.68,35439.44,35319.50990374816,1385.3771875000016,2408.919062500003,35437.88580985919
2026-04-25,00:41:00.000,2026-04-25 00:41:00,35323.51,1384.79,2410.07,35441.7,35321.76990374817,1385.1271875000016,2409.309062500003,35440.14580985918
2026-04-25,00:42:00.000,2026-04-25 00:42:00,35325.44,1384.56,2410.33,35443.64,35323.699903748166,1384.897187500001,2409.569062500002,35442.08580985919
2026-04-25,00:43:00.000,2026-04-25 00:43:00,35326.45,1384.49,2410.38,35444.65,35324.70990374816,1384.8271875000014,2409.619062500002,35443.09580985919
2026-04-25,00:44:00.000,2026-04-25 00:44:00,35326.41,1384.58,2410.16,35444.61,35324.66990374817,1384.9171875000013,2409.3990625000024,35443.055809859194
2026-04-25,00:45:00.000,2026-04-25 00:45:00,35325.74,1384.63,2409.79,35443.93,35323.99990374817,1384.9671875000015,2409.0290625000025,35442.3758098592
2026-04-25,00:46:00.000,2026-04-25 00:46:00,35325.13,1384.56,2409.46,35443.29,35323.38990374817,1384.8971875000009,2408.699062500002,35441.735809859194
2026-04-25,00:47:00.000,2026-04-25 00:47:00,35324.99,1384.49,2409.22,35443.13,35323.24990374817,1384.8271875000012,2408.4590625000014,35441.57580985919
2026-04-25,00:48:00.000,2026-04-25 00:48:00,35325.45,1384.41,2409.2,35443.58,35322.61328125004,1385.6909375000014,2409.432812500002,35440.80750000003
2026-04-25,00:49:00.000,2026-04-25 00:49:00,35326.27,1384.22,2409.31,35444.41,35323.43328125004,1385.5009375000013,2409.5428125000026,35441.63750000003
2026-04-25,00:50:00.000,2026-04-25 00:50:00,35326.35,1384.04,2409.22,35444.48,35323.51328125003,1385.3209375000013,2409.452812500002,35441.707500000026
2026-04-25,00:51:00.000,2026-04-25 00:51:00,35326.13,1383.91,2409.05,35444.25,35323.29328125003,1385.1909375000012,2409.282812500003,35441.47750000003
2026-04-25,00:52:00.000,2026-04-25 00:52:00,35325.74,1383.65,2408.87,35443.84,35322.90328125003,1384.9309375000014,2409.102812500002,35441.06750000003
2026-04-25,00:53:00.000,2026-04-25 00:53:00,35325.22,1383.32,2408.62,35443.3,35322.38328125004,1384.600937500001,2408.852812500002,35440.52750000003
2026-04-25,00:54:00.000,2026-04-25 00:54:00,35324.78,1383.11,2408.41,35442.82,35321.943281250045,1384.3909375000014,2408.642812500003,35440.04750000003
2026-04-25,00:55:00.000,2026-04-25 00:55:00,35325.87,1382.93,2408.46,35443.89,35323.03328125004,1384.2109375000016,2408.692812500003,35441.11750000002
2026-04-25,00:56:00.000,2026-04-25 00:56:00,35327.61,1382.7,2408.79,35445.63,35321.33453125004,1385.1921875000014,2409.309062500003,35439.50750000003
2026-04-25,00:57:00.000,2026-04-25 00:57:00,35329.2,1382.45,2409.06,35447.22,35322.924531250035,1384.9421875000014,2409.5790625000027,35441.09750000004
2026-04-25,00:58:00.000,2026-04-25 00:58:00,35330.41,1382.29,2409.14,35448.43,35324.13453125004,1384.7821875000013,2409.6590625000026,35442.30750000003
2026-04-25,00:59:00.000,2026-04-25 00:59:00,35330.69,1382.28,2409.04,35448.71,35324.41453125004,1384.772187500001,2409.5590625000023,35442.58750000003
2026-04-25,01:00:00.000,2026-04-25 01:00:00,35330.04,1382.34,2408.73,35448.06,35323.76453125003,1384.832187500001,2409.2490625000023,35441.93750000002
2026-04-25,01:01:00.000,2026-04-25 01:01:00,35329.06,1382.51,2408.31,35447.05,35322.784531250036,1385.0021875000011,2408.8290625000022,35440.92750000003
2026-04-25,01:02:00.000,2026-04-25 01:02:00,35328.32,1382.65,2407.97,35446.3,35322.04453125004,1385.1421875000012,2408.4890625000016,35440.17750000003
2026-04-25,01:03:00.000,2026-04-25 01:03:00,35327.99,1382.68,2407.81,35445.97,35321.714531250036,1385.172187500001,2408.329062500002,35439.847500000025
2026-04-25,01:04:00.000,2026-04-25 01:04:00,35327.89,1382.47,2407.74,35445.87,35332.52828125002,1380.4656250000014,2407.249843750002,35450.38328125004
2026-04-25,01:05:00.000,2026-04-25 01:05:00,35328.03,1382.07,2407.7,35445.98,35332.66828125002,1380.0656250000013,2407.209843750002,35450.49328125004
2026-04-25,01:06:00.000,2026-04-25 01:06:00,35328.01,1381.58,2407.65,35445.94,35332.64828125003,1379.575625000001,2407.1598437500024,35450.45328125003
2026-04-25,01:07:00.000,2026-04-25 01:07:00,35328.05,1381.23,2407.54,35445.96,35332.68828125004,1379.2256250000012,2407.049843750002,35450.47328125002
2026-04-25,01:08:00.000,2026-04-25 01:08:00,35328.33,1381.0,2407.49,35446.23,35332.96828125004,1378.9956250000012,2406.9998437500017,35450.74328125003
2026-04-25,01:09:00.000,2026-04-25 01:09:00,35328.88,1380.73,2407.51,35446.76,35333.51828125003,1378.7256250000012,2407.019843750002,35451.273281250025
2026-04-25,01:10:00.000,2026-04-25 01:10:00,35329.7,1380.41,2407.63,35447.57,35334.33828125003,1378.4056250000012,2407.139843750002,35452.08328125002
2026-04-25,01:11:00.000,2026-04-25 01:11:00,35330.99,1379.95,2407.75,35448.84,35335.62828125002,1377.9456250000012,2407.259843750002,35453.35328125001
2026-04-25,01:12:00.000,2026-04-25 01:12:00,35332.44,1379.38,2407.9,35450.27,35331.74703125003,1380.1868750000012,2407.409843750002,35449.58453125003
2026-04-25,01:13:00.000,2026-04-25 01:13:00,35333.61,1378.89,2407.96,35451.43,35332.91703125003,1379.6968750000015,2407.4698437500015,35450.744531250035
2026-04-25,01:14:00.000,2026-04-25 01:14:00,35334.32,1378.47,2407.94,35452.12,35333.62703125003,1379.2768750000012,2407.449843750002,35451.43453125004
2026-04-25,01:15:00.000,2026-04-25 01:15:00,35334.46,1378.24,2407.81,35452.24,35333.76703125003,1379.0468750000011,2407.319843750002,35451.55453125003
2026-04-25,01:16:00.000,2026-04-25 01:16:00,35334.48,1378.1,2407.59,35452.24,35333.78703125003,1378.9068750000008,2407.099843750002,35451.55453125003
2026-04-25,01:17:00.000,2026-04-25 01:17:00,35334.47,1378.01,2407.42,35452.23,35333.77703125002,1378.8168750000011,2406.929843750002,35451.54453125004
2026-04-25,01:18:00.000,2026-04-25 01:18:00,35334.46,1377.94,2407.27,35452.19,35333.76703125003,1378.7468750000012,2406.779843750003,35451.50453125004
2026-04-25,01:19:00.000,2026-04-25 01:19:00,35334.29,1377.92,2407.12,35452.02,35333.59703125003,1378.7268750000012,2406.6298437500022,35451.334531250024
2026-04-25,01:20:00.000,2026-04-25 01:20:00,35334.15,1377.78,2407.01,35451.87,35333.71828125003,1379.118125000001,2407.3648437500024,35451.50828125003
2026-04-25,01:21:00.000,2026-04-25 01:21:00,35334.26,1377.63,2406.93,35451.96,35333.82828125003,1378.968125000001,2407.2848437500024,35451.59828125003
2026-04-25,01:22:00.000,2026-04-25 01:22:00,35333.86,1377.77,2406.82,35451.57,35333.428281250024,1379.1081250000016,2407.1748437500014,35451.20828125004
2026-04-25,01:23:00.000,2026-04-25 01:23:00,35333.63,1377.8,2406.73,35451.34,35333.19828125003,1379.1381250000013,2407.0848437500013,35450.97828125003
2026-04-25,01:24:00.000,2026-04-25 01:24:00,35333.34,1377.86,2406.67,35451.06,35332.90828125003,1379.198125000001,2407.024843750002,35450.69828125002
2026-04-25,01:25:00.000,2026-04-25 01:25:00,35333.44,1377.97,2406.65,35451.16,35333.00828125003,1379.3081250000012,2407.004843750002,35450.79828125003
2026-04-25,01:26:00.000,2026-04-25 01:26:00,35333.84,1377.97,2406.72,35451.55,35333.408281250035,1379.308125000001,2407.074843750002,35451.18828125003
2026-04-25,01:27:00.000,2026-04-25 01:27:00,35333.92,1377.92,2406.72,35451.64,35333.48828125004,1379.2581250000012,2407.074843750002,35451.27828125003
2026-04-25,01:28:00.000,2026-04-25 01:28:00,35334.06,1378.02,2406.75,35451.78,35331.97453125003,1378.8506250000012,2406.8423437500023,35449.73828125003
2026-04-25,01:29:00.000,2026-04-25 01:29:00,35334.46,1378.16,2406.83,35452.18,35332.37453125004,1378.9906250000015,2406.9223437500023,35450.13828125004
2026-04-25,01:30:00.000,2026-04-25 01:30:00,35334.81,1378.21,2406.91,35452.54,35332.72453125002,1379.0406250000012,2407.002343750002,35450.49828125004
2026-04-25,01:31:00.000,2026-04-25 01:31:00,35334.97,1378.29,2406.97,35452.7,35332.88453125003,1379.1206250000012,2407.0623437500026,35450.65828125003
2026-04-25,01:32:00.000,2026-04-25 01:32:00,35335.4,1378.36,2407.05,35453.13,35333.31453125003,1379.1906250000013,2407.1423437500016,35451.08828125003
2026-04-25,01:33:00.000,2026-04-25 01:33:00,35335.89,1378.51,2407.14,35453.63,35333.80453125003,1379.3406250000014,2407.2323437500017,35451.58828125003
2026-04-25,01:34:00.000,2026-04-25 01:34:00,35336.66,1378.62,2407.28,35454.43,35334.57453125003,1379.4506250000009,2407.372343750002,35452.38828125004
2026-04-25,01:35:00.000,2026-04-25 01:35:00,35337.42,1378.59,2407.42,35455.2,35335.334531250024,1379.420625000001,2407.5123437500015,35453.15828125003
2026-04-25,01:36:00.000,2026-04-25 01:36:00,35337.7,1378.57,2407.49,35455.48,35334.10328125002,1379.0156250000014,2407.4198437500017,35451.89453125003
2026-04-25,01:37:00.000,2026-04-25 01:37:00,35337.48,1378.55,2407.39,35455.26,35333.88328125002,1378.9956250000014,2407.3198437500023,35451.67453125003
2026-04-25,01:38:00.000,2026-04-25 01:38:00,35337.15,1378.58,2407.25,35454.93,35333.55328125003,1379.0256250000011,2407.1798437500024,35451.34453125003
2026-04-25,01:39:00.000,2026-04-25 01:39:00,35336.85,1378.68,2407.16,35454.62,35333.25328125003,1379.1256250000015,2407.0898437500023,35451.034531250036
2026-04-25,01:40:00.000,2026-04-25 01:40:00,35336.5,1378.75,2407.1,35454.27,35332.90328125003,1379.1956250000012,2407.029843750002,35450.68453125003
2026-04-25,01:41:00.000,2026-04-25 01:41:00,35336.42,1378.82,2407.05,35454.18,35332.82328125003,1379.265625000001,2406.9798437500017,35450.59453125003
2026-04-25,01:42:00.000,2026-04-25 01:42:00,35336.6,1378.9,2407.04,35454.36,35333.003281250036,1379.3456250000013,2406.969843750002,35450.77453125003
2026-04-25,01:43:00.000,2026-04-25 01:43:00,35337.06,1378.99,2407.17,35454.84,35333.46328125003,1379.435625000001,2407.099843750002,35451.25453125002
2026-04-25,01:44:00.000,2026-04-25 01:44:00,35337.32,1379.07,2407.25,35455.12,35336.23953125003,1379.093125000001,2407.641093750002,35454.059531250045
2026-04-25,01:45:00.000,2026-04-25 01:45:00,35336.99,1379.07,2407.25,35454.78,35335.90953125003,1379.093125000001,2407.641093750002,35453.71953125003
2026-04-25,01:46:00.000,2026-04-25 01:46:00,35335.78,1379.18,2407.03,35453.57,35334.69953125003,1379.2031250000014,2407.421093750002,35452.50953125003
2026-04-25,01:47:00.000,2026-04-25 01:47:00,35334.44,1379.28,2406.72,35452.21,35333.35953125003,1379.3031250000013,2407.1110937500016,35451.14953125003
2026-04-25,01:48:00.000,2026-04-25 01:48:00,35333.32,1379.12,2406.48,35451.07,35332.23953125003,1379.1431250000014,2406.871093750002,35450.00953125003
2026-04-25,01:49:00.000,2026-04-25 01:49:00,35332.72,1379.07,2406.41,35450.46,35331.639531250024,1379.0931250000012,2406.801093750002,35449.39953125003
2026-04-25,01:50:00.000,2026-04-25 01:50:00,35332.54,1379.14,2406.36,35450.26,35331.45953125003,1379.1631250000012,2406.751093750003,35449.19953125004
2026-04-25,01:51:00.000,2026-04-25 01:51:00,35332.52,1379.29,2406.46,35450.27,35331.43953125003,1379.3131250000013,2406.8510937500023,35449.20953125003
2026-04-25,01:52:00.000,2026-04-25 01:52:00,35332.64,1379.37,2406.56,35450.38,35334.00453125003,1379.0806250000012,2406.9473437500023,35451.768281250035
2026-04-25,01:53:00.000,2026-04-25 01:53:00,35332.67,1379.38,2406.7,35450.42,35334.03453125003,1379.0906250000014,2407.0873437500018,35451.80828125003
2026-04-25,01:54:00.000,2026-04-25 01:54:00,35332.61,1379.47,2406.81,35450.38,35333.97453125003,1379.1806250000013,2407.1973437500023,35451.76828125003
2026-04-25,01:55:00.000,2026-04-25 01:55:00,35332.56,1379.46,2406.89,35450.34,35333.92453125003,1379.1706250000016,2407.2773437500023,35451.728281250034
2026-04-25,01:56:00.000,2026-04-25 01:56:00,35332.07,1379.37,2406.86,35449.84,35333.43453125003,1379.080625000001,2407.247343750002,35451.22828125003
2026-04-25,01:57:00.000,2026-04-25 01:57:00,35331.62,1379.4,2406.75,35449.37,35332.98453125003,1379.1106250000012,2407.1373437500024,35450.758281250026
2026-04-25,01:58:00.000,2026-04-25 01:58:00,35331.12,1379.54,2406.7,35448.87,35332.48453125002,1379.250625000001,2407.0873437500013,35450.258281250026
2026-04-25,01:59:00.000,2026-04-25 01:59:00,35330.78,1379.73,2406.72,35448.55,35332.14453125002,1379.440625000001,2407.1073437500017,35449.93828125003
2026-04-25,02:00:00.000,2026-04-25 02:00:00,35330.74,1379.99,2406.8,35448.52,35332.624531250025,1378.8393750000012,2406.6248437500026,35450.353281250034
2026-04-25,02:01:00.000,2026-04-25 02:01:00,35331.04,1380.23,2406.93,35448.85,35332.92453125003,1379.079375000001,2406.7548437500027,35450.683281250036
2026-04-25,02:02:00.000,2026-04-25 02:02:00,35331.27,1380.33,2407.11,35449.09,35333.15453125002,1379.1793750000008,2406.934843750002,35450.92328125003
2026-04-25,02:03:00.000,2026-04-25 02:03:00,35331.38,1380.4,2407.26,35449.21,35333.26453125002,1379.249375000001,2407.0848437500026,35451.04328125002
2026-04-25,02:04:00.000,2026-04-25 02:04:00,35331.46,1380.44,2407.38,35449.31,35333.34453125003,1379.2893750000012,2407.204843750002,35451.14328125003
2026-04-25,02:05:00.000,2026-04-25 02:05:00,35331.73,1380.48,2407.52,35449.59,35333.61453125004,1379.3293750000012,2407.3448437500015,35451.42328125003
2026-04-25,02:06:00.000,2026-04-25 02:06:00,35332.06,1380.43,2407.68,35449.92,35333.944531250025,1379.2793750000014,2407.5048437500013,35451.75328125003
2026-04-25,02:07:00.000,2026-04-25 02:07:00,35332.23,1380.31,2407.81,35450.1,35334.11453125004,1379.159375000001,2407.6348437500014,35451.933281250036
2026-04-25,02:08:00.000,2026-04-25 02:08:00,35332.22,1380.1,2407.83,35450.1,35333.05937500004,1381.695937500001,2408.2921875000015,35451.04593750003
2026-04-25,02:09:00.000,2026-04-25 02:09:00,35331.98,1379.77,2407.77,35449.84,35332.81937500005,1381.365937500001,2408.232187500002,35450.78593750002
2026-04-25,02:10:00.000,2026-04-25 02:10:00,35331.65,1379.47,2407.63,35449.49,35332.48937500004,1381.065937500001,2408.0921875000017,35450.43593750001
2026-04-25,02:11:00.000,2026-04-25 02:11:00,35331.25,1379.27,2407.51,35449.09,35332.08937500003,1380.865937500001,2407.972187500002,35450.03593750002
2026-04-25,02:12:00.000,2026-04-25 02:12:00,35330.99,1379.14,2407.45,35448.83,35331.82937500003,1380.735937500001,2407.912187500001,35449.775937500024
2026-04-25,02:13:00.000,2026-04-25 02:13:00,35330.7,1378.94,2407.39,35448.53,35331.53937500002,1380.5359375000012,2407.8521875000015,35449.47593750002
2026-04-25,02:14:00.000,2026-04-25 02:14:00,35330.78,1378.68,2407.41,35448.59,35331.619375000024,1380.2759375000014,2407.872187500002,35449.535937500004
2026-04-25,02:15:00.000,2026-04-25 02:15:00,35330.57,1378.64,2407.36,35448.38,35331.40937500002,1380.2359375000015,2407.8221875000017,35449.32593750001
2026-04-25,02:16:00.000,2026-04-25 02:16:00,35330.63,1378.58,2407.33,35448.45,35332.39812500003,1380.960937500001,2407.8996875000016,35450.36593750002
2026-04-25,02:17:00.000,2026-04-25 02:17:00,35330.51,1378.49,2407.35,35448.31,35332.27812500003,1380.8709375000012,2407.919687500002,35450.22593750002
2026-04-25,02:18:00.000,2026-04-25 02:18:00,35330.47,1378.51,2407.39,35448.27,35332.238125000025,1380.8909375000012,2407.959687500002,35450.18593750002
2026-04-25,02:19:00.000,2026-04-25 02:19:00,35330.39,1378.49,2407.48,35448.2,35332.15812500002,1380.8709375000012,2408.049687500002,35450.11593750001
2026-04-25,02:20:00.000,2026-04-25 02:20:00,35330.03,1378.53,2407.38,35447.82,35331.79812500003,1380.910937500001,2407.9496875000023,35449.735937500016
2026-04-25,02:21:00.000,2026-04-25 02:21:00,35330.16,1378.52,2407.39,35447.96,35331.928125000035,1380.9009375000012,2407.9596875000016,35449.875937500015
2026-04-25,02:22:00.000,2026-04-25 02:22:00,35330.18,1378.36,2407.52,35447.97,35331.94812500004,1380.740937500001,2408.0896875000017,35449.88593750002
2026-04-25,02:23:00.000,2026-04-25 02:23:00,35330.34,1378.25,2407.65,35448.11,35332.10812500003,1380.630937500001,2408.219687500002,35450.02593750002
2026-04-25,02:24:00.000,2026-04-25 02:24:00,35330.41,1378.43,2407.66,35448.2,35332.13062500004,1380.0659375000014,2407.8734375000013,35450.02093750001
2026-04-25,02:25:00.000,2026-04-25 02:25:00,35330.25,1378.69,2407.65,35448.06,35331.97062500004,1380.3259375000011,2407.863437500002,35449.88093750001
2026-04-25,02:26:00.000,2026-04-25 02:26:00,35330.24,1378.87,2407.73,35448.07,35331.960625000036,1380.5059375000012,2407.9434375000014,35449.89093750002
2026-04-25,02:27:00.000,2026-04-25 02:27:00,35330.38,1379.15,2407.77,35448.22,35332.100625000036,1380.7859375000014,2407.9834375000014,35450.040937500016
2026-04-25,02:28:00.000,2026-04-25 02:28:00,35330.33,1379.38,2407.8,35448.18,35332.05062500003,1381.0159375000012,2408.013437500002,35450.000937500015
2026-04-25,02:29:00.000,2026-04-25 02:29:00,35330.47,1379.54,2407.86,35448.33,35332.19062500003,1381.175937500001,2408.0734375000015,35450.15093750001
2026-04-25,02:30:00.000,2026-04-25 02:30:00,35330.59,1379.69,2407.86,35448.47,35332.31062500002,1381.325937500001,2408.0734375000025,35450.290937500016
2026-04-25,02:31:00.000,2026-04-25 02:31:00,35330.42,1379.94,2408.01,35448.32,35332.14062500002,1381.575937500001,2408.223437500002,35450.14093750002
2026-04-25,02:32:00.000,2026-04-25 02:32:00,35330.38,1380.17,2407.84,35448.27,35332.123125000035,1380.3884375000011,2408.0846875000016,35450.04218750002
2026-04-25,02:33:00.000,2026-04-25 02:33:00,35330.07,1380.4,2407.84,35447.98,35331.81312500004,1380.6184375000012,2408.0846875000016,35449.752187500024
2026-04-25,02:34:00.000,2026-04-25 02:34:00,35330.01,1380.49,2407.72,35447.91,35331.75312500003,1380.708437500001,2407.964687500001,35449.682187500024
2026-04-25,02:35:00.000,2026-04-25 02:35:00,35330.19,1380.53,2407.58,35448.09,35331.93312500004,1380.748437500001,2407.824687500002,35449.86218750002
2026-04-25,02:36:00.000,2026-04-25 02:36:00,35330.35,1380.67,2407.72,35448.28,35332.09312500002,1380.8884375000011,2407.9646875000017,35450.05218750001
2026-04-25,02:37:00.000,2026-04-25 02:37:00,35330.42,1380.72,2407.6,35448.33,35332.16312500003,1380.9384375000009,2407.844687500002,35450.102187500015
2026-04-25,02:38:00.000,2026-04-25 02:38:00,35330.64,1380.9,2407.8,35448.58,35332.38312500004,1381.1184375000012,2408.044687500002,35450.352187500015
2026-04-25,02:39:00.000,2026-04-25 02:39:00,35330.85,1381.15,2407.99,35448.8,35332.59312500003,1381.3684375000012,2408.2346875000017,35450.572187500016
2026-04-25,02:40:00.000,2026-04-25 02:40:00,35330.53,1381.51,2407.82,35448.49,35330.87812500003,1381.034687500001,2407.488437500002,35448.79343750002
2026-04-25,02:41:00.000,2026-04-25 02:41:00,35330.84,1381.45,2407.9,35448.82,35331.18812500003,1380.974687500001,2407.568437500002,35449.12343750002
2026-04-25,02:42:00.000,2026-04-25 02:42:00,35331.24,1381.26,2408.28,35449.21,35331.58812500004,1380.784687500001,2407.948437500001,35449.51343750001
2026-04-25,02:43:00.000,2026-04-25 02:43:00,35331.59,1381.14,2408.5,35449.57,35331.93812500003,1380.664687500001,2408.1684375000013,35449.87343750001
2026-04-25,02:44:00.000,2026-04-25 02:44:00,35332.14,1381.16,2408.5,35450.14,35332.488125000025,1380.6846875000015,2408.168437500002,35450.44343750001
2026-04-25,02:45:00.000,2026-04-25 02:45:00,35332.45,1381.17,2408.64,35450.45,35332.79812500002,1380.6946875000012,2408.308437500001,35450.75343750001
2026-04-25,02:46:00.000,2026-04-25 02:46:00,35332.67,1381.31,2408.6,35450.68,35333.018125000024,1380.834687500001,2408.2684375000017,35450.98343750002
2026-04-25,02:47:00.000,2026-04-25 02:47:00,35332.61,1381.58,2408.46,35450.63,35332.95812500003,1381.104687500001,2408.1284375000023,35450.93343750002
2026-04-25,02:48:00.000,2026-04-25 02:48:00,35332.98,1381.68,2408.52,35451.0,35331.655625000036,1380.179687500001,2408.399687500001,35449.59843750002
2026-04-25,02:49:00.000,2026-04-25 02:49:00,35333.24,1382.0,2408.42,35451.28,35331.91562500003,1380.499687500001,2408.2996875000017,35449.87843750002
2026-04-25,02:50:00.000,2026-04-25 02:50:00,35333.11,1382.32,2408.25,35451.15,35331.78562500003,1380.819687500001,2408.1296875000016,35449.74843750002
2026-04-25,02:51:00.000,2026-04-25 02:51:00,35333.03,1382.59,2408.31,35451.08,35331.70562500003,1381.089687500001,2408.189687500001,35449.67843750001
2026-04-25,02:52:00.000,2026-04-25 02:52:00,35333.18,1382.66,2408.11,35451.22,35331.855625000026,1381.1596875000014,2407.989687500002,35449.81843750001
2026-04-25,02:53:00.000,2026-04-25 02:53:00,35333.77,1382.78,2407.41,35451.75,35332.44562500002,1381.2796875000013,2407.2896875000015,35450.34843750001
2026-04-25,02:54:00.000,2026-04-25 02:54:00,35333.96,1382.39,2407.97,35451.97,35332.63562500003,1380.8896875000012,2407.849687500002,35450.568437500006
2026-04-25,02:55:00.000,2026-04-25 02:55:00,35334.18,1382.36,2408.02,35452.18,35332.85562500003,1380.859687500001,2407.899687500002,35450.77843750001
2026-04-25,02:56:00.000,2026-04-25 02:56:00,35333.65,1382.21,2408.17,35451.69,35331.97937500004,1380.985937500001,2407.627187500002,35449.917187500025
2026-04-25,02:57:00.000,2026-04-25 02:57:00,35333.36,1382.18,2408.06,35451.37,35331.68937500003,1380.9559375000013,2407.5171875000015,35449.59718750002
2026-04-25,02:58:00.000,2026-04-25 02:58:00,35333.37,1382.21,2408.36,35451.41,35331.69937500003,1380.985937500001,2407.817187500003,35449.637187500026
2026-04-25,02:59:00.000,2026-04-25 02:59:00,35333.39,1382.15,2408.54,35451.43,35331.71937500004,1380.925937500001,2407.9971875000024,35449.657187500015
2026-04-25,03:00:00.000,2026-04-25 03:00:00,35333.88,1381.88,2408.61,35451.92,35332.209375000035,1380.6559375000013,2408.0671875000016,35450.14718750001
2026-04-25,03:01:00.000,2026-04-25 03:01:00,35333.82,1381.65,2408.91,35451.89,35332.14937500004,1380.4259375000013,2408.367187500002,35450.117187500015
2026-04-25,03:02:00.000,2026-04-25 03:02:00,35333.99,1381.85,2408.89,35452.06,35332.31937500002,1380.625937500001,2408.3471875000014,35450.28718750001
2026-04-25,03:03:00.000,2026-04-25 03:03:00,35334.76,1382.44,2408.85,35452.83,35333.089375000025,1381.2159375000012,2408.3071875000014,35451.05718750002
2026-04-25,03:04:00.000,2026-04-25 03:04:00,35334.89,1383.04,2408.98,35453.0,35331.465625000026,1380.4084375000014,2408.4846875000017,35449.415937500016
2026-04-25,03:05:00.000,2026-04-25 03:05:00,35335.33,1383.24,2408.63,35453.42,35331.90562500003,1380.6084375000012,2408.134687500002,35449.835937500015
2026-04-25,03:06:00.000,2026-04-25 03:06:00,35335.35,1383.58,2408.76,35453.47,35331.92562500003,1380.9484375000009,2408.2646875000028,35449.88593750002
2026-04-25,03:07:00.000,2026-04-25 03:07:00,35335.51,1383.55,2408.73,35453.64,35332.085625000036,1380.9184375000011,2408.234687500002,35450.055937500016
2026-04-25,03:08:00.000,2026-04-25 03:08:00,35335.49,1383.55,2408.73,35453.6,35332.065625000025,1380.9184375000011,2408.2346875000017,35450.01593750001
2026-04-25,03:09:00.000,2026-04-25 03:09:00,35335.81,1383.53,2408.09,35453.89,35332.38562500003,1380.8984375000011,2407.5946875000013,35450.305937500016
2026-04-25,03:10:00.000,2026-04-25 03:10:00,35336.11,1383.61,2407.85,35454.18,35332.685625000035,1380.978437500001,2407.3546875000015,35450.59593750002
2026-04-25,03:11:00.000,2026-04-25 03:11:00,35335.76,1383.73,2408.24,35453.89,35332.33562500004,1381.098437500001,2407.744687500001,35450.30593750001
2026-04-25,03:12:00.000,2026-04-25 03:12:00,35335.74,1383.7,2408.26,35453.85,35344.84781250002,1382.2845312500008,2405.9265025018567,35462.64703125003
2026-04-25,03:13:00.000,2026-04-25 03:13:00,35336.13,1383.68,2408.06,35454.23,35345.23781250002,1382.2645312500008,2405.726502501856,35463.027031250036
2026-04-25,03:14:00.000,2026-04-25 03:14:00,35336.2,1383.86,2408.25,35454.33,35345.30781250002,1382.4445312500006,2405.916502501856,35463.12703125004
2026-04-25,03:15:00.000,2026-04-25 03:15:00,35336.75,1384.17,2408.07,35454.87,35345.85781250002,1382.754531250001,2405.7365025018566,35463.667031250036
2026-04-25,03:16:00.000,2026-04-25 03:16:00,35337.08,1384.35,2408.26,35455.23,35346.18781250002,1382.934531250001,2405.9265025018553,35464.02703125004
2026-04-25,03:17:00.000,2026-04-25 03:17:00,35337.25,1384.5,2408.57,35455.43,35346.35781250002,1383.0845312500012,2406.2365025018557,35464.22703125004
2026-04-25,03:18:00.000,2026-04-25 03:18:00,35337.51,1384.55,2408.49,35455.67,35346.617812500015,1383.1345312500014,2406.156502501855,35464.46703125004
2026-04-25,03:19:00.000,2026-04-25 03:19:00,35338.04,1384.43,2408.59,35456.21,35347.147812500014,1383.0145312500015,2406.2565025018553,35465.00703125003
2026-04-25,03:20:00.000,2026-04-25 03:20:00,35338.66,1384.48,2408.61,35456.83,35344.251562500016,1382.743281250001,2406.680252501856,35462.129531250044
2026-04-25,03:21:00.000,2026-04-25 03:21:00,35339.22,1384.43,2408.38,35457.37,35344.811562500014,1382.6932812500008,2406.4502525018565,35462.66953125004
2026-04-25,03:22:00.000,2026-04-25 03:22:00,35339.81,1384.54,2407.8,35457.93,35345.4015625,1382.803281250001,2405.870252501856,35463.22953125005
2026-04-25,03:23:00.000,2026-04-25 03:23:00,35340.1,1384.57,2407.99,35458.23,35345.69156250001,1382.8332812500012,2406.0602525018558,35463.52953125005
2026-04-25,03:24:00.000,2026-04-25 03:24:00,35340.62,1384.42,2407.77,35458.73,35346.21156250003,1382.683281250001,2405.8402525018555,35464.02953125003
2026-04-25,03:25:00.000,2026-04-25 03:25:00,35341.07,1384.39,2407.73,35459.18,35346.66156250003,1382.6532812500013,2405.8002525018555,35464.47953125003
2026-04-25,03:26:00.000,2026-04-25 03:26:00,35341.55,1384.46,2407.53,35459.64,35347.14156250002,1382.723281250001,2405.6002525018553,35464.939531250035
2026-04-25,03:27:00.000,2026-04-25 03:27:00,35341.8,1384.52,2407.51,35459.89,35347.39156250002,1382.783281250001,2405.5802525018557,35465.189531250035
2026-04-25,03:28:00.000,2026-04-25 03:28:00,35342.3,1384.81,2407.02,35460.37,35345.20906250003,1382.8707812500013,2406.2202525018556,35463.05328125005
2026-04-25,03:29:00.000,2026-04-25 03:29:00,35342.28,1384.6,2407.41,35460.37,35345.18906250002,1382.6607812500013,2406.610252501855,35463.05328125005
2026-04-25,03:30:00.000,2026-04-25 03:30:00,35342.39,1384.61,2407.22,35460.47,35345.29906250001,1382.670781250001,2406.4202525018554,35463.153281250045
2026-04-25,03:31:00.000,2026-04-25 03:31:00,35342.77,1384.78,2406.92,35460.84,35345.679062500014,1382.840781250001,2406.1202525018552,35463.52328125004
2026-04-25,03:32:00.000,2026-04-25 03:32:00,35343.12,1384.76,2407.1,35461.2,35346.02906250002,1382.8207812500013,2406.3002525018564,35463.883281250026
2026-04-25,03:33:00.000,2026-04-25 03:33:00,35343.54,1384.73,2406.51,35461.58,35346.44906250002,1382.7907812500011,2405.7102525018563,35464.26328125003
2026-04-25,03:34:00.000,2026-04-25 03:34:00,35343.97,1384.58,2405.95,35461.98,35346.87906250002,1382.640781250001,2405.1502525018554,35464.66328125004
2026-04-25,03:35:00.000,2026-04-25 03:35:00,35343.92,1384.56,2406.15,35461.92,35346.829062500015,1382.620781250001,2405.350252501856,35464.60328125003
2026-04-25,03:36:00.000,2026-04-25 03:36:00,35343.97,1384.42,2405.88,35461.96,35345.27156250002,1382.7882812500015,2406.681502501856,35463.154531250046
2026-04-25,03:37:00.000,2026-04-25 03:37:00,35344.64,1384.45,2404.8,35462.54,35345.94156250002,1382.8182812500013,2405.601502501856,35463.73453125005
2026-04-25,03:38:00.000,2026-04-25 03:38:00,35344.37,1384.49,2405.19,35462.32,35345.671562500014,1382.8582812500013,2405.9915025018554,35463.51453125004
2026-04-25,03:39:00.000,2026-04-25 03:39:00,35344.7,1384.53,2404.42,35462.59,35346.001562500016,1382.8982812500012,2405.221502501856,35463.78453125004
2026-04-25,03:40:00.000,2026-04-25 03:40:00,35344.61,1384.23,2405.4,35462.56,35345.91156250003,1382.598281250001,2406.201502501856,35463.75453125003
2026-04-25,03:41:00.000,2026-04-25 03:41:00,35344.62,1384.28,2405.29,35462.55,35345.92156250002,1382.6482812500008,2406.0915025018553,35463.744531250035
2026-04-25,03:42:00.000,2026-04-25 03:42:00,35344.95,1384.18,2405.35,35462.89,35346.251562500016,1382.548281250001,2406.1515025018557,35464.08453125004
2026-04-25,03:43:00.000,2026-04-25 03:43:00,35345.29,1384.39,2405.14,35463.23,35346.59156250003,1382.7582812500011,2405.9415025018557,35464.424531250035
2026-04-25,03:44:00.000,2026-04-25 03:44:00,35345.81,1384.23,2405.37,35463.75,35344.18531250002,1383.2279263574874,2404.6538099981476,35462.14078125004
2026-04-25,03:45:00.000,2026-04-25 03:45:00,35346.42,1384.19,2404.81,35464.31,35344.79531250002,1383.1879263574874,2404.093809998148,35462.70078125004
2026-04-25,03:46:00.000,2026-04-25 03:46:00,35347.22,1384.2,2403.88,35465.03,35345.59531250002,1383.1979263574874,2403.1638099981487,35463.42078125004
2026-04-25,03:47:00.000,2026-04-25 03:47:00,35347.85,1384.08,2403.67,35465.65,35346.22531250001,1383.077926357487,2402.9538099981487,35464.040781250034
2026-04-25,03:48:00.000,2026-04-25 03:48:00,35347.75,1383.9,2403.79,35465.54,35346.12531250002,1382.8979263574877,2403.0738099981486,35463.93078125004
2026-04-25,03:49:00.000,2026-04-25 03:49:00,35348.19,1383.72,2403.2,35465.96,35346.565312500024,1382.7179263574874,2402.4838099981484,35464.35078125004
2026-04-25,03:50:00.000,2026-04-25 03:50:00,35348.38,1383.46,2403.72,35466.17,35346.75531250002,1382.4579263574874,2403.003809998148,35464.56078125004
2026-04-25,03:51:00.000,2026-04-25 03:51:00,35348.94,1383.15,2403.16,35466.66,35347.31531250002,1382.1479263574874,2402.4438099981485,35465.050781250044
2026-04-25,03:52:00.000,2026-04-25 03:52:00,35348.96,1382.93,2403.56,35466.71,35344.69406250002,1383.7104263574877,2404.0900599981487,35462.604531250036
2026-04-25,03:53:00.000,2026-04-25 03:53:00,35349.61,1382.77,2403.16,35467.33,35345.344062500015,1383.5504263574874,2403.690059998148,35463.224531250045
2026-04-25,03:54:00.000,2026-04-25 03:54:00,35349.89,1382.37,2403.07,35467.58,35345.62406250001,1383.150426357487,2403.600059998148,35463.47453125003
2026-04-25,03:55:00.000,2026-04-25 03:55:00,35350.27,1382.09,2402.79,35467.96,35346.00406250001,1382.8704263574873,2403.3200599981483,35463.854531250036
2026-04-25,03:56:00.000,2026-04-25 03:56:00,35350.4,1381.95,2402.55,35468.06,35346.13406250002,1382.7304263574872,2403.080059998148,35463.95453125004
2026-04-25,03:57:00.000,2026-04-25 03:57:00,35350.62,1381.66,2402.65,35468.28,35346.354062500024,1382.4404263574872,2403.1800599981484,35464.17453125004
2026-04-25,03:58:00.000,2026-04-25 03:58:00,35350.68,1381.5,2402.55,35468.32,35346.41406250002,1382.2804263574874,2403.0800599981485,35464.214531250036
2026-04-25,03:59:00.000,2026-04-25 03:59:00,35351.26,1381.4,2401.3,35468.8,35346.99406250002,1382.1804263574875,2401.8300599981485,35464.69453125005
2026-04-25,04:00:00.000,2026-04-25 04:00:00,35350.96,1380.88,2402.0,35468.55,35345.24781250002,1383.5761361425152,2403.907559998148,35463.16203125004
2026-04-25,04:01:00.000,2026-04-25 04:01:00,35351.92,1380.34,2401.27,35469.43,35346.20781250001,1383.0361361425148,2403.1775599981484,35464.04203125003
2026-04-25,04:02:00.000,2026-04-25 04:02:00,35351.45,1380.17,2401.59,35468.97,35345.73781250002,1382.8661361425145,2403.497559998149,35463.582031250044
2026-04-25,04:03:00.000,2026-04-25 04:03:00,35351.64,1379.91,2401.0,35469.13,35345.92781250002,1382.6061361425147,2402.907559998149,35463.74203125003
2026-04-25,04:04:00.000,2026-04-25 04:04:00,35351.44,1379.72,2401.58,35468.97,35345.72781250002,1382.416136142515,2403.4875599981483,35463.58203125004
2026-04-25,04:05:00.000,2026-04-25 04:05:00,35351.57,1379.66,2401.36,35469.07,35345.85781250001,1382.356136142515,2403.267559998148,35463.68203125004
2026-04-25,04:06:00.000,2026-04-25 04:06:00,35352.0,1379.42,2400.83,35469.45,35346.28781250001,1382.116136142515,2402.7375599981483,35464.06203125005
2026-04-25,04:07:00.000,2026-04-25 04:07:00,35352.28,1379.25,2400.98,35469.73,35346.56781250001,1381.946136142515,2402.887559998148,35464.342031250046
2026-04-25,04:08:00.000,2026-04-25 04:08:00,35352.28,1378.91,2401.41,35469.74,35344.97281250002,1383.1586361425148,2403.950059998148,35462.868281250034
2026-04-25,04:09:00.000,2026-04-25 04:09:00,35352.97,1378.92,2400.47,35470.36,35345.66281250002,1383.168636142515,2403.0100599981483,35463.488281250044
2026-04-25,04:10:00.000,2026-04-25 04:10:00,35352.78,1378.69,2400.95,35470.21,35345.47281250001,1382.9386361425147,2403.490059998148,35463.338281250035
2026-04-25,04:11:00.000,2026-04-25 04:11:00,35353.07,1378.42,2400.77,35470.5,35345.76281250002,1382.6686361425147,2403.3100599981485,35463.62828125004
2026-04-25,04:12:00.000,2026-04-25 04:12:00,35353.46,1378.19,2400.58,35470.82,35346.152812500026,1382.438636142515,2403.120059998149,35463.948281250036
2026-04-25,04:13:00.000,2026-04-25 04:13:00,35353.5,1378.05,2400.73,35470.88,35346.19281250002,1382.298636142515,2403.2700599981486,35464.00828125003
2026-04-25,04:14:00.000,2026-04-25 04:14:00,35353.98,1377.87,2400.25,35471.34,35346.67281250002,1382.118636142515,2402.790059998149,35464.46828125003
2026-04-25,04:15:00.000,2026-04-25 04:15:00,35353.98,1377.88,2400.39,35471.32,35346.67281250002,1382.1286361425152,2402.9300599981484,35464.44828125003
2026-04-25,04:16:00.000,2026-04-25 04:16:00,35354.74,1377.79,2400.22,35472.08,35363.44531250004,1371.6052696441802,2397.107021868051,35480.17671875004
2026-04-25,04:17:00.000,2026-04-25 04:17:00,35355.14,1377.69,2400.18,35472.47,35363.84531250003,1371.5052696441803,2397.067021868051,35480.56671875004
2026-04-25,04:18:00.000,2026-04-25 04:18:00,35355.15,1377.49,2400.22,35472.48,35363.85531250003,1371.3052696441803,2397.107021868051,35480.57671875003
2026-04-25,04:19:00.000,2026-04-25 04:19:00,35355.37,1377.13,2399.82,35472.69,35364.075312500034,1370.9452696441806,2396.7070218680515,35480.78671875004
2026-04-25,04:20:00.000,2026-04-25 04:20:00,35355.16,1377.3,2399.92,35472.47,35363.865312500035,1371.1152696441804,2396.807021868052,35480.56671875003
2026-04-25,04:21:00.000,2026-04-25 04:21:00,35355.47,1377.09,2400.16,35472.77,35364.17531250003,1370.9052696441804,2397.0470218680516,35480.86671875002
2026-04-25,04:22:00.000,2026-04-25 04:22:00,35356.33,1377.18,2399.3,35473.59,35365.03531250003,1370.9952696441803,2396.1870218680524,35481.68671875002
2026-04-25,04:23:00.000,2026-04-25 04:23:00,35357.26,1376.86,2398.98,35474.47,35365.96531250004,1370.6752696441802,2395.867021868052,35482.56671875002
2026-04-25,04:24:00.000,2026-04-25 04:24:00,35357.6,1376.74,2399.06,35474.82,35363.484062500036,1372.02776964418,2397.507021868051,35480.272968750025
2026-04-25,04:25:00.000,2026-04-25 04:25:00,35358.08,1376.46,2398.37,35475.23,35363.96406250005,1371.7477696441802,2396.8170218680516,35480.68296875003
2026-04-25,04:26:00.000,2026-04-25 04:26:00,35357.84,1376.14,2398.67,35475.01,35363.72406250004,1371.4277696441802,2397.1170218680513,35480.46296875003
2026-04-25,04:27:00.000,2026-04-25 04:27:00,35358.47,1375.84,2398.05,35475.58,35364.354062500046,1371.12776964418,2396.4970218680514,35481.03296875002
2026-04-25,04:28:00.000,2026-04-25 04:28:00,35358.35,1375.64,2398.39,35475.48,35364.23406250003,1370.9277696441807,2396.837021868051,35480.93296875004
2026-04-25,04:29:00.000,2026-04-25 04:29:00,35359.06,1375.53,2397.62,35476.11,35364.944062500035,1370.8177696441805,2396.0670218680516,35481.56296875003
2026-04-25,04:30:00.000,2026-04-25 04:30:00,35358.74,1375.32,2398.24,35475.83,35364.624062500036,1370.6077696441803,2396.687021868052,35481.28296875003
2026-04-25,04:31:00.000,2026-04-25 04:31:00,35359.05,1375.08,2397.92,35476.11,35364.93406250003,1370.3677696441805,2396.3670218680522,35481.562968750026
2026-04-25,04:32:00.000,2026-04-25 04:32:00,35359.33,1374.7,2397.94,35476.37,35362.192812500034,1371.2599518161614,2397.3346905114913,35479.01296875003
2026-04-25,04:33:00.000,2026-04-25 04:33:00,35360.0,1374.1,2397.18,35476.98,35362.86281250003,1370.659951816161,2396.574690511491,35479.62296875003
2026-04-25,04:34:00.000,2026-04-25 04:34:00,35359.84,1373.56,2397.47,35476.82,35362.702812500036,1370.1199518161611,2396.8646905114915,35479.46296875003
2026-04-25,04:35:00.000,2026-04-25 04:35:00,35360.67,1373.26,2397.0,35477.59,35363.53281250004,1369.8199518161614,2396.3946905114913,35480.23296875002
2026-04-25,04:36:00.000,2026-04-25 04:36:00,35361.58,1372.87,2396.7,35478.48,35364.44281250004,1369.429951816161,2396.0946905114915,35481.12296875003
2026-04-25,04:37:00.000,2026-04-25 04:37:00,35362.46,1372.55,2396.57,35479.33,35365.32281250003,1369.109951816161,2395.9646905114914,35481.97296875002
2026-04-25,04:38:00.000,2026-04-25 04:38:00,35363.4,1372.18,2396.29,35480.22,35366.26281250004,1368.7399518161615,2395.684690511491,35482.86296875003
2026-04-25,04:39:00.000,2026-04-25 04:39:00,35364.08,1372.01,2395.78,35480.86,35366.942812500034,1368.5699518161614,2395.174690511491,35483.50296875003
2026-04-25,04:40:00.000,2026-04-25 04:40:00,35364.9,1371.43,2395.19,35481.64,35362.24281250003,1371.1395070422548,2396.199775759825,35479.030468750025
2026-04-25,04:41:00.000,2026-04-25 04:41:00,35365.5,1370.75,2395.25,35482.2,35362.842812500036,1370.459507042255,2396.2597757598255,35479.59046875002
2026-04-25,04:42:00.000,2026-04-25 04:42:00,35366.14,1370.62,2394.69,35482.81,35363.482812500035,1370.3295070422546,2395.699775759825,35480.20046875002
2026-04-25,04:43:00.000,2026-04-25 04:43:00,35366.88,1370.61,2394.2,35483.52,35364.22281250004,1370.3195070422544,2395.2097757598244,35480.91046875003
2026-04-25,04:44:00.000,2026-04-25 04:44:00,35366.76,1369.93,2394.66,35483.41,35364.10281250004,1369.639507042255,2395.6697757598254,35480.80046875003
2026-04-25,04:45:00.000,2026-04-25 04:45:00,35367.61,1369.15,2394.43,35484.21,35364.95281250003,1368.8595070422548,2395.439775759825,35481.60046875003
2026-04-25,04:46:00.000,2026-04-25 04:46:00,35369.14,1368.74,2393.92,35485.69,35366.48281250004,1368.449507042255,2394.9297757598256,35483.080468750035
2026-04-25,04:47:00.000,2026-04-25 04:47:00,35368.59,1368.41,2394.42,35485.19,35365.93281250004,1368.119507042255,2395.4297757598256,35482.580468750035
2026-04-25,04:48:00.000,2026-04-25 04:48:00,35368.55,1368.22,2393.8,35485.09,35364.092812500036,1369.270000463308,2394.8181849981484,35480.839218750036
2026-04-25,04:49:00.000,2026-04-25 04:49:00,35368.88,1367.8,2393.53,35485.38,35364.42281250004,1368.8500004633079,2394.548184998149,35481.12921875003
2026-04-25,04:50:00.000,2026-04-25 04:50:00,35369.39,1367.56,2393.17,35485.88,35364.932812500025,1368.6100004633076,2394.188184998149,35481.62921875002
2026-04-25,04:51:00.000,2026-04-25 04:51:00,35369.38,1367.36,2393.42,35485.87,35364.92281250003,1368.4100004633078,2394.438184998149,35481.61921875003
2026-04-25,04:52:00.000,2026-04-25 04:52:00,35369.0,1367.12,2392.88,35485.46,35364.54281250003,1368.1700004633076,2393.898184998149,35481.209218750024
2026-04-25,04:53:00.000,2026-04-25 04:53:00,35368.83,1366.86,2393.06,35485.31,35364.372812500034,1367.9100004633078,2394.0781849981486,35481.05921875003
2026-04-25,04:54:00.000,2026-04-25 04:54:00,35368.28,1366.84,2392.89,35484.75,35363.82281250004,1367.890000463308,2393.908184998149,35480.499218750025
2026-04-25,04:55:00.000,2026-04-25 04:55:00,35367.61,1366.64,2392.95,35484.06,35363.15281250004,1367.6900004633083,2393.9681849981494,35479.80921875002
2026-04-25,04:56:00.000,2026-04-25 04:56:00,35367.32,1366.41,2392.38,35483.73,35365.23906250003,1369.151250463308,2393.948184998149,35481.93296875003
2026-04-25,04:57:00.000,2026-04-25 04:57:00,35367.2,1366.09,2392.32,35483.59,35365.11906250002,1368.831250463308,2393.8881849981494,35481.79296875003
2026-04-25,04:58:00.000,2026-04-25 04:58:00,35367.03,1365.85,2392.43,35483.42,35364.94906250003,1368.591250463308,2393.9981849981486,35481.62296875004
2026-04-25,04:59:00.000,2026-04-25 04:59:00,35366.95,1365.92,2392.02,35483.3,35364.86906250003,1368.661250463308,2393.588184998149,35481.50296875004
2026-04-25,05:00:00.000,2026-04-25 05:00:00,35366.11,1365.62,2392.92,35482.55,35364.029062500034,1368.3612504633077,2394.488184998149,35480.75296875003
2026-04-25,05:01:00.000,2026-04-25 05:01:00,35365.65,1365.25,2392.96,35482.07,35363.56906250004,1367.9912504633078,2394.528184998149,35480.27296875002
2026-04-25,05:02:00.000,2026-04-25 05:02:00,35365.22,1364.95,2393.15,35481.65,35363.139062500035,1367.6912504633078,2394.7181849981494,35479.85296875003
2026-04-25,05:03:00.000,2026-04-25 05:03:00,35365.43,1364.78,2393.12,35481.86,35363.34906250004,1367.5212504633078,2394.6881849981487,35480.06296875002
2026-04-25,05:04:00.000,2026-04-25 05:04:00,35365.66,1364.64,2392.8,35482.09,35363.60406250004,1369.1437504633082,2393.5969349981488,35480.33421875002
2026-04-25,05:05:00.000,2026-04-25 05:05:00,35365.35,1364.26,2393.14,35481.76,35363.29406250003,1368.763750463308,2393.936934998149,35480.00421875003
2026-04-25,05:06:00.000,2026-04-25 05:06:00,35365.19,1364.14,2393.53,35481.61,35363.13406250003,1368.6437504633084,2394.3269349981497,35479.85421875003
2026-04-25,05:07:00.000,2026-04-25 05:07:00,35365.85,1363.98,2393.29,35482.24,35363.794062500034,1368.483750463308,2394.086934998149,35480.48421875002
2026-04-25,05:08:00.000,2026-04-25 05:08:00,35366.08,1363.85,2393.85,35482.47,35364.02406250004,1368.3537504633073,2394.646934998149,35480.71421875003
2026-04-25,05:09:00.000,2026-04-25 05:09:00,35366.77,1363.57,2393.8,35483.17,35364.71406250004,1368.0737504633075,2394.5969349981488,35481.414218750026
2026-04-25,05:10:00.000,2026-04-25 05:10:00,35367.76,1363.31,2393.03,35484.08,35365.70406250004,1367.8137504633075,2393.826934998149,35482.32421875003
2026-04-25,05:11:00.000,2026-04-25 05:11:00,35368.05,1363.02,2394.03,35484.42,35365.994062500045,1367.5237504633076,2394.826934998149,35482.664218750026
2026-04-25,05:12:00.000,2026-04-25 05:12:00,35368.43,1362.82,2393.76,35484.78,35362.22906250003,1369.1525004633081,2394.6381849981494,35479.000468750026
2026-04-25,05:13:00.000,2026-04-25 05:13:00,35368.61,1362.42,2393.96,35484.95,35362.40906250004,1368.752500463308,2394.8381849981492,35479.170468750024
2026-04-25,05:14:00.000,2026-04-25 05:14:00,35369.96,1362.22,2393.19,35486.21,35363.75906250004,1368.552500463308,2394.068184998149,35480.430468750026
2026-04-25,05:15:00.000,2026-04-25 05:15:00,35370.96,1362.03,2393.46,35487.24,35364.75906250004,1368.362500463308,2394.3381849981492,35481.460468750025
2026-04-25,05:16:00.000,2026-04-25 05:16:00,35371.52,1362.03,2393.29,35487.8,35365.31906250004,1368.3625004633077,2394.1681849981487,35482.02046875004
2026-04-25,05:17:00.000,2026-04-25 05:17:00,35371.86,1361.79,2393.36,35488.11,35365.65906250004,1368.1225004633075,2394.2381849981484,35482.330468750035
2026-04-25,05:18:00.000,2026-04-25 05:18:00,35371.75,1361.49,2392.7,35487.94,35365.54906250004,1367.8225004633077,2393.578184998149,35482.16046875004
2026-04-25,05:19:00.000,2026-04-25 05:19:00,35370.78,1361.34,2393.1,35487.0,35364.57906250004,1367.6725004633076,2393.9781849981487,35481.220468750034
2026-04-25,05:20:00.000,2026-04-25 05:20:00,35370.05,1361.51,2393.12,35486.26,35383.18812500003,1357.7585937500014,2392.919843750001,35499.19750000004
2026-04-25,05:21:00.000,2026-04-25 05:21:00,35369.75,1361.37,2393.03,35485.95,35382.88812500003,1357.618593750001,2392.8298437500007,35498.887500000026
2026-04-25,05:22:00.000,2026-04-25 05:22:00,35370.13,1361.08,2392.12,35486.25,35383.26812500002,1357.3285937500016,2391.9198437500004,35499.18750000003
2026-04-25,05:23:00.000,2026-04-25 05:23:00,35370.2,1360.74,2393.18,35486.38,35383.338125000024,1356.9885937500014,2392.979843750001,35499.317500000034
2026-04-25,05:24:00.000,2026-04-25 05:24:00,35370.92,1360.48,2392.95,35487.07,35384.058125000025,1356.7285937500014,2392.749843750001,35500.00750000003
2026-04-25,05:25:00.000,2026-04-25 05:25:00,35371.56,1360.05,2393.34,35487.71,35384.698125000024,1356.2985937500016,2393.1398437500015,35500.64750000003
2026-04-25,05:26:00.000,2026-04-25 05:26:00,35372.85,1359.44,2392.8,35488.92,35385.98812500003,1355.6885937500015,2392.5998437500016,35501.857500000035
2026-04-25,05:27:00.000,2026-04-25 05:27:00,35373.64,1359.0,2392.59,35489.7,35386.77812500004,1355.2485937500014,2392.3898437500015,35502.63750000003
2026-04-25,05:28:00.000,2026-04-25 05:28:00,35373.6,1359.03,2393.06,35489.67,35381.27687500002,1357.327343750001,2392.931093750001,35497.26875000004
2026-04-25,05:29:00.000,2026-04-25 05:29:00,35374.81,1358.74,2392.73,35490.82,35382.486875000024,1357.0373437500011,2392.601093750001,35498.41875000003
2026-04-25,05:30:00.000,2026-04-25 05:30:00,35375.52,1358.71,2393.0,35491.57,35383.19687500003,1357.0073437500014,2392.871093750001,35499.16875000003
2026-04-25,05:31:00.000,2026-04-25 05:31:00,35376.82,1358.63,2392.47,35492.82,35384.49687500003,1356.9273437500015,2392.3410937500003,35500.41875000003
2026-04-25,05:32:00.000,2026-04-25 05:32:00,35377.68,1358.38,2392.28,35493.66,35385.35687500003,1356.6773437500017,2392.1510937500016,35501.25875000003
2026-04-25,05:33:00.000,2026-04-25 05:33:00,35377.64,1358.07,2393.05,35493.66,35385.31687500003,1356.3673437500017,2392.921093750001,35501.25875000003
2026-04-25,05:34:00.000,2026-04-25 05:34:00,35378.16,1357.93,2392.93,35494.17,35385.83687500004,1356.2273437500014,2392.8010937500007,35501.768750000025
2026-04-25,05:35:00.000,2026-04-25 05:35:00,35378.56,1357.79,2393.04,35494.58,35386.23687500003,1356.087343750001,2392.9110937500013,35502.17875000003
2026-04-25,05:36:00.000,2026-04-25 05:36:00,35378.9,1357.78,2392.78,35494.91,35383.62562500002,1357.3623437500012,2392.752343750001,35499.58500000005
2026-04-25,05:37:00.000,2026-04-25 05:37:00,35379.03,1357.35,2393.17,35495.04,35383.75562500003,1356.9323437500013,2393.1423437500002,35499.71500000004
2026-04-25,05:38:00.000,2026-04-25 05:38:00,35379.54,1357.41,2392.73,35495.53,35384.26562500004,1356.9923437500013,2392.702343750001,35500.20500000003
2026-04-25,05:39:00.000,2026-04-25 05:39:00,35379.58,1357.14,2392.8,35495.58,35384.30562500003,1356.7223437500013,2392.772343750001,35500.255000000034
2026-04-25,05:40:00.000,2026-04-25 05:40:00,35379.37,1357.01,2392.85,35495.38,35384.09562500003,1356.5923437500014,2392.822343750001,35500.05500000003
2026-04-25,05:41:00.000,2026-04-25 05:41:00,35379.75,1356.94,2392.61,35495.74,35384.475625000036,1356.5223437500017,2392.582343750001,35500.41500000003
2026-04-25,05:42:00.000,2026-04-25 05:42:00,35380.09,1356.71,2392.43,35496.06,35384.815625000025,1356.2923437500017,2392.402343750001,35500.73500000003
2026-04-25,05:43:00.000,2026-04-25 05:43:00,35380.14,1356.66,2392.38,35496.1,35384.86562500003,1356.242343750002,2392.3523437500007,35500.77500000002
2026-04-25,05:44:00.000,2026-04-25 05:44:00,35379.65,1356.67,2392.95,35495.65,35383.06812500003,1357.0410937500014,2392.709843750001,35499.035000000025
2026-04-25,05:45:00.000,2026-04-25 05:45:00,35379.82,1356.6,2392.3,35495.76,35383.238125000025,1356.9710937500013,2392.059843750001,35499.145000000026
2026-04-25,05:46:00.000,2026-04-25 05:46:00,35380.11,1356.54,2392.36,35496.06,35383.52812500002,1356.9110937500013,2392.119843750001,35499.44500000003
2026-04-25,05:47:00.000,2026-04-25 05:47:00,35380.3,1356.56,2392.94,35496.29,35383.71812500002,1356.9310937500013,2392.699843750001,35499.675000000025
2026-04-25,05:48:00.000,2026-04-25 05:48:00,35381.28,1356.23,2392.51,35497.22,35384.69812500003,1356.6010937500012,2392.2698437500007,35500.60500000005
2026-04-25,05:49:00.000,2026-04-25 05:49:00,35381.44,1356.16,2393.55,35497.46,35384.858125000035,1356.5310937500014,2393.3098437500007,35500.84500000004
2026-04-25,05:50:00.000,2026-04-25 05:50:00,35381.76,1356.03,2393.54,35497.77,35385.178125000035,1356.4010937500016,2393.2998437500005,35501.15500000003
2026-04-25,05:51:00.000,2026-04-25 05:51:00,35382.5,1355.9,2393.3,35498.45,35385.918125000026,1356.2710937500015,2393.0598437500007,35501.83500000002
2026-04-25,05:52:00.000,2026-04-25 05:52:00,35383.31,1355.91,2393.32,35499.25,35382.27437500002,1356.8873437500015,2392.787343750001,35498.22750000004
2026-04-25,05:53:00.000,2026-04-25 05:53:00,35384.31,1355.77,2393.52,35500.27,35383.27437500002,1356.7473437500016,2392.987343750001,35499.24750000003
2026-04-25,05:54:00.000,2026-04-25 05:54:00,35384.88,1355.89,2393.39,35500.83,35383.84437500002,1356.8673437500017,2392.857343750001,35499.80750000004
2026-04-25,05:55:00.000,2026-04-25 05:55:00,35385.39,1355.89,2393.46,35501.34,35384.35437500003,1356.8673437500017,2392.9273437500015,35500.317500000034
2026-04-25,05:56:00.000,2026-04-25 05:56:00,35386.03,1355.87,2392.89,35501.94,35384.99437500004,1356.847343750001,2392.3573437500004,35500.91750000003
2026-04-25,05:57:00.000,2026-04-25 05:57:00,35386.08,1355.71,2393.21,35502.0,35385.04437500004,1356.6873437500012,2392.677343750001,35500.97750000003
2026-04-25,05:58:00.000,2026-04-25 05:58:00,35386.25,1355.43,2393.06,35502.15,35385.21437500003,1356.4073437500012,2392.527343750001,35501.12750000003
2026-04-25,05:59:00.000,2026-04-25 05:59:00,35386.24,1355.37,2392.94,35502.14,35385.20437500002,1356.3473437500013,2392.407343750001,35501.11750000004
2026-04-25,06:00:00.000,2026-04-25 06:00:00,35386.72,1355.17,2393.02,35502.62,35383.69687500003,1356.6798437500015,2392.6935937500007,35499.64375000004
2026-04-25,06:01:00.000,2026-04-25 06:01:00,35387.17,1355.34,2392.79,35503.06,35384.14687500003,1356.8498437500011,2392.463593750001,35500.08375000003
2026-04-25,06:02:00.000,2026-04-25 06:02:00,35387.03,1355.33,2392.75,35502.91,35384.00687500002,1356.8398437500016,2392.423593750001,35499.93375000003
2026-04-25,06:03:00.000,2026-04-25 06:03:00,35386.46,1355.41,2392.95,35502.37,35383.43687500003,1356.9198437500015,2392.623593750001,35499.393750000025
2026-04-25,06:04:00.000,2026-04-25 06:04:00,35387.06,1355.19,2393.23,35502.97,35384.03687500003,1356.6998437500015,2392.9035937500007,35499.99375000003
2026-04-25,06:05:00.000,2026-04-25 06:05:00,35387.37,1355.16,2393.02,35503.26,35384.34687500004,1356.6698437500013,2392.6935937500007,35500.28375000004
2026-04-25,06:06:00.000,2026-04-25 06:06:00,35387.84,1355.01,2393.42,35503.75,35384.816875000026,1356.5198437500012,2393.093593750001,35500.77375000003
2026-04-25,06:07:00.000,2026-04-25 06:07:00,35388.74,1354.97,2392.96,35504.61,35385.716875000035,1356.4798437500012,2392.633593750001,35501.63375000003
2026-04-25,06:08:00.000,2026-04-25 06:08:00,35389.36,1355.12,2393.07,35505.24,35379.363125000025,1356.713593750001,2392.990426125835,35495.338750000024
2026-04-25,06:09:00.000,2026-04-25 06:09:00,35390.54,1355.02,2392.84,35506.37,35380.54312500002,1356.6135937500012,2392.7604261258343,35496.46875000003
2026-04-25,06:10:00.000,2026-04-25 06:10:00,35392.2,1354.96,2393.02,35508.05,35382.20312500002,1356.5535937500013,2392.9404261258337,35498.14875000004
2026-04-25,06:11:00.000,2026-04-25 06:11:00,35394.02,1355.07,2392.7,35509.84,35384.023125000014,1356.6635937500014,2392.620426125834,35499.93875000003
2026-04-25,06:12:00.000,2026-04-25 06:12:00,35395.56,1355.03,2392.82,35511.4,35385.56312500004,1356.6235937500016,2392.7404261258343,35501.498750000035
2026-04-25,06:13:00.000,2026-04-25 06:13:00,35397.41,1355.22,2392.69,35513.25,35387.41312500004,1356.8135937500017,2392.6104261258342,35503.34875000004
2026-04-25,06:14:00.000,2026-04-25 06:14:00,35397.47,1355.29,2392.92,35513.35,35387.47312500004,1356.8835937500014,2392.8404261258343,35503.44875000004
2026-04-25,06:15:00.000,2026-04-25 06:15:00,35397.62,1355.2,2392.43,35513.45,35387.623125000035,1356.7935937500017,2392.3504261258336,35503.54875000003
2026-04-25,06:16:00.000,2026-04-25 06:16:00,35398.17,1355.08,2392.46,35513.99,35383.26687500004,1356.4998437500012,2393.9955113741676,35499.29375000004
2026-04-25,06:17:00.000,2026-04-25 06:17:00,35398.69,1355.02,2391.89,35514.47,35383.78687500004,1356.4398437500013,2393.425511374168,35499.77375000004
2026-04-25,06:18:00.000,2026-04-25 06:18:00,35399.18,1354.94,2391.47,35514.93,35384.27687500003,1356.3598437500013,2393.005511374168,35500.233750000036
2026-04-25,06:19:00.000,2026-04-25 06:19:00,35399.76,1355.05,2391.61,35515.52,35384.856875000034,1356.4698437500015,2393.145511374168,35500.82375000003
2026-04-25,06:20:00.000,2026-04-25 06:20:00,35400.49,1355.16,2391.18,35516.22,35385.58687500003,1356.5798437500016,2392.7155113741683,35501.52375000003
2026-04-25,06:21:00.000,2026-04-25 06:21:00,35400.06,1355.55,2390.6,35515.76,35385.15687500002,1356.9698437500015,2392.1355113741683,35501.06375000004
2026-04-25,06:22:00.000,2026-04-25 06:22:00,35398.88,1355.64,2389.8,35514.54,35383.976875000015,1357.0598437500016,2391.3355113741686,35499.84375000003
2026-04-25,06:23:00.000,2026-04-25 06:23:00,35398.2,1355.86,2389.91,35513.88,35383.29687500002,1357.2798437500014,2391.4455113741683,35499.183750000026
2026-04-25,06:24:00.000,2026-04-25 06:24:00,35397.89,1356.04,2389.55,35513.53,35399.08250000003,1355.8450000000014,2389.3025000000016,35514.58328125004
2026-04-25,06:25:00.000,2026-04-25 06:25:00,35398.0,1355.94,2390.26,35513.7,35399.192500000034,1355.7450000000015,2390.0125000000016,35514.753281250036
2026-04-25,06:26:00.000,2026-04-25 06:26:00,35398.47,1356.03,2390.39,35514.16,35399.66250000003,1355.8350000000014,2390.1425000000013,35515.213281250035
2026-04-25,06:27:00.000,2026-04-25 06:27:00,35399.54,1355.85,2391.02,35515.27,35400.732500000035,1355.655000000001,2390.7725000000014,35516.323281250036
2026-04-25,06:28:00.000,2026-04-25 06:28:00,35398.86,1356.07,2390.79,35514.57,35400.05250000003,1355.8750000000011,2390.5425000000014,35515.623281250024
2026-04-25,06:29:00.000,2026-04-25 06:29:00,35400.06,1355.86,2390.66,35515.73,35401.252500000024,1355.665000000001,2390.4125000000013,35516.78328125003
2026-04-25,06:30:00.000,2026-04-25 06:30:00,35398.93,1356.02,2390.24,35514.62,35400.12250000003,1355.8250000000012,2389.9925000000007,35515.67328125003
2026-04-25,06:31:00.000,2026-04-25 06:31:00,35397.83,1355.81,2390.11,35513.51,35399.022500000036,1355.6150000000011,2389.8625000000006,35514.563281250026
2026-04-25,06:32:00.000,2026-04-25 06:32:00,35396.6,1356.0,2389.73,35512.26,35396.03250000002,1355.988750000001,2389.8425000000016,35511.60453125004
2026-04-25,06:33:00.000,2026-04-25 06:33:00,35396.55,1356.16,2389.51,35512.19,35395.982500000035,1356.1487500000012,2389.6225000000013,35511.534531250036
2026-04-25,06:34:00.000,2026-04-25 06:34:00,35397.31,1356.24,2390.05,35512.98,35396.74250000004,1356.2287500000011,2390.1625000000013,35512.32453125003
2026-04-25,06:35:00.000,2026-04-25 06:35:00,35399.28,1355.91,2390.66,35514.95,35398.71250000004,1355.8987500000012,2390.772500000001,35514.29453125003
2026-04-25,06:36:00.000,2026-04-25 06:36:00,35402.64,1355.49,2390.64,35518.28,35402.07250000003,1355.4787500000014,2390.7525000000014,35517.624531250025
2026-04-25,06:37:00.000,2026-04-25 06:37:00,35405.22,1355.27,2389.68,35520.8,35404.65250000003,1355.258750000001,2389.7925000000014,35520.14453125003
2026-04-25,06:38:00.000,2026-04-25 06:38:00,35404.04,1355.4,2390.44,35519.69,35403.47250000004,1355.3887500000014,2390.5525000000016,35519.034531250036
2026-04-25,06:39:00.000,2026-04-25 06:39:00,35402.02,1355.68,2389.43,35517.61,35401.452500000036,1355.6687500000016,2389.5425000000014,35516.954531250034
2026-04-25,06:40:00.000,2026-04-25 06:40:00,35400.41,1355.85,2389.78,35516.03,35400.217500000035,1355.5900000000013,2389.9837500000017,35515.78953125003
2026-04-25,06:41:00.000,2026-04-25 06:41:00,35399.71,1356.06,2389.93,35515.34,35399.51750000002,1355.8000000000013,2390.1337500000013,35515.09953125003
2026-04-25,06:42:00.000,2026-04-25 06:42:00,35399.9,1356.13,2389.66,35515.5,35399.70750000003,1355.8700000000015,2389.863750000001,35515.259531250034
2026-04-25,06:43:00.000,2026-04-25 06:43:00,35399.93,1356.11,2389.94,35515.51,35399.73750000003,1355.850000000001,2390.1437500000015,35515.26953125003
2026-04-25,06:44:00.000,2026-04-25 06:44:00,35400.07,1355.99,2390.18,35515.67,35399.87750000003,1355.7300000000014,2390.3837500000013,35515.429531250025
2026-04-25,06:45:00.000,2026-04-25 06:45:00,35400.39,1355.81,2389.52,35515.93,35400.19750000004,1355.550000000001,2389.7237500000015,35515.689531250035
2026-04-25,06:46:00.000,2026-04-25 06:46:00,35400.34,1356.07,2390.24,35515.94,35400.14750000003,1355.8100000000015,2390.4437500000013,35515.69953125003
2026-04-25,06:47:00.000,2026-04-25 06:47:00,35399.91,1356.12,2390.16,35515.52,35399.717500000035,1355.8600000000013,2390.3637500000013,35515.27953125003
2026-04-25,06:48:00.000,2026-04-25 06:48:00,35397.31,1355.84,2389.95,35512.92,35400.963750000024,1355.7200000000012,2389.7137500000013,35516.50328125003
2026-04-25,06:49:00.000,2026-04-25 06:49:00,35395.43,1355.8,2389.68,35511.01,35399.083750000034,1355.6800000000012,2389.4437500000017,35514.59328125004
2026-04-25,06:50:00.000,2026-04-25 06:50:00,35394.6,1355.89,2389.95,35510.2,35398.25375000003,1355.7700000000013,2389.713750000001,35513.78328125003
2026-04-25,06:51:00.000,2026-04-25 06:51:00,35395.07,1355.84,2390.39,35510.69,35398.723750000034,1355.7200000000012,2390.1537500000013,35514.27328125003
2026-04-25,06:52:00.000,2026-04-25 06:52:00,35396.45,1355.85,2390.52,35512.07,35400.10375000004,1355.7300000000014,2390.2837500000014,35515.65328125004
2026-04-25,06:53:00.000,2026-04-25 06:53:00,35397.13,1355.91,2390.52,35512.76,35400.78375000003,1355.7900000000013,2390.2837500000014,35516.34328125004
2026-04-25,06:54:00.000,2026-04-25 06:54:00,35397.01,1355.96,2390.67,35512.65,35400.66375000004,1355.8400000000015,2390.4337500000015,35516.23328125003
2026-04-25,06:55:00.000,2026-04-25 06:55:00,35396.89,1355.93,2391.25,35512.55,35400.54375000003,1355.8100000000013,2391.0137500000014,35516.13328125004
2026-04-25,06:56:00.000,2026-04-25 06:56:00,35397.28,1356.03,2391.06,35512.93,35397.171250000036,1356.1550000000013,2390.115000000001,35512.78078125003
2026-04-25,06:57:00.000,2026-04-25 06:57:00,35397.14,1355.85,2391.27,35512.79,35397.03125000004,1355.975000000001,2390.325000000001,35512.64078125003
2026-04-25,06:58:00.000,2026-04-25 06:58:00,35398.91,1355.77,2390.97,35514.51,35398.80125000003,1355.8950000000013,2390.025000000001,35514.360781250034
2026-04-25,06:59:00.000,2026-04-25 06:59:00,35400.2,1355.58,2390.95,35515.77,35400.09125000003,1355.7050000000013,2390.0050000000015,35515.62078125003
2026-04-25,07:00:00.000,2026-04-25 07:00:00,35400.73,1355.51,2391.61,35516.33,35400.62125000003,1355.6350000000014,2390.665000000002,35516.18078125004
2026-04-25,07:01:00.000,2026-04-25 07:01:00,35401.89,1355.47,2390.85,35517.42,35401.78125000004,1355.5950000000014,2389.9050000000016,35517.27078125004
2026-04-25,07:02:00.000,2026-04-25 07:02:00,35401.98,1355.53,2391.06,35517.54,35401.87125000003,1355.6550000000013,2390.1150000000016,35517.39078125003
2026-04-25,07:03:00.000,2026-04-25 07:03:00,35401.86,1355.32,2390.83,35517.42,35401.75125000004,1355.4450000000013,2389.885000000002,35517.27078125002
2026-04-25,07:04:00.000,2026-04-25 07:04:00,35400.77,1355.47,2390.81,35516.32,35400.058750000026,1355.9187500000012,2390.7400000000016,35515.68328125003
2026-04-25,07:05:00.000,2026-04-25 07:05:00,35400.72,1355.26,2390.18,35516.21,35400.00875000004,1355.7087500000011,2390.1100000000015,35515.57328125003
2026-04-25,07:06:00.000,2026-04-25 07:06:00,35400.16,1355.32,2390.12,35515.65,35399.44875000004,1355.7687500000006,2390.0500000000015,35515.01328125003
2026-04-25,07:07:00.000,2026-04-25 07:07:00,35399.69,1355.6,2390.4,35515.2,35398.97875000004,1356.0487500000008,2390.330000000002,35514.56328125003
2026-04-25,07:08:00.000,2026-04-25 07:08:00,35400.9,1355.25,2390.08,35516.36,35400.18875000003,1355.6987500000016,2390.010000000001,35515.723281250044
2026-04-25,07:09:00.000,2026-04-25 07:09:00,35400.48,1355.25,2389.79,35515.91,35399.76875000003,1355.6987500000016,2389.720000000001,35515.27328125005
2026-04-25,07:10:00.000,2026-04-25 07:10:00,35400.72,1355.15,2390.04,35516.15,35400.00875000004,1355.5987500000015,2389.9700000000007,35515.51328125004
2026-04-25,07:11:00.000,2026-04-25 07:11:00,35401.37,1355.17,2390.18,35516.81,35400.65875000003,1355.6187500000015,2390.110000000001,35516.17328125003
2026-04-25,07:12:00.000,2026-04-25 07:12:00,35402.11,1355.27,2390.22,35517.57,35399.286250000034,1355.6312500000013,2390.541250000001,35514.88828125004
2026-04-25,07:13:00.000,2026-04-25 07:13:00,35402.78,1355.16,2390.19,35518.2,35399.95625000003,1355.5212500000011,2390.5112500000014,35515.51828125004
2026-04-25,07:14:00.000,2026-04-25 07:14:00,35403.19,1355.3,2389.87,35518.59,35400.366250000036,1355.6612500000015,2390.191250000001,35515.908281250035
2026-04-25,07:15:00.000,2026-04-25 07:15:00,35403.36,1355.23,2390.16,35518.77,35400.536250000034,1355.5912500000013,2390.481250000001,35516.08828125004
2026-04-25,07:16:00.000,2026-04-25 07:16:00,35403.21,1355.31,2389.79,35518.59,35400.38625000003,1355.6712500000012,2390.1112500000017,35515.90828125002
2026-04-25,07:17:00.000,2026-04-25 07:17:00,35402.68,1355.44,2389.49,35518.06,35399.85625000003,1355.8012500000013,2389.8112500000016,35515.37828125002
2026-04-25,07:18:00.000,2026-04-25 07:18:00,35402.15,1355.6,2389.68,35517.56,35399.326250000035,1355.9612500000012,2390.001250000001,35514.87828125002
2026-04-25,07:19:00.000,2026-04-25 07:19:00,35402.23,1355.86,2389.07,35517.63,35399.40625000004,1356.221250000001,2389.3912500000015,35514.94828125003
2026-04-25,07:20:00.000,2026-04-25 07:20:00,35402.52,1355.99,2389.15,35517.89,35402.077500000014,1355.6412500000013,2390.0112500000014,35517.617031250025
2026-04-25,07:21:00.000,2026-04-25 07:21:00,35402.28,1356.08,2389.44,35517.67,35401.83750000002,1355.731250000001,2390.3012500000013,35517.397031250024
2026-04-25,07:22:00.000,2026-04-25 07:22:00,35401.69,1356.25,2389.31,35517.09,35401.247500000034,1355.901250000001,2390.1712500000017,35516.81703125002
2026-04-25,07:23:00.000,2026-04-25 07:23:00,35400.32,1356.06,2389.31,35515.69,35399.877500000024,1355.711250000001,2390.1712500000017,35515.41703125003
2026-04-25,07:24:00.000,2026-04-25 07:24:00,35399.25,1356.16,2389.2,35514.63,35398.80750000004,1355.8112500000016,2390.061250000001,35514.35703125003
2026-04-25,07:25:00.000,2026-04-25 07:25:00,35398.71,1356.19,2389.09,35514.08,35398.26750000003,1355.8412500000013,2389.9512500000014,35513.80703125004
2026-04-25,07:26:00.000,2026-04-25 07:26:00,35398.85,1356.05,2389.39,35514.23,35398.40750000004,1355.7012500000014,2390.251250000001,35513.95703125004
2026-04-25,07:27:00.000,2026-04-25 07:27:00,35399.04,1356.07,2389.26,35514.42,35398.59750000004,1355.7212500000014,2390.121250000001,35514.14703125004
2026-04-25,07:28:00.000,2026-04-25 07:28:00,35399.4,1355.9,2389.51,35514.75,35403.89718750003,1354.4039062500012,2389.9870312500025,35519.062031250025
2026-04-25,07:29:00.000,2026-04-25 07:29:00,35399.93,1355.7,2389.18,35515.25,35404.42718750003,1354.203906250001,2389.6570312500025,35519.562031250025
2026-04-25,07:30:00.000,2026-04-25 07:30:00,35399.29,1355.67,2389.48,35514.63,35403.78718750003,1354.1739062500014,2389.957031250002,35518.94203125002
2026-04-25,07:31:00.000,2026-04-25 07:31:00,35399.33,1355.62,2389.32,35514.63,35403.82718750002,1354.1239062500013,2389.797031250002,35518.94203125002
2026-04-25,07:32:00.000,2026-04-25 07:32:00,35400.46,1355.32,2389.07,35515.71,35404.95718750003,1353.823906250001,2389.5470312500024,35520.02203125003
2026-04-25,07:33:00.000,2026-04-25 07:33:00,35400.46,1355.31,2389.44,35515.77,35404.95718750003,1353.8139062500013,2389.9170312500023,35520.08203125003
2026-04-25,07:34:00.000,2026-04-25 07:34:00,35400.89,1355.2,2389.18,35516.15,35405.387187500026,1353.7039062500012,2389.6570312500016,35520.462031250034
2026-04-25,07:35:00.000,2026-04-25 07:35:00,35400.98,1355.15,2389.23,35516.23,35405.47718750004,1353.6539062500015,2389.707031250002,35520.542031250036
2026-04-25,07:36:00.000,2026-04-25 07:36:00,35400.53,1355.17,2389.46,35515.8,35403.05843750003,1353.9251562500017,2389.632031250002,35518.199531250044
2026-04-25,07:37:00.000,2026-04-25 07:37:00,35400.75,1355.26,2389.49,35516.01,35403.278437500034,1354.0151562500014,2389.6620312500017,35518.409531250036
2026-04-25,07:38:00.000,2026-04-25 07:38:00,35401.71,1355.1,2389.46,35516.94,35404.238437500026,1353.855156250001,2389.632031250002,35519.339531250036
2026-04-25,07:39:00.000,2026-04-25 07:39:00,35401.73,1355.22,2389.68,35517.0,35404.25843750003,1353.9751562500014,2389.8520312500023,35519.399531250034
2026-04-25,07:40:00.000,2026-04-25 07:40:00,35401.73,1355.2,2389.69,35516.96,35404.25843750004,1353.955156250001,2389.8620312500025,35519.35953125002
2026-04-25,07:41:00.000,2026-04-25 07:41:00,35402.59,1355.37,2389.64,35517.81,35405.11843750002,1354.125156250001,2389.8120312500023,35520.209531250024
2026-04-25,07:42:00.000,2026-04-25 07:42:00,35403.52,1355.31,2389.77,35518.75,35406.04843750002,1354.0651562500009,2389.9420312500024,35521.14953125003
2026-04-25,07:43:00.000,2026-04-25 07:43:00,35403.93,1355.23,2389.66,35519.15,35406.45843750003,1353.985156250001,2389.832031250002,35521.54953125002
2026-04-25,07:44:00.000,2026-04-25 07:44:00,35403.96,1354.95,2389.75,35519.19,35405.19218750003,1354.2501562500013,2389.9982812500025,35520.34953125003
2026-04-25,07:45:00.000,2026-04-25 07:45:00,35404.04,1354.85,2389.6,35519.27,35405.272187500035,1354.150156250001,2389.848281250002,35520.42953125003
2026-04-25,07:46:00.000,2026-04-25 07:46:00,35403.87,1354.63,2389.49,35519.08,35405.102187500044,1353.9301562500013,2389.7382812500014,35520.23953125003
2026-04-25,07:47:00.000,2026-04-25 07:47:00,35403.49,1354.65,2389.59,35518.69,35404.72218750004,1353.9501562500013,2389.8382812500017,35519.84953125003
2026-04-25,07:48:00.000,2026-04-25 07:48:00,35403.3,1354.59,2389.44,35518.47,35404.53218750003,1353.8901562500012,2389.688281250002,35519.62953125003
2026-04-25,07:49:00.000,2026-04-25 07:49:00,35402.59,1354.6,2389.34,35517.74,35403.82218750002,1353.9001562500014,2389.5882812500026,35518.899531250034
2026-04-25,07:50:00.000,2026-04-25 07:50:00,35402.69,1354.68,2389.54,35517.85,35403.92218750002,1353.9801562500013,2389.7882812500025,35519.009531250034
2026-04-25,07:51:00.000,2026-04-25 07:51:00,35402.92,1354.55,2389.49,35518.05,35404.15218750002,1353.8501562500012,2389.7382812500023,35519.20953125003
2026-04-25,07:52:00.000,2026-04-25 07:52:00,35402.28,1354.54,2389.32,35517.43,35402.097187500025,1354.5464062500012,2389.213281250002,35517.25578125003
2026-04-25,07:53:00.000,2026-04-25 07:53:00,35402.67,1354.4,2389.28,35517.78,35402.487187500024,1354.4064062500013,2389.173281250002,35517.60578125002
2026-04-25,07:54:00.000,2026-04-25 07:54:00,35402.26,1354.55,2389.7,35517.38,35402.07718750004,1354.5564062500011,2389.593281250002,35517.20578125003
2026-04-25,07:55:00.000,2026-04-25 07:55:00,35403.16,1354.37,2389.79,35518.26,35402.97718750004,1354.3764062500013,2389.683281250002,35518.08578125003
2026-04-25,07:56:00.000,2026-04-25 07:56:00,35404.22,1353.84,2389.87,35519.29,35404.03718750003,1353.846406250001,2389.7632812500024,35519.115781250024
2026-04-25,07:57:00.000,2026-04-25 07:57:00,35405.7,1353.76,2390.2,35520.82,35405.51718750002,1353.7664062500012,2390.0932812500023,35520.64578125002
2026-04-25,07:58:00.000,2026-04-25 07:58:00,35407.51,1353.54,2390.52,35522.61,35407.327187500036,1353.5464062500012,2390.413281250002,35522.43578125004
2026-04-25,07:59:00.000,2026-04-25 07:59:00,35410.38,1352.85,2390.4,35525.44,35410.19718750003,1352.856406250001,2390.293281250002,35525.26578125004
2026-04-25,08:00:00.000,2026-04-25 08:00:00,35411.81,1352.37,2390.6,35526.87,35407.270937500034,1353.636406250001,2390.7595312500016,35522.43078125003
2026-04-25,08:01:00.000,2026-04-25 08:01:00,35411.59,1352.51,2390.09,35526.63,35407.05093750003,1353.7764062500014,2390.2495312500023,35522.19078125002
2026-04-25,08:02:00.000,2026-04-25 08:02:00,35410.64,1352.71,2389.7,35525.66,35406.10093750003,1353.9764062500012,2389.859531250002,35521.220781250035
2026-04-25,08:03:00.000,2026-04-25 08:03:00,35409.25,1352.91,2389.32,35524.25,35404.71093750003,1354.1764062500015,2389.4795312500028,35519.81078125003
2026-04-25,08:04:00.000,2026-04-25 08:04:00,35407.73,1353.03,2389.2,35522.72,35403.19093750003,1354.296406250001,2389.359531250002,35518.28078125003
2026-04-25,08:05:00.000,2026-04-25 08:05:00,35406.68,1353.14,2389.13,35521.69,35402.14093750003,1354.406406250001,2389.2895312500023,35517.25078125003
2026-04-25,08:06:00.000,2026-04-25 08:06:00,35407.24,1352.7,2389.41,35522.24,35402.70093750002,1353.966406250001,2389.569531250002,35517.80078125002
2026-04-25,08:07:00.000,2026-04-25 08:07:00,35408.09,1352.4,2389.5,35523.07,35403.550937500026,1353.6664062500013,2389.659531250002,35518.63078125002
2026-04-25,08:08:00.000,2026-04-25 08:08:00,35408.43,1352.33,2389.64,35523.41,35404.67343750002,1353.8451562500013,2389.8732812500016,35519.80078125004
2026-04-25,08:09:00.000,2026-04-25 08:09:00,35409.06,1352.13,2389.33,35524.0,35405.30343750001,1353.6451562500015,2389.563281250002,35520.39078125003
2026-04-25,08:10:00.000,2026-04-25 08:10:00,35408.87,1352.3,2389.67,35523.86,35405.11343750003,1353.815156250001,2389.903281250002,35520.25078125003
2026-04-25,08:11:00.000,2026-04-25 08:11:00,35408.76,1352.3,2389.74,35523.73,35405.00343750003,1353.815156250001,2389.9732812500015,35520.12078125004
2026-04-25,08:12:00.000,2026-04-25 08:12:00,35408.55,1352.42,2389.51,35523.54,35404.79343750004,1353.9351562500012,2389.743281250003,35519.93078125002
2026-04-25,08:13:00.000,2026-04-25 08:13:00,35408.25,1352.6,2389.67,35523.24,35404.49343750004,1354.115156250001,2389.9032812500027,35519.630781250016
2026-04-25,08:14:00.000,2026-04-25 08:14:00,35407.95,1352.63,2389.16,35522.89,35404.193437500035,1354.145156250001,2389.3932812500025,35519.28078125002
2026-04-25,08:15:00.000,2026-04-25 08:15:00,35406.9,1353.07,2389.64,35521.82,35403.14343750003,1354.585156250001,2389.873281250002,35518.210781250025
2026-04-25,08:16:00.000,2026-04-25 08:16:00,35406.38,1352.91,2389.33,35521.3,35405.89093750002,1353.7151562500012,2389.044531250002,35520.91078125003
2026-04-25,08:17:00.000,2026-04-25 08:17:00,35405.0,1353.12,2389.6,35519.98,35404.51093750003,1353.9251562500008,2389.3145312500014,35519.59078125002
2026-04-25,08:18:00.000,2026-04-25 08:18:00,35404.4,1353.1,2389.62,35519.38,35403.91093750002,1353.9051562500013,2389.334531250002,35518.99078125003
2026-04-25,08:19:00.000,2026-04-25 08:19:00,35404.3,1353.06,2389.68,35519.3,35403.81093750003,1353.8651562500013,2389.3945312500023,35518.91078125003
2026-04-25,08:20:00.000,2026-04-25 08:20:00,35404.02,1353.17,2390.15,35519.06,35403.53093750003,1353.9751562500012,2389.8645312500025,35518.67078125003
2026-04-25,08:21:00.000,2026-04-25 08:21:00,35404.82,1353.15,2390.53,35519.85,35404.33093750003,1353.9551562500012,2390.2445312500026,35519.46078125004
2026-04-25,08:22:00.000,2026-04-25 08:22:00,35405.38,1353.43,2390.65,35520.44,35404.89093750004,1354.2351562500014,2390.364531250002,35520.05078125003
2026-04-25,08:23:00.000,2026-04-25 08:23:00,35406.33,1353.52,2390.95,35521.42,35405.840937500034,1354.325156250001,2390.6645312500023,35521.030781250025
2026-04-25,08:24:00.000,2026-04-25 08:24:00,35406.65,1353.79,2390.86,35521.74,35407.35968750003,1353.6376562500013,2389.9620312500024,35522.48078125002
2026-04-25,08:25:00.000,2026-04-25 08:25:00,35405.95,1353.75,2391.02,35521.04,35406.65968750002,1353.5976562500014,2390.1220312500022,35521.780781250025
2026-04-25,08:26:00.000,2026-04-25 08:26:00,35405.67,1353.74,2390.43,35520.71,35406.37968750003,1353.5876562500011,2389.5320312500025,35521.45078125002
2026-04-25,08:27:00.000,2026-04-25 08:27:00,35404.27,1353.96,2390.64,35519.35,35404.979687500025,1353.8076562500014,2389.7420312500026,35520.09078125002
2026-04-25,08:28:00.000,2026-04-25 08:28:00,35403.38,1354.14,2390.24,35518.43,35404.08968750003,1353.9876562500015,2389.3420312500016,35519.17078125004
2026-04-25,08:29:00.000,2026-04-25 08:29:00,35402.02,1354.42,2390.63,35517.11,35402.72968750003,1354.2676562500012,2389.732031250002,35517.85078125003
2026-04-25,08:30:00.000,2026-04-25 08:30:00,35401.59,1354.59,2390.68,35516.69,35402.29968750004,1354.4376562500008,2389.7820312500016,35517.43078125004
2026-04-25,08:31:00.000,2026-04-25 08:31:00,35401.51,1354.73,2390.91,35516.62,35402.21968750004,1354.5776562500012,2390.012031250002,35517.360781250034
2026-04-25,08:32:00.000,2026-04-25 08:32:00,35400.94,1354.92,2391.25,35516.09,35401.94125000004,1355.6787500000016,2391.415625000003,35517.10531250001
2026-04-25,08:33:00.000,2026-04-25 08:33:00,35401.04,1355.13,2391.33,35516.19,35402.04125000003,1355.8887500000017,2391.4956250000027,35517.20531250002
2026-04-25,08:34:00.000,2026-04-25 08:34:00,35401.54,1355.21,2391.65,35516.72,35402.54125000004,1355.9687500000011,2391.8156250000025,35517.73531250002
2026-04-25,08:35:00.000,2026-04-25 08:35:00,35402.13,1355.4,2391.83,35517.31,35403.131250000035,1356.1587500000012,2391.995625000002,35518.32531250002
2026-04-25,08:36:00.000,2026-04-25 08:36:00,35402.84,1355.33,2391.96,35518.03,35403.84125000002,1356.088750000001,2392.1256250000024,35519.04531250002
2026-04-25,08:37:00.000,2026-04-25 08:37:00,35403.39,1355.42,2391.89,35518.59,35404.39125000002,1356.1787500000012,2392.055625000002,35519.60531250002
2026-04-25,08:38:00.000,2026-04-25 08:38:00,35403.52,1355.54,2391.87,35518.71,35404.52125000002,1356.298750000001,2392.035625000002,35519.72531250002
2026-04-25,08:39:00.000,2026-04-25 08:39:00,35403.12,1355.72,2391.74,35518.32,35404.121250000026,1356.478750000001,2391.9056250000017,35519.33531250002
2026-04-25,08:40:00.000,2026-04-25 08:40:00,35402.69,1355.81,2391.65,35517.88,35403.91375000003,1355.716250000001,2391.9368750000026,35519.096562500024
2026-04-25,08:41:00.000,2026-04-25 08:41:00,35402.19,1356.0,2391.5,35517.4,35403.41375000003,1355.9062500000011,2391.786875000003,35518.61656250003
2026-04-25,08:42:00.000,2026-04-25 08:42:00,35401.48,1355.91,2391.35,35516.67,35402.70375000003,1355.8162500000012,2391.6368750000024,35517.88656250002
2026-04-25,08:43:00.000,2026-04-25 08:43:00,35401.2,1356.23,2391.44,35516.4,35402.423750000016,1356.1362500000014,2391.7268750000026,35517.61656250003
2026-04-25,08:44:00.000,2026-04-25 08:44:00,35401.87,1356.31,2391.49,35517.07,35403.09375000003,1356.216250000001,2391.7768750000014,35518.28656250001
2026-04-25,08:45:00.000,2026-04-25 08:45:00,35402.15,1356.31,2391.73,35517.35,35403.37375000003,1356.216250000001,2392.016875000002,35518.56656250001
2026-04-25,08:46:00.000,2026-04-25 08:46:00,35402.5,1356.52,2391.69,35517.7,35403.723750000034,1356.4262500000013,2391.976875000002,35518.916562500024
2026-04-25,08:47:00.000,2026-04-25 08:47:00,35402.66,1356.4,2391.7,35517.88,35403.88375000004,1356.3062500000015,2391.9868750000014,35519.09656250002
2026-04-25,08:48:00.000,2026-04-25 08:48:00,35402.77,1356.4,2391.43,35517.97,35402.568750000035,1356.3087500000013,2391.763125000002,35517.78031250002
2026-04-25,08:49:00.000,2026-04-25 08:49:00,35402.75,1356.45,2391.58,35517.96,35402.54875000003,1356.3587500000015,2391.9131250000028,35517.770312500026
2026-04-25,08:50:00.000,2026-04-25 08:50:00,35402.87,1356.37,2391.55,35518.07,35402.66875000003,1356.2787500000015,2391.8831250000026,35517.88031250003
2026-04-25,08:51:00.000,2026-04-25 08:51:00,35402.95,1356.41,2391.44,35518.16,35402.748750000035,1356.3187500000015,2391.773125000002,35517.97031250002
2026-04-25,08:52:00.000,2026-04-25 08:52:00,35403.46,1356.11,2391.59,35518.64,35403.25875000002,1356.018750000001,2391.9231250000025,35518.45031250003
2026-04-25,08:53:00.000,2026-04-25 08:53:00,35404.17,1355.99,2391.56,35519.34,35403.96875000003,1355.8987500000012,2391.893125000002,35519.15031250002
2026-04-25,08:54:00.000,2026-04-25 08:54:00,35404.48,1355.86,2391.51,35519.62,35404.27875000003,1355.768750000001,2391.843125000003,35519.43031250002
2026-04-25,08:55:00.000,2026-04-25 08:55:00,35404.69,1355.88,2391.52,35519.84,35404.48875000003,1355.788750000001,2391.8531250000024,35519.65031250001
2026-04-25,08:56:00.000,2026-04-25 08:56:00,35405.09,1355.75,2391.35,35520.25,35403.38000000002,1355.9937500000015,2392.2056250000023,35518.60656250002
2026-04-25,08:57:00.000,2026-04-25 08:57:00,35405.25,1355.65,2391.35,35520.41,35403.54000000002,1355.8937500000015,2392.2056250000023,35518.76656250002
2026-04-25,08:58:00.000,2026-04-25 08:58:00,35405.4,1355.74,2391.11,35520.54,35403.69000000003,1355.9837500000012,2391.9656250000025,35518.89656250003
2026-04-25,08:59:00.000,2026-04-25 08:59:00,35405.12,1355.86,2390.98,35520.25,35403.41000000003,1356.1037500000011,2391.8356250000024,35518.60656250002
2026-04-25,09:00:00.000,2026-04-25 09:00:00,35405.24,1355.76,2390.79,35520.34,35403.53000000003,1356.0037500000012,2391.6456250000024,35518.696562500016
2026-04-25,09:01:00.000,2026-04-25 09:01:00,35404.8,1356.05,2390.98,35519.92,35403.09000000004,1356.2937500000012,2391.835625000003,35518.27656250002
2026-04-25,09:02:00.000,2026-04-25 09:02:00,35404.75,1356.05,2390.82,35519.87,35403.04000000003,1356.2937500000012,2391.675625000003,35518.22656250003
2026-04-25,09:03:00.000,2026-04-25 09:03:00,35404.56,1355.93,2390.62,35519.65,35402.85000000003,1356.1737500000013,2391.4756250000023,35518.00656250003
2026-04-25,09:04:00.000,2026-04-25 09:04:00,35403.96,1355.99,2390.7,35519.07,35404.253750000025,1356.1912500000014,2391.6156250000026,35519.44156250002
2026-04-25,09:05:00.000,2026-04-25 09:05:00,35403.62,1355.95,2390.85,35518.72,35403.91375000003,1356.1512500000015,2391.7656250000023,35519.09156250003
2026-04-25,09:06:00.000,2026-04-25 09:06:00,35403.18,1356.01,2390.69,35518.28,35403.473750000034,1356.2112500000017,2391.605625000003,35518.651562500025
2026-04-25,09:07:00.000,2026-04-25 09:07:00,35402.71,1355.85,2390.79,35517.83,35403.00375000003,1356.0512500000013,2391.7056250000023,35518.20156250003
2026-04-25,09:08:00.000,2026-04-25 09:08:00,35402.44,1355.96,2391.0,35517.58,35402.73375000003,1356.1612500000012,2391.915625000002,35517.95156250002
2026-04-25,09:09:00.000,2026-04-25 09:09:00,35402.54,1355.82,2390.98,35517.66,35402.833750000034,1356.021250000001,2391.8956250000024,35518.03156250002
2026-04-25,09:10:00.000,2026-04-25 09:10:00,35402.85,1355.71,2391.22,35517.96,35403.14375000003,1355.9112500000012,2392.1356250000017,35518.331562500025
2026-04-25,09:11:00.000,2026-04-25 09:11:00,35402.88,1355.84,2391.29,35518.01,35403.17375000003,1356.0412500000014,2392.2056250000023,35518.38156250003
2026-04-25,09:12:00.000,2026-04-25 09:12:00,35403.02,1355.85,2391.5,35518.18,35404.24750000003,1355.987500000001,2391.6393750000025,35519.43031250003
2026-04-25,09:13:00.000,2026-04-25 09:13:00,35402.78,1355.99,2391.56,35517.93,35404.007500000036,1356.1275000000014,2391.699375000002,35519.18031250003
2026-04-25,09:14:00.000,2026-04-25 09:14:00,35402.74,1355.94,2391.73,35517.92,35403.96750000003,1356.0775000000017,2391.869375000002,35519.17031250002
2026-04-25,09:15:00.000,2026-04-25 09:15:00,35402.65,1355.87,2391.74,35517.8,35403.87750000003,1356.0075000000015,2391.8793750000013,35519.050312500025
2026-04-25,09:16:00.000,2026-04-25 09:16:00,35402.16,1355.86,2391.76,35517.33,35403.38750000003,1355.9975000000009,2391.8993750000027,35518.58031250002
2026-04-25,09:17:00.000,2026-04-25 09:17:00,35401.82,1355.89,2391.71,35516.97,35403.04750000004,1356.027500000001,2391.8493750000025,35518.220312500016
2026-04-25,09:18:00.000,2026-04-25 09:18:00,35400.96,1356.01,2391.88,35516.16,35402.18750000004,1356.1475000000012,2392.0193750000026,35517.410312500026
2026-04-25,09:19:00.000,2026-04-25 09:19:00,35400.58,1356.23,2391.85,35515.79,35401.80750000003,1356.367500000001,2391.989375000002,35517.040312500016
2026-04-25,09:20:00.000,2026-04-25 09:20:00,35400.64,1356.17,2391.75,35515.81,35401.33375000003,1355.8712500000013,2390.6793750000024,35516.44906250002
2026-04-25,09:21:00.000,2026-04-25 09:21:00,35400.13,1356.51,2392.22,35515.36,35400.82375000002,1356.211250000001,2391.149375000002,35515.99906250002
2026-04-25,09:22:00.000,2026-04-25 09:22:00,35400.56,1356.45,2392.7,35515.79,35401.25375000003,1356.1512500000013,2391.6293750000023,35516.429062500014
2026-04-25,09:23:00.000,2026-04-25 09:23:00,35402.06,1356.38,2392.74,35517.29,35402.75375000003,1356.0812500000015,2391.669375000002,35517.929062500014
2026-04-25,09:24:00.000,2026-04-25 09:24:00,35402.73,1356.49,2393.26,35518.01,35403.42375000003,1356.1912500000012,2392.1893750000027,35518.64906250002
2026-04-25,09:25:00.000,2026-04-25 09:25:00,35403.97,1356.47,2393.45,35519.24,35404.663750000036,1356.1712500000012,2392.3793750000023,35519.87906250002
2026-04-25,09:26:00.000,2026-04-25 09:26:00,35405.09,1356.25,2393.6,35520.37,35405.783750000024,1355.9512500000008,2392.529375000002,35521.00906250003
2026-04-25,09:27:00.000,2026-04-25 09:27:00,35405.8,1356.41,2393.69,35521.1,35406.49375000003,1356.111250000001,2392.619375000002,35521.739062500026
2026-04-25,09:28:00.000,2026-04-25 09:28:00,35406.13,1356.45,2393.73,35521.43,35403.60125000003,1355.592500000001,2392.1043750000026,35518.770312500026
2026-04-25,09:29:00.000,2026-04-25 09:29:00,35406.28,1356.6,2393.66,35521.59,35403.75125000002,1355.7425000000007,2392.034375000002,35518.930312500015
2026-04-25,09:30:00.000,2026-04-25 09:30:00,35405.99,1356.84,2393.56,35521.31,35403.46125000004,1355.9825000000012,2391.9343750000025,35518.65031250001
2026-04-25,09:31:00.000,2026-04-25 09:31:00,35405.88,1356.88,2393.51,35521.21,35403.351250000036,1356.0225000000012,2391.8843750000024,35518.55031250002
2026-04-25,09:32:00.000,2026-04-25 09:32:00,35405.84,1357.0,2393.52,35521.18,35403.31125000003,1356.1425000000015,2391.894375000002,35518.52031250002
2026-04-25,09:33:00.000,2026-04-25 09:33:00,35405.8,1357.12,2393.43,35521.13,35403.271250000034,1356.2625000000014,2391.804375000002,35518.470312500016
2026-04-25,09:34:00.000,2026-04-25 09:34:00,35405.82,1357.17,2393.11,35521.13,35403.29125000003,1356.3125000000016,2391.4843750000023,35518.47031250003
2026-04-25,09:35:00.000,2026-04-25 09:35:00,35405.02,1357.54,2393.33,35520.38,35402.49125000003,1356.6825000000015,2391.7043750000025,35517.72031250003
2026-04-25,09:36:00.000,2026-04-25 09:36:00,35404.53,1357.74,2393.1,35519.86,35400.36125000002,1360.6757812500011,2395.064062500002,35515.87125000002
2026-04-25,09:37:00.000,2026-04-25 09:37:00,35403.94,1357.71,2392.99,35519.26,35399.77125000003,1360.6457812500014,2394.9540625000013,35515.27125000001
2026-04-25,09:38:00.000,2026-04-25 09:38:00,35403.03,1357.95,2393.5,35518.39,35398.86125000002,1360.8857812500012,2395.464062500002,35514.40125000001
2026-04-25,09:39:00.000,2026-04-25 09:39:00,35402.87,1357.97,2393.51,35518.23,35398.701250000035,1360.9057812500012,2395.474062500002,35514.24125000002
2026-04-25,09:40:00.000,2026-04-25 09:40:00,35403.01,1357.94,2393.74,35518.36,35398.84125000005,1360.8757812500016,2395.704062500002,35514.37125000001
2026-04-25,09:41:00.000,2026-04-25 09:41:00,35402.99,1358.09,2394.18,35518.38,35398.821250000045,1361.0257812500013,2396.1440625000014,35514.391250000015
2026-04-25,09:42:00.000,2026-04-25 09:42:00,35403.47,1358.2,2394.26,35518.84,35399.30125000004,1361.1357812500012,2396.224062500002,35514.85125000002
2026-04-25,09:43:00.000,2026-04-25 09:43:00,35403.95,1358.31,2394.29,35519.34,35399.78125000004,1361.2457812500013,2396.254062500002,35515.35125000002
2026-04-25,09:44:00.000,2026-04-25 09:44:00,35404.18,1358.48,2394.42,35519.59,35400.96000000003,1360.5170312500015,2395.639062500002,35516.493750000016
2026-04-25,09:45:00.000,2026-04-25 09:45:00,35404.42,1358.53,2394.66,35519.85,35401.20000000003,1360.5670312500013,2395.879062500002,35516.753750000025
2026-04-25,09:46:00.000,2026-04-25 09:46:00,35404.07,1358.78,2394.61,35519.49,35400.85000000003,1360.8170312500013,2395.8290625000022,35516.39375000001
2026-04-25,09:47:00.000,2026-04-25 09:47:00,35403.08,1358.89,2394.61,35518.51,35399.86000000004,1360.9270312500014,2395.8290625000022,35515.413750000014
2026-04-25,09:48:00.000,2026-04-25 09:48:00,35402.42,1358.96,2394.16,35517.81,35399.20000000003,1360.997031250001,2395.3790625000015,35514.71375000002
2026-04-25,09:49:00.000,2026-04-25 09:49:00,35400.97,1359.17,2394.47,35516.41,35397.75000000004,1361.2070312500011,2395.689062500001,35513.31375000002
2026-04-25,09:50:00.000,2026-04-25 09:50:00,35400.66,1359.05,2394.34,35516.06,35397.44000000004,1361.0870312500015,2395.5590625000013,35512.96375000002
2026-04-25,09:51:00.000,2026-04-25 09:51:00,35400.4,1359.24,2394.26,35515.8,35397.18000000003,1361.2770312500015,2395.4790625000014,35512.70375000002
2026-04-25,09:52:00.000,2026-04-25 09:52:00,35399.97,1359.5,2394.96,35515.43,35398.66625000003,1360.5970312500015,2395.2215625000017,35514.168750000026
2026-04-25,09:53:00.000,2026-04-25 09:53:00,35400.22,1359.65,2394.95,35515.68,35398.91625000003,1360.7470312500016,2395.2115625000015,35514.418750000026
2026-04-25,09:54:00.000,2026-04-25 09:54:00,35400.67,1359.67,2395.15,35516.14,35399.36625000002,1360.7670312500015,2395.4115625000013,35514.878750000025
2026-04-25,09:55:00.000,2026-04-25 09:55:00,35400.96,1359.89,2395.46,35516.47,35399.65625000003,1360.9870312500013,2395.7215625000017,35515.20875000003
2026-04-25,09:56:00.000,2026-04-25 09:56:00,35401.05,1359.92,2395.53,35516.56,35399.74625000004,1361.0170312500013,2395.791562500002,35515.29875000001
2026-04-25,09:57:00.000,2026-04-25 09:57:00,35400.8,1359.95,2395.51,35516.3,35399.49625000004,1361.047031250001,2395.7715625000023,35515.038750000014
2026-04-25,09:58:00.000,2026-04-25 09:58:00,35400.62,1359.98,2395.77,35516.14,35399.31625000003,1361.0770312500013,2396.0315625000017,35514.87875000002
2026-04-25,09:59:00.000,2026-04-25 09:59:00,35400.58,1360.06,2395.86,35516.12,35399.27625000004,1361.1570312500012,2396.121562500002,35514.858750000014
2026-04-25,10:00:00.000,2026-04-25 10:00:00,35400.38,1360.21,2395.87,35515.93,35401.12125000003,1360.4732812500015,2395.512812500002,35516.63500000002
2026-04-25,10:01:00.000,2026-04-25 10:01:00,35399.85,1360.23,2395.96,35515.41,35400.591250000034,1360.4932812500015,2395.602812500002,35516.11500000001
2026-04-25,10:02:00.000,2026-04-25 10:02:00,35399.35,1360.4,2395.84,35514.9,35400.091250000034,1360.6632812500013,2395.482812500002,35515.605000000025
2026-04-25,10:03:00.000,2026-04-25 10:03:00,35398.65,1360.51,2395.99,35514.22,35399.39125000004,1360.7732812500014,2395.632812500002,35514.92500000003
2026-04-25,10:04:00.000,2026-04-25 10:04:00,35398.1,1360.76,2395.96,35513.67,35398.84125000003,1361.0232812500014,2395.602812500001,35514.37500000001
2026-04-25,10:05:00.000,2026-04-25 10:05:00,35397.65,1361.03,2395.99,35513.23,35398.39125000003,1361.2932812500014,2395.632812500001,35513.93500000002
2026-04-25,10:06:00.000,2026-04-25 10:06:00,35397.41,1361.04,2396.17,35513.02,35398.15125000003,1361.3032812500014,2395.812812500001,35513.72500000002
2026-04-25,10:07:00.000,2026-04-25 10:07:00,35397.12,1361.11,2396.36,35512.73,35397.86125000004,1361.3732812500011,2396.0028125000017,35513.43500000003
2026-04-25,10:08:00.000,2026-04-25 10:08:00,35397.49,1361.08,2396.25,35513.08,35399.57125000003,1360.6870312500012,2395.492812500002,35515.09250000003
2026-04-25,10:09:00.000,2026-04-25 10:09:00,35397.68,1361.13,2396.16,35513.25,35399.76125000003,1360.7370312500013,2395.402812500002,35515.262500000026
2026-04-25,10:10:00.000,2026-04-25 10:10:00,35397.48,1361.21,2396.54,35513.09,35399.561250000035,1360.8170312500013,2395.7828125000015,35515.10250000002
2026-04-25,10:11:00.000,2026-04-25 10:11:00,35397.64,1361.18,2396.34,35513.23,35399.721250000024,1360.7870312500015,2395.5828125000016,35515.24250000002
2026-04-25,10:12:00.000,2026-04-25 10:12:00,35397.36,1361.33,2396.29,35512.95,35399.44125000003,1360.9370312500014,2395.532812500002,35514.962500000016
2026-04-25,10:13:00.000,2026-04-25 10:13:00,35396.66,1361.52,2396.69,35512.31,35398.741250000036,1361.1270312500014,2395.9328125000025,35514.32250000002
2026-04-25,10:14:00.000,2026-04-25 10:14:00,35396.68,1361.54,2396.61,35512.31,35398.76125000003,1361.1470312500014,2395.8528125000025,35514.32250000002
2026-04-25,10:15:00.000,2026-04-25 10:15:00,35396.8,1361.55,2396.46,35512.43,35398.88125000003,1361.1570312500012,2395.702812500002,35514.44250000001
2026-04-25,10:16:00.000,2026-04-25 10:16:00,35396.45,1361.63,2396.71,35512.09,35398.522500000036,1360.7320312500012,2395.859062500002,35514.087500000016
2026-04-25,10:17:00.000,2026-04-25 10:17:00,35396.5,1361.66,2396.71,35512.13,35398.57250000004,1360.762031250001,2395.859062500002,35514.12750000001
2026-04-25,10:18:00.000,2026-04-25 10:18:00,35396.82,1361.74,2396.57,35512.43,35398.89250000003,1360.8420312500011,2395.719062500002,35514.42750000001
2026-04-25,10:19:00.000,2026-04-25 10:19:00,35397.35,1361.88,2396.35,35512.97,35399.42250000003,1360.9820312500015,2395.499062500002,35514.96750000002
2026-04-25,10:20:00.000,2026-04-25 10:20:00,35397.46,1361.84,2396.66,35513.08,35399.53250000003,1360.9420312500013,2395.809062500002,35515.07750000002
2026-04-25,10:21:00.000,2026-04-25 10:21:00,35397.13,1361.95,2396.38,35512.75,35399.20250000003,1361.0520312500014,2395.529062500002,35514.74750000002
2026-04-25,10:22:00.000,2026-04-25 10:22:00,35397.77,1361.89,2396.63,35513.38,35399.842500000035,1360.9920312500012,2395.779062500002,35515.37750000002
2026-04-25,10:23:00.000,2026-04-25 10:23:00,35398.38,1361.99,2396.08,35513.94,35400.452500000036,1361.0920312500011,2395.229062500002,35515.937500000015
2026-04-25,10:24:00.000,2026-04-25 10:24:00,35397.55,1362.08,2396.51,35513.14,35400.12500000004,1360.3070312500013,2396.009062500002,35515.66500000002
2026-04-25,10:25:00.000,2026-04-25 10:25:00,35397.69,1362.39,2395.34,35513.22,35400.265000000036,1360.6170312500017,2394.839062500002,35515.745000000024
2026-04-25,10:26:00.000,2026-04-25 10:26:00,35397.54,1362.49,2394.7,35513.03,35400.11500000004,1360.7170312500014,2394.199062500002,35515.555000000015
2026-04-25,10:27:00.000,2026-04-25 10:27:00,35395.98,1362.8,2396.27,35511.57,35398.555000000044,1361.0270312500013,2395.769062500002,35514.09500000002
2026-04-25,10:28:00.000,2026-04-25 10:28:00,35396.41,1362.56,2396.33,35511.99,35398.98500000003,1360.7870312500013,2395.8290625000013,35514.51500000002
2026-04-25,10:29:00.000,2026-04-25 10:29:00,35396.29,1362.8,2396.66,35511.92,35398.865000000034,1361.0270312500015,2396.1590625000013,35514.445000000014
2026-04-25,10:30:00.000,2026-04-25 10:30:00,35396.48,1363.11,2396.75,35512.13,35399.05500000003,1361.3370312500012,2396.249062500002,35514.65500000001
2026-04-25,10:31:00.000,2026-04-25 10:31:00,35395.9,1363.35,2396.73,35511.55,35398.47500000003,1361.577031250001,2396.2290625000014,35514.075000000026
2026-04-25,10:32:00.000,2026-04-25 10:32:00,35395.78,1363.63,2396.67,35511.44,35397.00250000003,1360.3607812500013,2395.691562500002,35512.54625000002
2026-04-25,10:33:00.000,2026-04-25 10:33:00,35395.78,1363.94,2396.54,35511.44,35397.00250000003,1360.6707812500013,2395.561562500002,35512.54625000002
2026-04-25,10:34:00.000,2026-04-25 10:34:00,35396.28,1364.21,2396.73,35511.95,35397.50250000003,1360.9407812500017,2395.7515625000015,35513.056250000016
2026-04-25,10:35:00.000,2026-04-25 10:35:00,35397.59,1364.22,2396.84,35513.26,35398.81250000003,1360.9507812500015,2395.861562500002,35514.36625000003
2026-04-25,10:36:00.000,2026-04-25 10:36:00,35398.83,1364.44,2396.61,35514.47,35400.05250000004,1361.1707812500013,2395.6315625000016,35515.57625000001
2026-04-25,10:37:00.000,2026-04-25 10:37:00,35399.69,1364.35,2396.64,35515.33,35400.91250000004,1361.080781250001,2395.6615625000013,35516.43625000001
2026-04-25,10:38:00.000,2026-04-25 10:38:00,35400.17,1364.37,2396.6,35515.81,35401.39250000004,1361.100781250001,2395.6215625000013,35516.91625000002
2026-04-25,10:39:00.000,2026-04-25 10:39:00,35400.54,1364.39,2396.48,35516.2,35401.76250000005,1361.1207812500015,2395.5015625000015,35517.306250000016
2026-04-25,10:40:00.000,2026-04-25 10:40:00,35400.4,1364.48,2396.44,35516.07,35393.57843750002,1366.1554687500013,2397.1921875000016,35509.373281250024
2026-04-25,10:41:00.000,2026-04-25 10:41:00,35400.54,1364.53,2396.44,35516.18,35393.71843750002,1366.205468750001,2397.1921875000016,35509.483281250024
2026-04-25,10:42:00.000,2026-04-25 10:42:00,35400.4,1364.63,2395.64,35516.01,35393.57843750001,1366.3054687500014,2396.3921875000015,35509.31328125002
2026-04-25,10:43:00.000,2026-04-25 10:43:00,35399.8,1364.54,2395.37,35515.34,35392.978437500016,1366.2154687500013,2396.122187500001,35508.64328125002
2026-04-25,10:44:00.000,2026-04-25 10:44:00,35398.68,1364.66,2395.77,35514.27,35391.85843750002,1366.3354687500014,2396.5221875000007,35507.57328125003
2026-04-25,10:45:00.000,2026-04-25 10:45:00,35398.02,1364.81,2394.64,35513.56,35391.19843750002,1366.4854687500015,2395.3921875000005,35506.86328125002
2026-04-25,10:46:00.000,2026-04-25 10:46:00,35396.37,1364.92,2395.6,35511.96,35389.54843750002,1366.5954687500014,2396.3521875000006,35505.26328125002
2026-04-25,10:47:00.000,2026-04-25 10:47:00,35396.16,1364.79,2395.69,35511.76,35389.33843750002,1366.4654687500013,2396.4421875000007,35505.063281250026
2026-04-25,10:48:00.000,2026-04-25 10:48:00,35395.54,1364.63,2395.85,35511.15,35394.86593750001,1366.2429687500014,2396.743437500001,35510.58203125004
2026-04-25,10:49:00.000,2026-04-25 10:49:00,35394.88,1364.54,2396.06,35510.52,35394.20593750001,1366.1529687500013,2396.953437500001,35509.95203125003
2026-04-25,10:50:00.000,2026-04-25 10:50:00,35394.63,1364.49,2395.14,35510.19,35393.95593750001,1366.1029687500013,2396.033437500001,35509.62203125002
2026-04-25,10:51:00.000,2026-04-25 10:51:00,35393.04,1364.5,2395.93,35508.7,35392.36593750001,1366.1129687500015,2396.823437500001,35508.13203125002
2026-04-25,10:52:00.000,2026-04-25 10:52:00,35392.09,1364.65,2395.33,35507.7,35391.415937500016,1366.2629687500012,2396.2234375000007,35507.13203125002
2026-04-25,10:53:00.000,2026-04-25 10:53:00,35390.93,1364.92,2395.26,35506.55,35390.25593750003,1366.5329687500011,2396.153437500001,35505.98203125002
2026-04-25,10:54:00.000,2026-04-25 10:54:00,35390.33,1365.06,2395.43,35505.94,35389.65593750002,1366.6729687500012,2396.3234375000006,35505.37203125002
2026-04-25,10:55:00.000,2026-04-25 10:55:00,35389.75,1365.07,2395.46,35505.37,35389.07593750002,1366.682968750001,2396.3534375000013,35504.80203125003
2026-04-25,10:56:00.000,2026-04-25 10:56:00,35389.47,1365.12,2395.92,35505.11,35389.10218750002,1366.8179687500012,2395.833437500001,35504.805781250034
2026-04-25,10:57:00.000,2026-04-25 10:57:00,35389.71,1365.16,2396.3,35505.4,35389.34218750001,1366.8579687500016,2396.213437500001,35505.09578125003
2026-04-25,10:58:00.000,2026-04-25 10:58:00,35391.09,1364.77,2396.62,35506.75,35390.722187500025,1366.4679687500013,2396.5334375000007,35506.445781250026
2026-04-25,10:59:00.000,2026-04-25 10:59:00,35392.28,1364.58,2396.95,35507.95,35391.91218750003,1366.2779687500013,2396.8634375000006,35507.64578125002
2026-04-25,11:00:00.000,2026-04-25 11:00:00,35393.85,1364.43,2397.15,35509.54,35393.48218750001,1366.1279687500012,2397.063437500001,35509.23578125002
2026-04-25,11:01:00.000,2026-04-25 11:01:00,35394.63,1364.4,2396.5,35510.26,35394.26218750001,1366.0979687500014,2396.4134375000012,35509.95578125002
2026-04-25,11:02:00.000,2026-04-25 11:02:00,35394.35,1364.16,2396.72,35509.99,35393.982187500005,1365.8579687500014,2396.6334375000015,35509.685781250024
2026-04-25,11:03:00.000,2026-04-25 11:03:00,35393.36,1364.56,2396.14,35509.01,35392.992187500015,1366.257968750001,2396.0534375000016,35508.70578125003
2026-04-25,11:04:00.000,2026-04-25 11:04:00,35391.48,1364.96,2397.02,35507.19,35394.87843750002,1365.2679687500015,2396.5284375000006,35510.54328125003
2026-04-25,11:05:00.000,2026-04-25 11:05:00,35390.19,1365.46,2396.51,35505.89,35393.588437500024,1365.7679687500015,2396.0184375000013,35509.24328125003
2026-04-25,11:06:00.000,2026-04-25 11:06:00,35388.62,1365.88,2396.89,35504.36,35392.018437500024,1366.1879687500016,2396.3984375000014,35507.713281250035
2026-04-25,11:07:00.000,2026-04-25 11:07:00,35387.88,1366.02,2396.95,35503.67,35391.27843750002,1366.3279687500014,2396.458437500001,35507.02328125003
2026-04-25,11:08:00.000,2026-04-25 11:08:00,35387.76,1366.41,2396.41,35503.52,35391.15843750002,1366.717968750001,2395.918437500001,35506.87328125002
2026-04-25,11:09:00.000,2026-04-25 11:09:00,35387.45,1366.35,2397.16,35503.24,35390.848437500004,1366.6579687500011,2396.668437500001,35506.59328125002
2026-04-25,11:10:00.000,2026-04-25 11:10:00,35387.54,1366.64,2397.37,35503.4,35390.938437500015,1366.9479687500009,2396.878437500001,35506.75328125002
2026-04-25,11:11:00.000,2026-04-25 11:11:00,35387.69,1366.58,2397.23,35503.48,35391.08843750001,1366.887968750001,2396.7384375000015,35506.83328125002
2026-04-25,11:12:00.000,2026-04-25 11:12:00,35388.57,1366.45,2397.39,35504.4,35391.569687500014,1366.1029687500013,2396.3996875000007,35507.28828125003
2026-04-25,11:13:00.000,2026-04-25 11:13:00,35388.18,1366.72,2397.64,35504.05,35391.179687500015,1366.3729687500013,2396.6496875000007,35506.93828125004
2026-04-25,11:14:00.000,2026-04-25 11:14:00,35387.97,1366.8,2396.38,35503.74,35390.96968750002,1366.452968750001,2395.3896875000005,35506.62828125002
2026-04-25,11:15:00.000,2026-04-25 11:15:00,35387.46,1366.58,2397.43,35503.3,35390.45968750003,1366.2329687500012,2396.4396875000007,35506.18828125003
2026-04-25,11:16:00.000,2026-04-25 11:16:00,35387.91,1366.74,2397.45,35503.74,35390.909687500025,1366.3929687500015,2396.459687500001,35506.62828125001
2026-04-25,11:17:00.000,2026-04-25 11:17:00,35389.37,1366.69,2397.27,35505.19,35392.36968750002,1366.3429687500013,2396.2796875000017,35508.07828125002
2026-04-25,11:18:00.000,2026-04-25 11:18:00,35390.21,1366.66,2398.53,35506.09,35393.20968750002,1366.3129687500016,2397.5396875000015,35508.97828125001
2026-04-25,11:19:00.000,2026-04-25 11:19:00,35392.13,1366.9,2397.44,35507.96,35395.12968750002,1366.5529687500014,2396.4496875000013,35510.84828125002
2026-04-25,11:20:00.000,2026-04-25 11:20:00,35393.16,1366.75,2397.89,35509.02,35390.485937500016,1366.124218750001,2397.0059375000005,35506.25828125002
2026-04-25,11:21:00.000,2026-04-25 11:21:00,35394.25,1366.52,2398.12,35510.1,35391.57593750001,1365.894218750001,2397.2359375,35507.33828125002
2026-04-25,11:22:00.000,2026-04-25 11:22:00,35395.85,1366.66,2396.9,35511.62,35393.17593750002,1366.0342187500012,2396.015937500001,35508.858281250024
2026-04-25,11:23:00.000,2026-04-25 11:23:00,35395.24,1366.79,2397.81,35511.08,35392.56593750002,1366.1642187500013,2396.925937500001,35508.31828125003
2026-04-25,11:24:00.000,2026-04-25 11:24:00,35395.7,1366.85,2397.24,35511.48,35393.02593750001,1366.2242187500015,2396.355937500001,35508.71828125003
2026-04-25,11:25:00.000,2026-04-25 11:25:00,35395.23,1367.05,2397.25,35511.02,35392.55593750002,1366.4242187500013,2396.365937500001,35508.258281250026
2026-04-25,11:26:00.000,2026-04-25 11:26:00,35394.83,1367.48,2396.44,35510.59,35392.155937500014,1366.8542187500016,2395.5559375000016,35507.82828125002
2026-04-25,11:27:00.000,2026-04-25 11:27:00,35392.93,1367.67,2397.03,35508.76,35390.25593750002,1367.0442187500016,2396.1459375000018,35505.99828125003
2026-04-25,11:28:00.000,2026-04-25 11:28:00,35391.55,1367.81,2396.58,35507.35,35391.99093750001,1366.0879687500012,2396.5184375000013,35507.758281250026
2026-04-25,11:29:00.000,2026-04-25 11:29:00,35390.62,1368.18,2396.59,35506.4,35391.06093750002,1366.457968750001,2396.5284375000015,35506.80828125003
2026-04-25,11:30:00.000,2026-04-25 11:30:00,35390.84,1368.4,2396.42,35506.63,35391.280937500014,1366.6779687500014,2396.3584375000014,35507.03828125002
2026-04-25,11:31:00.000,2026-04-25 11:31:00,35391.22,1368.02,2396.81,35507.0,35391.66093750002,1366.2979687500012,2396.748437500001,35507.40828125003
2026-04-25,11:32:00.000,2026-04-25 11:32:00,35391.93,1368.11,2396.04,35507.63,35392.370937500025,1366.3879687500016,2395.978437500001,35508.03828125002
2026-04-25,11:33:00.000,2026-04-25 11:33:00,35391.87,1368.05,2396.55,35507.6,35392.31093750003,1366.3279687500017,2396.488437500001,35508.00828125002
2026-04-25,11:34:00.000,2026-04-25 11:34:00,35392.03,1367.98,2396.66,35507.77,35392.47093750002,1366.2579687500015,2396.5984375000007,35508.178281250024
2026-04-25,11:35:00.000,2026-04-25 11:35:00,35392.21,1367.99,2396.45,35507.93,35392.65093750001,1366.2679687500013,2396.3884375000007,35508.33828125003
2026-04-25,11:36:00.000,2026-04-25 11:36:00,35391.19,1368.26,2396.51,35506.96,35394.88843750003,1365.6604687500014,2397.378437500002,35510.64078125003
2026-04-25,11:37:00.000,2026-04-25 11:37:00,35390.69,1368.48,2395.93,35506.44,35394.38843750003,1365.8804687500012,2396.798437500001,35510.12078125003
2026-04-25,11:38:00.000,2026-04-25 11:38:00,35389.93,1368.82,2396.15,35505.7,35393.62843750002,1366.2204687500014,2397.0184375000013,35509.38078125002
2026-04-25,11:39:00.000,2026-04-25 11:39:00,35389.18,1369.08,2394.94,35504.89,35392.87843750002,1366.4804687500011,2395.808437500001,35508.570781250026
2026-04-25,11:40:00.000,2026-04-25 11:40:00,35387.41,1368.97,2395.54,35503.15,35391.10843750002,1366.3704687500012,2396.408437500001,35506.83078125003
2026-04-25,11:41:00.000,2026-04-25 11:41:00,35386.66,1369.13,2395.4,35502.39,35390.35843750002,1366.5304687500015,2396.268437500001,35506.07078125003
2026-04-25,11:42:00.000,2026-04-25 11:42:00,35385.71,1369.4,2395.36,35501.47,35389.40843750001,1366.8004687500015,2396.2284375000004,35505.15078125001
2026-04-25,11:43:00.000,2026-04-25 11:43:00,35385.44,1369.42,2394.83,35501.13,35389.138437500005,1366.8204687500015,2395.6984375000006,35504.81078125002
2026-04-25,11:44:00.000,2026-04-25 11:44:00,35384.16,1369.84,2395.3,35499.92,35378.35578125002,1369.944062500001,2397.759747498149,35494.24218750002
2026-04-25,11:45:00.000,2026-04-25 11:45:00,35383.41,1369.53,2395.72,35499.18,35377.60578125002,1369.6340625000012,2398.179747498149,35493.50218750003
2026-04-25,11:46:00.000,2026-04-25 11:46:00,35382.3,1369.74,2395.45,35498.05,35376.49578125002,1369.8440625000017,2397.9097474981486,35492.372187500034
2026-04-25,11:47:00.000,2026-04-25 11:47:00,35381.03,1369.71,2395.93,35496.78,35375.22578125002,1369.8140625000015,2398.389747498149,35491.10218750003
2026-04-25,11:48:00.000,2026-04-25 11:48:00,35381.05,1369.87,2396.14,35496.83,35375.24578125003,1369.974062500001,2398.599747498149,35491.15218750004
2026-04-25,11:49:00.000,2026-04-25 11:49:00,35381.4,1369.56,2396.49,35497.19,35375.59578125002,1369.6640625000011,2398.9497474981486,35491.51218750004
2026-04-25,11:50:00.000,2026-04-25 11:50:00,35380.61,1369.4,2396.61,35496.41,35374.80578125002,1369.5040625000013,2399.0697474981494,35490.73218750005
2026-04-25,11:51:00.000,2026-04-25 11:51:00,35380.64,1369.55,2396.77,35496.43,35374.83578125002,1369.6540625000014,2399.229747498149,35490.75218750004
2026-04-25,11:52:00.000,2026-04-25 11:52:00,35380.88,1369.58,2396.88,35496.7,35377.34578125002,1369.5590625000013,2398.05849749815,35493.23093750003
2026-04-25,11:53:00.000,2026-04-25 11:53:00,35380.97,1369.47,2396.71,35496.73,35377.43578125003,1369.4490625000012,2397.8884974981497,35493.26093750003
2026-04-25,11:54:00.000,2026-04-25 11:54:00,35380.22,1369.59,2397.52,35496.07,35376.685781250024,1369.5690625000013,2398.698497498149,35492.600937500036
2026-04-25,11:55:00.000,2026-04-25 11:55:00,35379.86,1369.64,2397.26,35495.68,35376.32578125002,1369.6190625000015,2398.438497498149,35492.21093750004
2026-04-25,11:56:00.000,2026-04-25 11:56:00,35379.72,1369.66,2397.19,35495.55,35376.185781250024,1369.6390625000013,2398.3684974981493,35492.080937500046
2026-04-25,11:57:00.000,2026-04-25 11:57:00,35378.61,1369.94,2398.19,35494.51,35375.07578125002,1369.919062500001,2399.3684974981493,35491.04093750004
2026-04-25,11:58:00.000,2026-04-25 11:58:00,35378.61,1370.13,2396.94,35494.42,35375.075781250016,1370.1090625000013,2398.118497498149,35490.950937500034
2026-04-25,11:59:00.000,2026-04-25 11:59:00,35377.57,1370.19,2397.97,35493.46,35374.03578125001,1370.1690625000012,2399.1484974981486,35489.99093750003
2026-04-25,12:00:00.000,2026-04-25 12:00:00,35377.15,1370.41,2397.55,35492.98,35376.193281250016,1369.6453125000012,2398.0422474981497,35492.06468750004
2026-04-25,12:01:00.000,2026-04-25 12:01:00,35376.81,1370.61,2397.02,35492.61,35375.85328125002,1369.845312500001,2397.512247498149,35491.69468750003
2026-04-25,12:02:00.000,2026-04-25 12:02:00,35375.85,1370.65,2397.85,35491.72,35374.89328125001,1369.8853125000014,2398.3422474981494,35490.80468750004
2026-04-25,12:03:00.000,2026-04-25 12:03:00,35375.66,1370.69,2398.09,35491.55,35374.703281250026,1369.9253125000014,2398.58224749815,35490.63468750004
2026-04-25,12:04:00.000,2026-04-25 12:04:00,35376.09,1370.77,2397.85,35491.94,35375.133281250026,1370.0053125000013,2398.342247498149,35491.02468750004
2026-04-25,12:05:00.000,2026-04-25 12:05:00,35377.57,1370.52,2397.83,35493.41,35376.61328125002,1369.7553125000013,2398.3222474981485,35492.49468750004
2026-04-25,12:06:00.000,2026-04-25 12:06:00,35378.03,1370.38,2398.83,35493.91,35377.07328125002,1369.6153125000014,2399.322247498149,35492.994687500024
2026-04-25,12:07:00.000,2026-04-25 12:07:00,35378.66,1370.12,2399.13,35494.57,35377.703281250026,1369.3553125000012,2399.622247498149,35493.65468750003
2026-04-25,12:08:00.000,2026-04-25 12:08:00,35378.88,1370.12,2398.39,35494.71,35378.14578125003,1369.869062500001,2398.520997498149,35494.03593750003
2026-04-25,12:09:00.000,2026-04-25 12:09:00,35377.97,1369.77,2398.74,35493.82,35377.23578125003,1369.5190625000012,2398.8709974981484,35493.145937500034
2026-04-25,12:10:00.000,2026-04-25 12:10:00,35377.08,1369.96,2398.58,35492.93,35376.34578125003,1369.7090625000012,2398.7109974981495,35492.255937500035
2026-04-25,12:11:00.000,2026-04-25 12:11:00,35376.79,1369.95,2397.57,35492.55,35376.05578125002,1369.6990625000014,2397.7009974981493,35491.87593750003
2026-04-25,12:12:00.000,2026-04-25 12:12:00,35375.91,1370.24,2398.14,35491.73,35375.175781250015,1369.9890625000014,2398.270997498149,35491.05593750004
2026-04-25,12:13:00.000,2026-04-25 12:13:00,35375.58,1369.95,2398.53,35491.45,35374.84578125001,1369.6990625000014,2398.6609974981493,35490.775937500024
2026-04-25,12:14:00.000,2026-04-25 12:14:00,35375.99,1370.11,2397.96,35491.83,35375.255781250016,1369.8590625000013,2398.090997498149,35491.15593750003
2026-04-25,12:15:00.000,2026-04-25 12:15:00,35375.84,1369.94,2399.13,35491.74,35375.10578125002,1369.6890625000012,2399.260997498149,35491.06593750003
2026-04-25,12:16:00.000,2026-04-25 12:16:00,35376.47,1369.85,2398.95,35492.35,35376.350781250025,1370.0953125000015,2398.8480650018555,35492.21343750003
2026-04-25,12:17:00.000,2026-04-25 12:17:00,35376.41,1369.74,2399.22,35492.33,35376.29078125003,1369.9853125000013,2399.118065001856,35492.19343750003
2026-04-25,12:18:00.000,2026-04-25 12:18:00,35376.53,1369.57,2399.29,35492.44,35376.410781250015,1369.8153125000008,2399.188065001856,35492.303437500035
2026-04-25,12:19:00.000,2026-04-25 12:19:00,35376.63,1369.32,2399.84,35492.56,35376.51078125002,1369.5653125000008,2399.7380650018563,35492.42343750003
2026-04-25,12:20:00.000,2026-04-25 12:20:00,35376.39,1369.26,2399.68,35492.31,35376.27078125002,1369.5053125000013,2399.5780650018555,35492.17343750004
2026-04-25,12:21:00.000,2026-04-25 12:21:00,35376.03,1369.26,2399.57,35491.94,35375.91078125002,1369.5053125000013,2399.468065001856,35491.80343750004
2026-04-25,12:22:00.000,2026-04-25 12:22:00,35375.82,1369.49,2399.43,35491.74,35375.700781250016,1369.7353125000013,2399.328065001855,35491.60343750004
2026-04-25,12:23:00.000,2026-04-25 12:23:00,35374.84,1369.58,2399.72,35490.79,35374.72078125002,1369.825312500001,2399.618065001855,35490.65343750004
2026-04-25,12:24:00.000,2026-04-25 12:24:00,35374.06,1369.73,2399.35,35489.98,35376.98828125002,1369.9665625000011,2398.796815001856,35492.87593750004
2026-04-25,12:25:00.000,2026-04-25 12:25:00,35373.15,1369.69,2399.95,35489.1,35376.07828125002,1369.9265625000012,2399.3968150018554,35491.99593750003
2026-04-25,12:26:00.000,2026-04-25 12:26:00,35373.02,1369.74,2399.51,35488.93,35375.948281250014,1369.9765625000016,2398.9568150018563,35491.825937500034
2026-04-25,12:27:00.000,2026-04-25 12:27:00,35372.61,1369.62,2399.93,35488.55,35375.538281250025,1369.8565625000012,2399.3768150018554,35491.44593750003
2026-04-25,12:28:00.000,2026-04-25 12:28:00,35373.39,1369.45,2399.11,35489.23,35376.318281250016,1369.6865625000014,2398.5568150018557,35492.12593750004
2026-04-25,12:29:00.000,2026-04-25 12:29:00,35372.93,1369.33,2400.5,35488.91,35375.858281250024,1369.566562500001,2399.946815001856,35491.80593750003
2026-04-25,12:30:00.000,2026-04-25 12:30:00,35372.92,1369.2,2400.59,35488.9,35375.848281250015,1369.436562500001,2400.0368150018553,35491.795937500036
2026-04-25,12:31:00.000,2026-04-25 12:31:00,35372.66,1369.38,2400.37,35488.6,35375.58828125002,1369.6165625000012,2399.816815001855,35491.49593750003
2026-04-25,12:32:00.000,2026-04-25 12:32:00,35372.68,1369.5,2399.98,35488.62,35376.64328125003,1369.671562500001,2398.614315001855,35492.47843750004
2026-04-25,12:33:00.000,2026-04-25 12:33:00,35371.92,1369.49,2400.66,35487.93,35375.88328125002,1369.6615625000013,2399.2943150018555,35491.788437500036
2026-04-25,12:34:00.000,2026-04-25 12:34:00,35371.64,1369.56,2401.01,35487.69,35375.60328125001,1369.7315625000012,2399.644315001856,35491.54843750004
2026-04-25,12:35:00.000,2026-04-25 12:35:00,35372.23,1369.68,2400.21,35488.19,35376.19328125002,1369.8515625000016,2398.8443150018556,35492.04843750004
2026-04-25,12:36:00.000,2026-04-25 12:36:00,35372.05,1369.75,2400.88,35488.05,35376.01328125002,1369.921562500001,2399.5143150018557,35491.908437500024
2026-04-25,12:37:00.000,2026-04-25 12:37:00,35372.09,1369.61,2400.9,35488.12,35376.05328125002,1369.7815625000007,2399.5343150018552,35491.97843750003
2026-04-25,12:38:00.000,2026-04-25 12:38:00,35371.98,1369.52,2401.01,35487.99,35375.94328125002,1369.691562500001,2399.6443150018563,35491.84843750002
2026-04-25,12:39:00.000,2026-04-25 12:39:00,35371.87,1369.55,2401.16,35487.91,35375.83328125002,1369.7215625000013,2399.794315001856,35491.76843750003
2026-04-25,12:40:00.000,2026-04-25 12:40:00,35371.59,1369.59,2401.19,35487.62,35375.84703125003,1369.8690625000013,2398.949315001856,35491.73843750003
2026-04-25,12:41:00.000,2026-04-25 12:41:00,35371.52,1369.34,2401.87,35487.57,35375.77703125002,1369.6190625000013,2399.6293150018564,35491.68843750003
2026-04-25,12:42:00.000,2026-04-25 12:42:00,35372.02,1369.45,2401.06,35488.02,35376.27703125002,1369.7290625000012,2398.8193150018556,35492.13843750003
2026-04-25,12:43:00.000,2026-04-25 12:43:00,35371.77,1369.39,2401.85,35487.8,35376.02703125002,1369.6690625000012,2399.6093150018555,35491.91843750004
2026-04-25,12:44:00.000,2026-04-25 12:44:00,35372.19,1369.55,2401.05,35488.22,35376.44703125002,1369.8290625000013,2398.8093150018553,35492.33843750004
2026-04-25,12:45:00.000,2026-04-25 12:45:00,35372.18,1369.58,2401.38,35488.17,35376.43703125001,1369.859062500001,2399.1393150018553,35492.288437500036
2026-04-25,12:46:00.000,2026-04-25 12:46:00,35371.69,1369.39,2402.18,35487.78,35375.94703125002,1369.6690625000012,2399.9393150018554,35491.89843750003
2026-04-25,12:47:00.000,2026-04-25 12:47:00,35371.15,1369.51,2402.23,35487.24,35375.407031250026,1369.7890625000011,2399.9893150018556,35491.358437500036
2026-04-25,12:48:00.000,2026-04-25 12:48:00,35370.63,1369.64,2402.39,35486.75,35367.010937500025,1371.7412500000014,2404.5681849981493,35483.39203125003
2026-04-25,12:49:00.000,2026-04-25 12:49:00,35370.52,1369.68,2401.72,35486.61,35366.900937500024,1371.7812500000014,2403.898184998149,35483.25203125003
2026-04-25,12:50:00.000,2026-04-25 12:50:00,35369.86,1369.84,2401.92,35485.97,35366.24093750003,1371.941250000001,2404.0981849981495,35482.61203125003
2026-04-25,12:51:00.000,2026-04-25 12:51:00,35369.94,1369.86,2401.01,35486.0,35366.32093750003,1371.961250000001,2403.1881849981496,35482.64203125003
2026-04-25,12:52:00.000,2026-04-25 12:52:00,35368.89,1369.76,2402.53,35485.05,35365.270937500034,1371.861250000001,2404.708184998149,35481.69203125003
2026-04-25,12:53:00.000,2026-04-25 12:53:00,35368.9,1369.84,2402.27,35485.04,35365.28093750004,1371.941250000001,2404.448184998149,35481.68203125002
2026-04-25,12:54:00.000,2026-04-25 12:54:00,35368.43,1369.94,2402.5,35484.6,35364.810937500035,1372.0412500000011,2404.6781849981494,35481.242031250025
2026-04-25,12:55:00.000,2026-04-25 12:55:00,35368.44,1370.06,2402.29,35484.58,35364.82093750003,1372.161250000001,2404.4681849981494,35481.22203125002
2026-04-25,12:56:00.000,2026-04-25 12:56:00,35368.02,1370.11,2402.89,35484.21,35365.428437500035,1371.851250000001,2403.96943499815,35481.78703125003
2026-04-25,12:57:00.000,2026-04-25 12:57:00,35368.24,1370.38,2402.14,35484.4,35365.64843750004,1372.121250000001,2403.21943499815,35481.97703125003
2026-04-25,12:58:00.000,2026-04-25 12:58:00,35368.16,1370.45,2402.76,35484.34,35365.56843750004,1372.1912500000012,2403.8394349981504,35481.91703125002
2026-04-25,12:59:00.000,2026-04-25 12:59:00,35368.08,1370.33,2403.51,35484.35,35365.48843750004,1372.0712500000009,2404.5894349981504,35481.927031250016
2026-04-25,13:00:00.000,2026-04-25 13:00:00,35368.28,1370.46,2403.59,35484.56,35365.688437500015,1372.2012500000012,2404.669434998149,35482.13703125003
2026-04-25,13:01:00.000,2026-04-25 13:01:00,35368.79,1370.16,2403.41,35485.01,35366.198437500025,1371.9012500000015,2404.4894349981487,35482.58703125003
2026-04-25,13:02:00.000,2026-04-25 13:02:00,35368.77,1369.87,2403.81,35485.0,35366.17843750002,1371.611250000001,2404.889434998149,35482.57703125003
2026-04-25,13:03:00.000,2026-04-25 13:03:00,35369.05,1369.74,2403.31,35485.25,35366.458437500034,1371.4812500000014,2404.389434998149,35482.82703125003
2026-04-25,13:04:00.000,2026-04-25 13:04:00,35368.99,1369.84,2403.68,35485.2,35366.49343750003,1371.410000000001,2404.269434998149,35482.86078125002
2026-04-25,13:05:00.000,2026-04-25 13:05:00,35369.04,1370.04,2403.49,35485.25,35366.54343750003,1371.6100000000013,2404.0794349981493,35482.91078125002
2026-04-25,13:06:00.000,2026-04-25 13:06:00,35368.39,1370.32,2404.16,35484.66,35365.893437500024,1371.8900000000015,2404.7494349981494,35482.32078125003
2026-04-25,13:07:00.000,2026-04-25 13:07:00,35368.45,1370.59,2403.09,35484.64,35365.95343750002,1372.1600000000014,2403.6794349981496,35482.30078125003
2026-04-25,13:08:00.000,2026-04-25 13:08:00,35367.68,1370.47,2404.04,35483.93,35365.18343750003,1372.0400000000009,2404.629434998149,35481.59078125003
2026-04-25,13:09:00.000,2026-04-25 13:09:00,35368.1,1370.42,2403.47,35484.31,35365.60343750003,1371.9900000000011,2404.0594349981493,35481.970781250035
2026-04-25,13:10:00.000,2026-04-25 13:10:00,35367.78,1370.62,2403.98,35484.04,35365.28343750003,1372.190000000001,2404.5694349981495,35481.70078125003
2026-04-25,13:11:00.000,2026-04-25 13:11:00,35368.2,1370.57,2403.43,35484.42,35365.70343750003,1372.1400000000008,2404.0194349981493,35482.080781250035
2026-04-25,13:12:00.000,2026-04-25 13:12:00,35367.6,1371.06,2403.39,35483.86,35367.58718750002,1371.2212500000012,2403.804434998149,35483.92953125003
2026-04-25,13:13:00.000,2026-04-25 13:13:00,35366.93,1371.23,2403.79,35483.2,35366.917187500025,1371.3912500000013,2404.204434998149,35483.26953125003
2026-04-25,13:14:00.000,2026-04-25 13:14:00,35366.43,1371.38,2404.13,35482.72,35366.417187500025,1371.5412500000011,2404.5444349981494,35482.789531250026
2026-04-25,13:15:00.000,2026-04-25 13:15:00,35365.66,1371.49,2404.41,35481.99,35365.647187500035,1371.6512500000013,2404.824434998149,35482.05953125003
2026-04-25,13:16:00.000,2026-04-25 13:16:00,35365.74,1371.8,2403.43,35482.0,35365.72718750004,1371.961250000001,2403.8444349981496,35482.06953125003
2026-04-25,13:17:00.000,2026-04-25 13:17:00,35365.02,1371.96,2404.16,35481.35,35365.007187500036,1372.1212500000013,2404.574434998149,35481.41953125004
2026-04-25,13:18:00.000,2026-04-25 13:18:00,35364.79,1372.5,2403.66,35481.12,35364.77718750004,1372.6612500000008,2404.074434998149,35481.189531250035
2026-04-25,13:19:00.000,2026-04-25 13:19:00,35364.59,1372.72,2403.77,35480.94,35364.57718750003,1372.881250000001,2404.1844349981498,35481.00953125003
2026-04-25,13:20:00.000,2026-04-25 13:20:00,35364.49,1372.93,2403.95,35480.86,35366.59468750004,1371.743750000001,2403.356190001856,35482.86453125003
2026-04-25,13:21:00.000,2026-04-25 13:21:00,35364.37,1373.01,2403.9,35480.75,35366.47468750004,1371.823750000001,2403.3061900018556,35482.75453125003
2026-04-25,13:22:00.000,2026-04-25 13:22:00,35363.81,1373.16,2404.68,35480.28,35365.91468750003,1371.9737500000008,2404.086190001856,35482.28453125003
2026-04-25,13:23:00.000,2026-04-25 13:23:00,35363.5,1373.08,2405.41,35480.02,35365.60468750003,1371.8937500000009,2404.8161900018554,35482.02453125002
2026-04-25,13:24:00.000,2026-04-25 13:24:00,35363.79,1373.02,2405.15,35480.29,35365.894687500026,1371.8337500000014,2404.5561900018565,35482.29453125003
2026-04-25,13:25:00.000,2026-04-25 13:25:00,35363.38,1373.02,2405.88,35479.93,35365.48468750002,1371.8337500000014,2405.286190001856,35481.93453125003
2026-04-25,13:26:00.000,2026-04-25 13:26:00,35363.26,1373.23,2405.73,35479.81,35365.36468750003,1372.0437500000012,2405.1361900018555,35481.81453125002
2026-04-25,13:27:00.000,2026-04-25 13:27:00,35363.22,1373.47,2405.47,35479.76,35365.32468750003,1372.2837500000014,2404.8761900018553,35481.76453125003
2026-04-25,13:28:00.000,2026-04-25 13:28:00,35362.81,1373.61,2405.83,35479.4,35365.77718750002,1371.8137500000007,2404.6474400018556,35482.190781250036
2026-04-25,13:29:00.000,2026-04-25 13:29:00,35362.88,1373.75,2405.44,35479.43,35365.847187500025,1371.953750000001,2404.257440001856,35482.220781250035
2026-04-25,13:30:00.000,2026-04-25 13:30:00,35362.59,1373.69,2406.09,35479.17,35365.55718750003,1371.8937500000013,2404.9074400018553,35481.96078125003
2026-04-25,13:31:00.000,2026-04-25 13:31:00,35362.71,1373.72,2405.77,35479.28,35365.67718750004,1371.923750000001,2404.5874400018556,35482.07078125003
2026-04-25,13:32:00.000,2026-04-25 13:32:00,35363.16,1373.79,2404.98,35479.67,35366.12718750003,1371.9937500000012,2403.797440001856,35482.460781250025
2026-04-25,13:33:00.000,2026-04-25 13:33:00,35362.67,1373.73,2405.92,35479.26,35365.637187500026,1371.9337500000013,2404.7374400018557,35482.05078125004
2026-04-25,13:34:00.000,2026-04-25 13:34:00,35363.01,1373.8,2405.45,35479.57,35365.97718750003,1372.003750000001,2404.2674400018554,35482.36078125003
2026-04-25,13:35:00.000,2026-04-25 13:35:00,35363.09,1373.71,2405.4,35479.63,35366.05718750003,1371.9137500000013,2404.2174400018553,35482.420781250024
2026-04-25,13:36:00.000,2026-04-25 13:36:00,35362.5,1373.73,2406.1,35479.11,35365.56968750003,1371.8562500000014,2404.9199400018556,35481.975781250025
2026-04-25,13:37:00.000,2026-04-25 13:37:00,35363.29,1373.91,2404.57,35479.8,35366.35968750004,1372.0362500000012,2403.389940001856,35482.66578125003
2026-04-25,13:38:00.000,2026-04-25 13:38:00,35362.7,1373.8,2405.65,35479.27,35365.76968750003,1371.9262500000011,2404.469940001856,35482.13578125003
2026-04-25,13:39:00.000,2026-04-25 13:39:00,35362.52,1373.87,2405.78,35479.13,35365.589687500025,1371.9962500000008,2404.599940001856,35481.99578125003
2026-04-25,13:40:00.000,2026-04-25 13:40:00,35362.77,1373.74,2405.32,35479.35,35365.839687500025,1371.866250000001,2404.139940001856,35482.21578125003
2026-04-25,13:41:00.000,2026-04-25 13:41:00,35362.24,1373.85,2406.05,35478.87,35365.30968750003,1371.976250000001,2404.8699400018554,35481.735781250034
2026-04-25,13:42:00.000,2026-04-25 13:42:00,35362.85,1373.73,2405.8,35479.45,35365.91968750003,1371.8562500000012,2404.619940001856,35482.31578125002
2026-04-25,13:43:00.000,2026-04-25 13:43:00,35363.23,1373.79,2405.59,35479.83,35366.29968750003,1371.9162500000011,2404.409940001856,35482.695781250026
2026-04-25,13:44:00.000,2026-04-25 13:44:00,35364.09,1373.4,2405.36,35480.66,35364.668437500026,1372.6825000000015,2404.0549400018563,35481.049531250035
2026-04-25,13:45:00.000,2026-04-25 13:45:00,35364.35,1373.16,2406.27,35480.97,35364.928437500035,1372.4425000000012,2404.964940001856,35481.35953125003
2026-04-25,13:46:00.000,2026-04-25 13:46:00,35365.05,1372.97,2405.85,35481.62,35365.62843750004,1372.2525000000012,2404.5449400018556,35482.00953125004
2026-04-25,13:47:00.000,2026-04-25 13:47:00,35365.59,1372.56,2405.85,35482.17,35366.16843750003,1371.8425000000013,2404.5449400018556,35482.55953125003
2026-04-25,13:48:00.000,2026-04-25 13:48:00,35365.77,1372.46,2405.83,35482.34,35366.34843750002,1371.7425000000007,2404.524940001855,35482.72953125002
2026-04-25,13:49:00.000,2026-04-25 13:49:00,35366.09,1372.18,2405.43,35482.64,35366.668437500026,1371.462500000001,2404.1249400018555,35483.029531250024
2026-04-25,13:50:00.000,2026-04-25 13:50:00,35365.67,1372.1,2405.92,35482.24,35366.248437500035,1371.3825000000008,2404.6149400018553,35482.62953125003
2026-04-25,13:51:00.000,2026-04-25 13:51:00,35365.42,1372.34,2405.35,35481.98,35365.998437500035,1371.6225000000006,2404.0449400018556,35482.369531250035
2026-04-25,13:52:00.000,2026-04-25 13:52:00,35364.9,1372.56,2405.17,35481.47,35364.99140625004,1372.6498437500013,2404.6309375000023,35481.63546875003
2026-04-25,13:53:00.000,2026-04-25 13:53:00,35364.56,1372.71,2405.2,35481.12,35364.65140625004,1372.7998437500014,2404.660937500002,35481.28546875004
2026-04-25,13:54:00.000,2026-04-25 13:54:00,35364.42,1372.97,2404.65,35480.96,35364.51140625003,1373.0598437500014,2404.110937500003,35481.125468750026
2026-04-25,13:55:00.000,2026-04-25 13:55:00,35364.27,1372.95,2404.69,35480.79,35364.361406250035,1373.0398437500014,2404.150937500003,35480.95546875003
2026-04-25,13:56:00.000,2026-04-25 13:56:00,35364.35,1373.11,2404.49,35480.89,35364.44140625002,1373.1998437500013,2403.950937500001,35481.055468750026
2026-04-25,13:57:00.000,2026-04-25 13:57:00,35364.49,1373.32,2404.09,35481.02,35364.58140625002,1373.4098437500013,2403.5509375000015,35481.185468750016
2026-04-25,13:58:00.000,2026-04-25 13:58:00,35364.54,1373.27,2404.65,35481.09,35364.63140625002,1373.3598437500013,2404.1109375000015,35481.255468750016
2026-04-25,13:59:00.000,2026-04-25 13:59:00,35365.35,1372.95,2404.09,35481.87,35365.441406250015,1373.0398437500012,2403.550937500002,35482.03546875003
2026-04-25,14:00:00.000,2026-04-25 14:00:00,35365.16,1372.66,2405.08,35481.74,35364.69390625003,1373.2985937500016,2404.3484375000016,35481.304218750025
2026-04-25,14:01:00.000,2026-04-25 14:01:00,35365.71,1372.63,2403.96,35482.24,35365.24390625002,1373.2685937500014,2403.2284375000017,35481.804218750025
2026-04-25,14:02:00.000,2026-04-25 14:02:00,35364.81,1372.16,2405.62,35481.44,35364.343906250026,1372.7985937500014,2404.8884375000016,35481.00421875003
2026-04-25,14:03:00.000,2026-04-25 14:03:00,35364.89,1372.38,2404.57,35481.45,35364.42390625003,1373.0185937500016,2403.8384375000023,35481.014218750024
2026-04-25,14:04:00.000,2026-04-25 14:04:00,35364.31,1372.25,2405.61,35480.95,35363.84390625003,1372.888593750001,2404.8784375000023,35480.514218750024
2026-04-25,14:05:00.000,2026-04-25 14:05:00,35364.88,1372.59,2404.44,35481.46,35364.413906250025,1373.2285937500012,2403.708437500002,35481.02421875003
2026-04-25,14:06:00.000,2026-04-25 14:06:00,35365.6,1372.52,2404.45,35482.15,35365.13390625003,1373.1585937500013,2403.7184375000015,35481.714218750036
2026-04-25,14:07:00.000,2026-04-25 14:07:00,35365.98,1372.26,2404.84,35482.59,35365.51390625003,1372.8985937500015,2404.108437500002,35482.15421875002
2026-04-25,14:08:00.000,2026-04-25 14:08:00,35366.46,1372.06,2404.12,35483.02,35365.25140625003,1372.9510937500015,2403.7334375000014,35481.867968750026
2026-04-25,14:09:00.000,2026-04-25 14:09:00,35366.38,1371.88,2404.5,35482.95,35365.171406250025,1372.7710937500017,2404.1134375000015,35481.79796875002
2026-04-25,14:10:00.000,2026-04-25 14:10:00,35366.62,1371.86,2404.24,35483.16,35365.41140625002,1372.7510937500012,2403.8534375000027,35482.00796875003
2026-04-25,14:11:00.000,2026-04-25 14:11:00,35366.61,1371.75,2404.27,35483.15,35365.40140625003,1372.6410937500011,2403.8834375000024,35481.99796875002
2026-04-25,14:12:00.000,2026-04-25 14:12:00,35365.72,1372.18,2404.65,35482.32,35364.511406250036,1373.0710937500012,2404.263437500002,35481.16796875002
2026-04-25,14:13:00.000,2026-04-25 14:13:00,35365.5,1372.29,2404.57,35482.03,35364.291406250035,1373.1810937500013,2404.183437500002,35480.87796875003
2026-04-25,14:14:00.000,2026-04-25 14:14:00,35365.24,1372.58,2404.34,35481.78,35364.03140625003,1373.4710937500015,2403.9534375000017,35480.62796875003
2026-04-25,14:15:00.000,2026-04-25 14:15:00,35364.75,1372.83,2405.12,35481.34,35363.54140625003,1373.7210937500015,2404.7334375000014,35480.187968750026
2026-04-25,14:16:00.000,2026-04-25 14:16:00,35365.34,1372.95,2404.68,35481.93,35364.33640625003,1372.8285937500013,2404.5359375000016,35480.960468750025
2026-04-25,14:17:00.000,2026-04-25 14:17:00,35365.42,1373.02,2404.71,35481.97,35364.416406250035,1372.8985937500015,2404.5659375000023,35481.00046875002
2026-04-25,14:18:00.000,2026-04-25 14:18:00,35365.87,1373.22,2403.67,35482.41,35364.86640625003,1373.0985937500013,2403.5259375000023,35481.44046875003
2026-04-25,14:19:00.000,2026-04-25 14:19:00,35366.13,1373.0,2403.91,35482.7,35365.12640625003,1372.8785937500015,2403.765937500002,35481.73046875002
2026-04-25,14:20:00.000,2026-04-25 14:20:00,35365.99,1373.13,2404.0,35482.57,35364.98640625002,1373.0085937500014,2403.855937500002,35481.60046875004
2026-04-25,14:21:00.000,2026-04-25 14:21:00,35365.93,1373.39,2403.89,35482.5,35364.92640625002,1373.2685937500012,2403.745937500001,35481.53046875003
2026-04-25,14:22:00.000,2026-04-25 14:22:00,35365.63,1373.27,2404.48,35482.24,35364.626406250034,1373.1485937500013,2404.3359375000023,35481.27046875003
2026-04-25,14:23:00.000,2026-04-25 14:23:00,35365.33,1373.55,2404.53,35481.97,35364.32640625003,1373.428593750001,2404.3859375000025,35481.000468750026
2026-04-25,14:24:00.000,2026-04-25 14:24:00,35365.75,1373.6,2403.61,35482.35,35364.93015625003,1372.7460937500011,2403.297187500002,35481.48796875002
2026-04-25,14:25:00.000,2026-04-25 14:25:00,35364.97,1373.84,2404.52,35481.63,35364.150156250034,1372.986093750001,2404.207187500002,35480.76796875002
2026-04-25,14:26:00.000,2026-04-25 14:26:00,35364.98,1373.98,2404.33,35481.63,35364.16015625003,1373.1260937500015,2404.0171875000024,35480.767968750035
2026-04-25,14:27:00.000,2026-04-25 14:27:00,35365.02,1374.1,2404.48,35481.67,35364.20015625002,1373.2460937500014,2404.167187500002,35480.80796875003
2026-04-25,14:28:00.000,2026-04-25 14:28:00,35365.39,1373.95,2404.72,35482.08,35364.570156250025,1373.0960937500015,2404.407187500002,35481.21796875003
2026-04-25,14:29:00.000,2026-04-25 14:29:00,35366.03,1373.88,2404.45,35482.67,35365.210156250025,1373.0260937500018,2404.1371875000023,35481.80796875003
2026-04-25,14:30:00.000,2026-04-25 14:30:00,35366.17,1373.92,2404.27,35482.83,35365.35015625002,1373.0660937500015,2403.9571875000015,35481.96796875003
2026-04-25,14:31:00.000,2026-04-25 14:31:00,35365.86,1374.12,2404.84,35482.57,35365.04015625002,1373.2660937500013,2404.527187500002,35481.70796875002
2026-04-25,14:32:00.000,2026-04-25 14:32:00,35365.91,1374.27,2404.55,35482.6,35365.36765625004,1373.6098437500011,2404.810937500002,35481.98171875003
2026-04-25,14:33:00.000,2026-04-25 14:33:00,35365.94,1373.83,2404.34,35482.59,35365.39765625004,1373.169843750001,2404.600937500002,35481.97171875002
2026-04-25,14:34:00.000,2026-04-25 14:34:00,35365.56,1373.76,2404.28,35482.26,35365.017656250035,1373.0998437500014,2404.540937500002,35481.641718750034
2026-04-25,14:35:00.000,2026-04-25 14:35:00,35365.03,1373.59,2404.1,35481.79,35364.487656250036,1372.9298437500013,2404.360937500002,35481.17171875003
2026-04-25,14:36:00.000,2026-04-25 14:36:00,35364.93,1373.56,2403.89,35481.63,35364.387656250015,1372.8998437500013,2404.1509375000014,35481.01171875003
2026-04-25,14:37:00.000,2026-04-25 14:37:00,35365.06,1373.62,2403.2,35481.73,35364.51765625002,1372.9598437500013,2403.460937500002,35481.111718750035
2026-04-25,14:38:00.000,2026-04-25 14:38:00,35364.83,1373.56,2403.38,35481.51,35364.287656250024,1372.8998437500013,2403.6409375000026,35480.89171875003
2026-04-25,14:39:00.000,2026-04-25 14:39:00,35364.69,1373.65,2402.89,35481.37,35364.147656250025,1372.9898437500015,2403.150937500002,35480.75171875003
2026-04-25,14:40:00.000,2026-04-25 14:40:00,35363.84,1373.51,2403.7,35480.57,35365.33390625002,1373.2760937500013,2404.2346875000017,35481.98296875003
2026-04-25,14:41:00.000,2026-04-25 14:41:00,35363.64,1373.66,2403.28,35480.33,35365.13390625003,1373.4260937500014,2403.8146875000016,35481.74296875004
2026-04-25,14:42:00.000,2026-04-25 14:42:00,35363.31,1373.41,2403.97,35480.04,35364.803906250025,1373.176093750001,2404.5046875000016,35481.45296875003
2026-04-25,14:43:00.000,2026-04-25 14:43:00,35363.39,1373.38,2403.76,35480.1,35364.88390625003,1373.1460937500012,2404.2946875000025,35481.51296875003
2026-04-25,14:44:00.000,2026-04-25 14:44:00,35363.5,1373.16,2403.63,35480.19,35364.99390625004,1372.9260937500017,2404.164687500002,35481.60296875003
2026-04-25,14:45:00.000,2026-04-25 14:45:00,35362.9,1373.3,2403.55,35479.59,35364.393906250036,1373.0660937500015,2404.084687500002,35481.00296875002
2026-04-25,14:46:00.000,2026-04-25 14:46:00,35362.98,1372.98,2403.0,35479.63,35364.47390625003,1372.7460937500014,2403.534687500002,35481.042968750015
2026-04-25,14:47:00.000,2026-04-25 14:47:00,35362.1,1373.03,2403.55,35478.78,35363.593906250026,1372.796093750001,2404.084687500002,35480.19296875002
2026-04-25,14:48:00.000,2026-04-25 14:48:00,35362.42,1373.17,2402.31,35479.0,35364.875156250026,1373.4198437500015,2403.6284375000023,35481.45921875003
2026-04-25,14:49:00.000,2026-04-25 14:49:00,35361.91,1373.02,2403.11,35478.54,35364.36515625003,1373.2698437500014,2404.4284375000025,35480.999218750025
2026-04-25,14:50:00.000,2026-04-25 14:50:00,35361.76,1373.05,2403.25,35478.44,35364.21515625003,1373.2998437500012,2404.5684375000023,35480.899218750026
2026-04-25,14:51:00.000,2026-04-25 14:51:00,35362.1,1373.03,2402.73,35478.72,35364.555156250026,1373.2798437500012,2404.048437500002,35481.179218750025
2026-04-25,14:52:00.000,2026-04-25 14:52:00,35361.96,1372.91,2403.12,35478.59,35364.41515625003,1373.1598437500015,2404.438437500002,35481.049218750035
2026-04-25,14:53:00.000,2026-04-25 14:53:00,35362.6,1372.74,2402.19,35479.18,35365.055156250026,1372.9898437500015,2403.5084375000024,35481.63921875003
2026-04-25,14:54:00.000,2026-04-25 14:54:00,35362.16,1372.41,2403.32,35478.79,35364.615156250045,1372.6598437500015,2404.638437500002,35481.24921875003
2026-04-25,14:55:00.000,2026-04-25 14:55:00,35363.06,1372.23,2402.14,35479.6,35365.51515625004,1372.4798437500012,2403.4584375000018,35482.05921875003
2026-04-25,14:56:00.000,2026-04-25 14:56:00,35362.74,1371.71,2403.78,35479.39,35357.757968750026,1368.5837500000011,2403.0495312500016,35474.32734375002
2026-04-25,14:57:00.000,2026-04-25 14:57:00,35363.96,1371.45,2402.36,35480.5,35358.97796875003,1368.3237500000014,2401.6295312500015,35475.43734375002
2026-04-25,14:58:00.000,2026-04-25 14:58:00,35363.33,1371.24,2403.07,35479.93,35358.34796875002,1368.1137500000013,2402.3395312500006,35474.86734375001
2026-04-25,14:59:00.000,2026-04-25 14:59:00,35362.59,1371.29,2403.41,35479.19,35357.60796875002,1368.163750000001,2402.6795312500008,35474.12734375002
2026-04-25,15:00:00.000,2026-04-25 15:00:00,35362.88,1371.22,2402.44,35479.42,35357.89796875002,1368.0937500000014,2401.709531250001,35474.35734375003
2026-04-25,15:01:00.000,2026-04-25 15:01:00,35362.23,1371.17,2402.87,35478.83,35357.24796875002,1368.0437500000016,2402.1395312500013,35473.767343750034
2026-04-25,15:02:00.000,2026-04-25 15:02:00,35361.91,1371.1,2402.88,35478.5,35356.92796875003,1367.9737500000015,2402.149531250001,35473.437343750025
2026-04-25,15:03:00.000,2026-04-25 15:03:00,35361.86,1371.16,2402.25,35478.42,35356.87796875003,1368.0337500000014,2401.519531250001,35473.35734375002
2026-04-25,15:04:00.000,2026-04-25 15:04:00,35361.84,1371.29,2401.43,35478.35,35359.56796875002,1367.727500000001,2401.588281250001,35475.99734375001
2026-04-25,15:05:00.000,2026-04-25 15:05:00,35360.67,1371.51,2402.52,35477.28,35358.397968750025,1367.9475000000014,2402.678281250001,35474.927343750016
2026-04-25,15:06:00.000,2026-04-25 15:06:00,35361.23,1371.73,2400.85,35477.72,35358.95796875003,1368.1675000000014,2401.0082812500004,35475.367343750026
2026-04-25,15:07:00.000,2026-04-25 15:07:00,35360.04,1371.63,2402.01,35476.6,35357.76796875003,1368.0675000000015,2402.168281250001,35474.247343750016
2026-04-25,15:08:00.000,2026-04-25 15:08:00,35359.22,1371.87,2402.4,35475.85,35356.94796875002,1368.3075000000015,2402.558281250001,35473.49734375003
2026-04-25,15:09:00.000,2026-04-25 15:09:00,35359.43,1371.87,2401.6,35476.02,35357.15796875003,1368.3075000000015,2401.758281250001,35473.66734375003
2026-04-25,15:10:00.000,2026-04-25 15:10:00,35358.63,1372.08,2402.57,35475.28,35356.357968750024,1368.5175000000013,2402.728281250001,35472.92734375003
2026-04-25,15:11:00.000,2026-04-25 15:11:00,35358.76,1371.85,2402.57,35475.4,35356.48796875003,1368.2875000000013,2402.728281250001,35473.047343750026
2026-04-25,15:12:00.000,2026-04-25 15:12:00,35358.38,1371.96,2403.33,35475.07,35357.28296875003,1368.8362500000012,2403.1745312500007,35473.86734375003
2026-04-25,15:13:00.000,2026-04-25 15:13:00,35358.93,1371.66,2402.55,35475.58,35357.83296875003,1368.5362500000015,2402.394531250001,35474.37734375003
2026-04-25,15:14:00.000,2026-04-25 15:14:00,35359.13,1371.7,2401.88,35475.74,35358.03296875003,1368.576250000001,2401.724531250001,35474.537343750024
2026-04-25,15:15:00.000,2026-04-25 15:15:00,35358.71,1371.36,2402.74,35475.34,35357.61296875003,1368.2362500000008,2402.5845312500005,35474.137343750015
2026-04-25,15:16:00.000,2026-04-25 15:16:00,35358.77,1371.18,2402.55,35475.38,35357.67296875002,1368.0562500000015,2402.3945312500014,35474.177343750016
2026-04-25,15:17:00.000,2026-04-25 15:17:00,35358.96,1371.08,2401.77,35475.53,35357.86296875002,1367.956250000001,2401.6145312500016,35474.32734375001
2026-04-25,15:18:00.000,2026-04-25 15:18:00,35358.52,1370.76,2402.43,35475.12,35357.42296875003,1367.6362500000014,2402.274531250001,35473.91734375002
2026-04-25,15:19:00.000,2026-04-25 15:19:00,35359.02,1370.62,2401.21,35475.54,35357.92296875003,1367.4962500000015,2401.0545312500017,35474.33734375002
2026-04-25,15:20:00.000,2026-04-25 15:20:00,35358.53,1370.23,2401.96,35475.07,35357.95046875003,1369.3437500000016,2402.192031250001,35474.459843750024
2026-04-25,15:21:00.000,2026-04-25 15:21:00,35358.57,1369.86,2401.86,35475.11,35357.990468750024,1368.9737500000012,2402.0920312500016,35474.49984375002
2026-04-25,15:22:00.000,2026-04-25 15:22:00,35358.4,1369.5,2402.0,35474.94,35357.820468750026,1368.6137500000011,2402.232031250001,35474.32984375003
2026-04-25,15:23:00.000,2026-04-25 15:23:00,35358.58,1369.07,2401.73,35475.09,35358.00046875002,1368.1837500000013,2401.9620312500015,35474.47984375002
2026-04-25,15:24:00.000,2026-04-25 15:24:00,35358.22,1368.86,2401.86,35474.78,35357.64046875003,1367.9737500000012,2402.0920312500007,35474.16984375002
2026-04-25,15:25:00.000,2026-04-25 15:25:00,35358.04,1368.57,2402.07,35474.59,35357.460468750025,1367.6837500000013,2402.3020312500007,35473.97984375002
2026-04-25,15:26:00.000,2026-04-25 15:26:00,35358.11,1368.29,2401.84,35474.62,35357.530468750025,1367.4037500000015,2402.072031250001,35474.00984375003
2026-04-25,15:27:00.000,2026-04-25 15:27:00,35357.83,1368.04,2402.04,35474.36,35357.250468750026,1367.1537500000015,2402.272031250001,35473.74984375002
2026-04-25,15:28:00.000,2026-04-25 15:28:00,35357.93,1367.71,2401.81,35474.42,35357.81671875003,1369.2387500000011,2402.573281250001,35474.41609375002
2026-04-25,15:29:00.000,2026-04-25 15:29:00,35357.75,1367.38,2402.16,35474.23,35357.63671875002,1368.9087500000012,2402.9232812500004,35474.22609375002
2026-04-25,15:30:00.000,2026-04-25 15:30:00,35357.91,1367.16,2401.48,35474.33,35357.79671875003,1368.6887500000014,2402.2432812500006,35474.326093750016
2026-04-25,15:31:00.000,2026-04-25 15:31:00,35358.27,1366.7,2400.7,35474.62,35358.15671875002,1368.2287500000014,2401.463281250001,35474.616093750024
2026-04-25,15:32:00.000,2026-04-25 15:32:00,35357.65,1366.45,2401.63,35474.05,35357.53671875002,1367.9787500000014,2402.3932812500016,35474.04609375003
2026-04-25,15:33:00.000,2026-04-25 15:33:00,35357.94,1366.09,2401.02,35474.26,35357.82671875003,1367.6187500000012,2401.783281250001,35474.256093750024
2026-04-25,15:34:00.000,2026-04-25 15:34:00,35357.43,1365.9,2401.48,35473.81,35357.31671875003,1367.4287500000016,2402.243281250001,35473.80609375001
2026-04-25,15:35:00.000,2026-04-25 15:35:00,35357.67,1365.71,2400.83,35473.99,35357.55671875002,1367.2387500000016,2401.5932812500014,35473.98609375002
2026-04-25,15:36:00.000,2026-04-25 15:36:00,35357.3,1365.61,2401.22,35473.63,35358.65796875003,1368.530000000001,2401.6145312500007,35475.12609375001
2026-04-25,15:37:00.000,2026-04-25 15:37:00,35356.8,1365.43,2401.63,35473.15,35358.15796875003,1368.3500000000013,2402.0245312500015,35474.646093750016
2026-04-25,15:38:00.000,2026-04-25 15:38:00,35356.57,1365.17,2401.79,35472.93,35357.927968750024,1368.0900000000013,2402.184531250001,35474.42609375002
2026-04-25,15:39:00.000,2026-04-25 15:39:00,35356.42,1365.23,2401.66,35472.79,35357.77796875003,1368.1500000000012,2402.0545312500008,35474.28609375002
2026-04-25,15:40:00.000,2026-04-25 15:40:00,35356.13,1365.2,2401.73,35472.51,35357.48796875002,1368.1200000000013,2402.1245312500014,35474.00609375003
2026-04-25,15:41:00.000,2026-04-25 15:41:00,35355.8,1365.22,2402.0,35472.2,35357.157968750034,1368.1400000000012,2402.394531250001,35473.69609375002
2026-04-25,15:42:00.000,2026-04-25 15:42:00,35355.72,1365.03,2402.31,35472.11,35357.077968750025,1367.9500000000012,2402.704531250001,35473.60609375002
2026-04-25,15:43:00.000,2026-04-25 15:43:00,35356.04,1365.08,2401.72,35472.39,35357.39796875002,1368.0000000000014,2402.1145312500007,35473.88609375002
2026-04-25,15:44:00.000,2026-04-25 15:44:00,35355.39,1365.01,2402.46,35471.8,35358.522968750025,1368.100000000001,2402.0282812500004,35474.98109375002
2026-04-25,15:45:00.000,2026-04-25 15:45:00,35355.18,1364.96,2402.78,35471.63,35358.31296875002,1368.0500000000013,2402.348281250001,35474.81109375001
2026-04-25,15:46:00.000,2026-04-25 15:46:00,35354.79,1365.04,2402.69,35471.25,35357.922968750034,1368.1300000000015,2402.2582812500004,35474.43109375003
2026-04-25,15:47:00.000,2026-04-25 15:47:00,35355.26,1365.21,2401.59,35471.64,35358.392968750035,1368.3000000000015,2401.158281250001,35474.821093750026
2026-04-25,15:48:00.000,2026-04-25 15:48:00,35354.57,1365.09,2402.56,35471.04,35357.70296875002,1368.1800000000014,2402.1282812500012,35474.22109375003
2026-04-25,15:49:00.000,2026-04-25 15:49:00,35353.75,1364.92,2403.79,35470.28,35356.882968750026,1368.0100000000014,2403.3582812500017,35473.46109375003
2026-04-25,15:50:00.000,2026-04-25 15:50:00,35353.98,1365.2,2402.35,35470.45,35357.11296875003,1368.2900000000016,2401.9182812500007,35473.631093750024
2026-04-25,15:51:00.000,2026-04-25 15:51:00,35353.66,1365.18,2402.45,35470.14,35356.79296875002,1368.2700000000016,2402.018281250001,35473.321093750026
2026-04-25,15:52:00.000,2026-04-25 15:52:00,35353.31,1365.19,2402.58,35469.8,35357.86296875002,1368.3500000000015,2402.3495312500017,35474.35484375003
2026-04-25,15:53:00.000,2026-04-25 15:53:00,35353.48,1365.29,2401.73,35469.94,35358.032968750034,1368.4500000000014,2401.4995312500014,35474.49484375003
2026-04-25,15:54:00.000,2026-04-25 15:54:00,35352.86,1365.15,2402.71,35469.4,35357.412968750024,1368.3100000000013,2402.4795312500014,35473.95484375001
2026-04-25,15:55:00.000,2026-04-25 15:55:00,35352.77,1365.06,2402.83,35469.32,35357.32296875001,1368.2200000000012,2402.5995312500013,35473.87484375001
2026-04-25,15:56:00.000,2026-04-25 15:56:00,35353.49,1365.15,2401.41,35469.93,35358.04296875002,1368.3100000000015,2401.1795312500003,35474.484843750026
2026-04-25,15:57:00.000,2026-04-25 15:57:00,35352.94,1364.86,2402.79,35469.47,35357.49296875002,1368.0200000000011,2402.5595312500004,35474.02484375002
2026-04-25,15:58:00.000,2026-04-25 15:58:00,35353.07,1364.81,2402.52,35469.6,35357.62296875002,1367.9700000000014,2402.289531250001,35474.154843750024
2026-04-25,15:59:00.000,2026-04-25 15:59:00,35353.3,1364.54,2402.49,35469.78,35357.85296875002,1367.7000000000014,2402.2595312500002,35474.33484375002
2026-04-25,16:00:00.000,2026-04-25 16:00:00,35353.51,1364.49,2402.11,35470.02,35353.21593750002,1363.3164062500014,2402.8095312500022,35469.85671875002
2026-04-25,16:01:00.000,2026-04-25 16:01:00,35353.26,1364.12,2402.91,35469.81,35352.96593750002,1362.9464062500015,2403.6095312500015,35469.64671875002
2026-04-25,16:02:00.000,2026-04-25 16:02:00,35353.27,1363.92,2403.07,35469.81,35352.97593750002,1362.7464062500019,2403.7695312500023,35469.64671875001
2026-04-25,16:03:00.000,2026-04-25 16:03:00,35353.71,1363.85,2402.27,35470.21,35353.41593750002,1362.6764062500017,2402.969531250002,35470.04671875002
2026-04-25,16:04:00.000,2026-04-25 16:04:00,35353.59,1363.72,2402.34,35470.11,35353.29593750003,1362.5464062500014,2403.039531250003,35469.94671875003
2026-04-25,16:05:00.000,2026-04-25 16:05:00,35354.19,1363.18,2402.01,35470.66,35353.895937500034,1362.0064062500014,2402.7095312500032,35470.49671875003
2026-04-25,16:06:00.000,2026-04-25 16:06:00,35353.1,1363.1,2403.57,35469.68,35352.80593750002,1361.926406250001,2404.2695312500027,35469.51671875002
2026-04-25,16:07:00.000,2026-04-25 16:07:00,35353.59,1362.91,2402.81,35470.1,35353.29593750003,1361.736406250001,2403.5095312500025,35469.93671875002
2026-04-25,16:08:00.000,2026-04-25 16:08:00,35353.14,1362.91,2403.41,35469.7,35353.25843750003,1362.6139062500015,2403.7195312500016,35469.91421875001
2026-04-25,16:09:00.000,2026-04-25 16:09:00,35353.18,1362.84,2402.87,35469.73,35353.29843750002,1362.5439062500013,2403.1795312500017,35469.94421875001
2026-04-25,16:10:00.000,2026-04-25 16:10:00,35353.32,1362.83,2402.57,35469.84,35353.43843750002,1362.5339062500013,2402.879531250003,35470.05421875001
2026-04-25,16:11:00.000,2026-04-25 16:11:00,35353.07,1362.82,2402.76,35469.62,35353.18843750002,1362.5239062500016,2403.0695312500025,35469.83421875001
2026-04-25,16:12:00.000,2026-04-25 16:12:00,35352.85,1362.74,2403.44,35469.45,35352.96843750003,1362.4439062500012,2403.7495312500027,35469.664218750026
2026-04-25,16:13:00.000,2026-04-25 16:13:00,35353.09,1362.78,2402.96,35469.63,35353.20843750002,1362.4839062500012,2403.269531250003,35469.84421875002
2026-04-25,16:14:00.000,2026-04-25 16:14:00,35353.01,1362.68,2403.25,35469.58,35353.12843750003,1362.3839062500015,2403.5595312500027,35469.79421875002
2026-04-25,16:15:00.000,2026-04-25 16:15:00,35353.26,1362.67,2402.95,35469.83,35353.37843750003,1362.3739062500017,2403.2595312500025,35470.04421875002
2026-04-25,16:16:00.000,2026-04-25 16:16:00,35353.08,1362.54,2403.19,35469.67,35353.19093750003,1362.6314062500014,2403.448281250002,35469.862968750014
2026-04-25,16:17:00.000,2026-04-25 16:17:00,35353.19,1362.52,2403.15,35469.75,35353.30093750003,1362.6114062500014,2403.408281250002,35469.942968750016
2026-04-25,16:18:00.000,2026-04-25 16:18:00,35353.15,1362.37,2403.35,35469.73,35353.26093750003,1362.4614062500013,2403.608281250002,35469.92296875002
2026-04-25,16:19:00.000,2026-04-25 16:19:00,35353.06,1362.31,2403.4,35469.65,35353.17093750002,1362.4014062500014,2403.6582812500023,35469.84296875002
2026-04-25,16:20:00.000,2026-04-25 16:20:00,35353.18,1362.39,2403.03,35469.75,35353.29093750002,1362.4814062500018,2403.2882812500034,35469.94296875002
2026-04-25,16:21:00.000,2026-04-25 16:21:00,35353.13,1362.4,2403.0,35469.69,35353.24093750002,1362.4914062500015,2403.2582812500027,35469.882968750026
2026-04-25,16:22:00.000,2026-04-25 16:22:00,35353.25,1362.33,2402.55,35469.8,35353.360937500016,1362.4214062500014,2402.8082812500024,35469.99296875002
2026-04-25,16:23:00.000,2026-04-25 16:23:00,35352.94,1362.31,2402.95,35469.51,35353.05093750002,1362.4014062500014,2403.208281250002,35469.702968750025
2026-04-25,16:24:00.000,2026-04-25 16:24:00,35352.86,1362.26,2403.12,35469.43,35353.43343750002,1362.4814062500013,2403.247031250002,35470.042968750015
2026-04-25,16:25:00.000,2026-04-25 16:25:00,35352.62,1362.19,2403.55,35469.22,35353.19343750003,1362.4114062500016,2403.677031250002,35469.83296875002
2026-04-25,16:26:00.000,2026-04-25 16:26:00,35352.98,1362.17,2402.95,35469.56,35353.55343750001,1362.3914062500016,2403.0770312500017,35470.17296875002
2026-04-25,16:27:00.000,2026-04-25 16:27:00,35352.79,1362.24,2403.02,35469.39,35353.36343750001,1362.4614062500013,2403.1470312500023,35470.00296875002
2026-04-25,16:28:00.000,2026-04-25 16:28:00,35352.93,1362.14,2402.94,35469.52,35353.50343750003,1362.3614062500017,2403.067031250003,35470.13296875001
2026-04-25,16:29:00.000,2026-04-25 16:29:00,35352.43,1362.4,2403.25,35469.08,35353.00343750003,1362.6214062500014,2403.3770312500033,35469.69296875002
2026-04-25,16:30:00.000,2026-04-25 16:30:00,35352.37,1362.29,2403.55,35469.03,35352.94343750003,1362.5114062500013,2403.677031250003,35469.64296875002
2026-04-25,16:31:00.000,2026-04-25 16:31:00,35352.3,1362.44,2403.29,35468.96,35352.87343750002,1362.6614062500014,2403.4170312500028,35469.57296875001
2026-04-25,16:32:00.000,2026-04-25 16:32:00,35351.92,1362.47,2403.8,35468.62,35352.58593750003,1362.4889062500017,2403.8420312500025,35469.26296875002
2026-04-25,16:33:00.000,2026-04-25 16:33:00,35352.75,1362.53,2402.52,35469.36,35353.41593750003,1362.5489062500017,2402.562031250002,35470.002968750014
2026-04-25,16:34:00.000,2026-04-25 16:34:00,35351.96,1362.61,2403.79,35468.67,35352.62593750003,1362.6289062500016,2403.8320312500023,35469.31296875001
2026-04-25,16:35:00.000,2026-04-25 16:35:00,35352.35,1362.46,2403.46,35469.03,35353.01593750003,1362.4789062500015,2403.5020312500023,35469.67296875001
2026-04-25,16:36:00.000,2026-04-25 16:36:00,35352.68,1362.57,2403.21,35469.35,35353.345937500024,1362.588906250001,2403.252031250003,35469.99296875001
2026-04-25,16:37:00.000,2026-04-25 16:37:00,35352.26,1362.29,2404.25,35469.0,35352.925937500026,1362.3089062500012,2404.2920312500028,35469.64296875002
2026-04-25,16:38:00.000,2026-04-25 16:38:00,35353.3,1362.52,2402.44,35469.94,35353.96593750003,1362.5389062500014,2402.4820312500033,35470.58296875003
2026-04-25,16:39:00.000,2026-04-25 16:39:00,35353.32,1362.3,2402.88,35469.98,35353.985937500016,1362.3189062500012,2402.922031250003,35470.62296875002
2026-04-25,16:40:00.000,2026-04-25 16:40:00,35353.16,1362.09,2403.81,35469.9,35352.803437500035,1362.6189062500011,2403.419531250002,35469.476718750026
2026-04-25,16:41:00.000,2026-04-25 16:41:00,35353.22,1362.19,2403.85,35469.94,35352.86343750003,1362.7189062500015,2403.459531250002,35469.51671875002
2026-04-25,16:42:00.000,2026-04-25 16:42:00,35353.56,1361.99,2403.76,35470.26,35353.20343750002,1362.5189062500017,2403.3695312500026,35469.83671875002
2026-04-25,16:43:00.000,2026-04-25 16:43:00,35353.7,1362.06,2403.33,35470.39,35353.34343750002,1362.5889062500014,2402.9395312500023,35469.96671875002
2026-04-25,16:44:00.000,2026-04-25 16:44:00,35354.01,1361.97,2403.02,35470.68,35353.65343750003,1362.4989062500015,2402.629531250003,35470.25671875001
2026-04-25,16:45:00.000,2026-04-25 16:45:00,35353.74,1361.85,2403.72,35470.48,35353.38343750002,1362.3789062500011,2403.3295312500027,35470.05671875001
2026-04-25,16:46:00.000,2026-04-25 16:46:00,35353.72,1361.81,2403.88,35470.44,35353.363437500026,1362.3389062500014,2403.4895312500025,35470.01671875003
2026-04-25,16:47:00.000,2026-04-25 16:47:00,35353.61,1361.71,2404.44,35470.39,35353.253437500025,1362.2389062500015,2404.049531250003,35469.96671875002
2026-04-25,16:48:00.000,2026-04-25 16:48:00,35353.83,1361.62,2403.96,35470.58,35353.465937500034,1362.2814062500013,2403.3620312500025,35470.10546875002
2026-04-25,16:49:00.000,2026-04-25 16:49:00,35353.77,1361.62,2404.05,35470.52,35353.40593750002,1362.2814062500013,2403.4520312500026,35470.04546875001
2026-04-25,16:50:00.000,2026-04-25 16:50:00,35353.62,1361.58,2404.26,35470.42,35353.255937500035,1362.2414062500013,2403.662031250002,35469.94546875002
2026-04-25,16:51:00.000,2026-04-25 16:51:00,35353.52,1361.67,2404.23,35470.3,35353.15593750003,1362.3314062500015,2403.6320312500025,35469.82546875002
2026-04-25,16:52:00.000,2026-04-25 16:52:00,35353.65,1361.92,2403.71,35470.41,35353.285937500026,1362.5814062500017,2403.112031250003,35469.93546875002
2026-04-25,16:53:00.000,2026-04-25 16:53:00,35353.43,1361.83,2404.1,35470.18,35353.065937500025,1362.4914062500015,2403.5020312500023,35469.70546875003
2026-04-25,16:54:00.000,2026-04-25 16:54:00,35353.43,1362.13,2403.69,35470.18,35353.06593750002,1362.7914062500015,2403.0920312500025,35469.70546875003
2026-04-25,16:55:00.000,2026-04-25 16:55:00,35353.53,1362.24,2403.47,35470.3,35353.16593750002,1362.9014062500016,2402.8720312500022,35469.82546875002
2026-04-25,16:56:00.000,2026-04-25 16:56:00,35353.54,1362.42,2403.44,35470.29,35353.08593750002,1362.3676562500013,2402.992031250002,35469.68796875002
2026-04-25,16:57:00.000,2026-04-25 16:57:00,35353.52,1362.64,2403.46,35470.29,35353.06593750002,1362.5876562500011,2403.0120312500017,35469.68796875002
2026-04-25,16:58:00.000,2026-04-25 16:58:00,35353.38,1362.66,2403.9,35470.19,35352.92593750002,1362.6076562500014,2403.452031250002,35469.58796875001
2026-04-25,16:59:00.000,2026-04-25 16:59:00,35353.5,1362.54,2403.97,35470.33,35353.045937500014,1362.487656250001,2403.522031250002,35469.72796875001
2026-04-25,17:00:00.000,2026-04-25 17:00:00,35353.55,1362.68,2403.9,35470.39,35353.095937500024,1362.6276562500016,2403.4520312500026,35469.787968750024
2026-04-25,17:01:00.000,2026-04-25 17:01:00,35353.79,1362.68,2403.53,35470.58,35353.33593750003,1362.6276562500016,2403.0820312500027,35469.97796875003
2026-04-25,17:02:00.000,2026-04-25 17:02:00,35353.81,1362.41,2404.32,35470.64,35353.355937500026,1362.3576562500018,2403.872031250003,35470.037968750024
2026-04-25,17:03:00.000,2026-04-25 17:03:00,35354.41,1362.29,2403.75,35471.2,35353.95593750003,1362.2376562500015,2403.3020312500025,35470.59796875002
2026-04-25,17:04:00.000,2026-04-25 17:04:00,35354.68,1362.04,2403.88,35471.48,35354.87875000004,1363.5137500000017,2404.8181250000025,35471.89531250004
2026-04-25,17:05:00.000,2026-04-25 17:05:00,35354.6,1361.93,2404.46,35471.45,35354.79875000004,1363.4037500000015,2405.3981250000024,35471.86531250004
2026-04-25,17:06:00.000,2026-04-25 17:06:00,35355.22,1361.99,2403.58,35472.01,35355.41875000003,1363.4637500000013,2404.518125000002,35472.42531250005
2026-04-25,17:07:00.000,2026-04-25 17:07:00,35355.37,1362.07,2403.52,35472.17,35355.56875000003,1363.5437500000012,2404.4581250000024,35472.585312500036
2026-04-25,17:08:00.000,2026-04-25 17:08:00,35355.28,1361.88,2404.23,35472.13,35355.47875000003,1363.3537500000016,2405.168125000002,35472.545312500035
2026-04-25,17:09:00.000,2026-04-25 17:09:00,35355.94,1362.02,2403.29,35472.73,35356.138750000035,1363.4937500000015,2404.2281250000015,35473.14531250004
2026-04-25,17:10:00.000,2026-04-25 17:10:00,35355.61,1361.77,2404.65,35472.46,35355.808750000026,1363.2437500000012,2405.588125000002,35472.87531250002
2026-04-25,17:11:00.000,2026-04-25 17:11:00,35356.21,1361.7,2404.19,35473.08,35356.40875000003,1363.1737500000015,2405.128125000002,35473.49531250003
2026-04-25,17:12:00.000,2026-04-25 17:12:00,35356.15,1361.64,2404.83,35473.07,35355.54750000003,1363.1987500000016,2404.931875000002,35472.58156250003
2026-04-25,17:13:00.000,2026-04-25 17:13:00,35356.21,1361.66,2405.01,35473.13,35355.60750000003,1363.2187500000016,2405.1118750000023,35472.64156250003
2026-04-25,17:14:00.000,2026-04-25 17:14:00,35356.31,1361.72,2404.71,35473.22,35355.70750000003,1363.2787500000015,2404.811875000002,35472.731562500034
2026-04-25,17:15:00.000,2026-04-25 17:15:00,35356.11,1361.74,2404.75,35473.03,35355.507500000036,1363.2987500000015,2404.851875000002,35472.54156250003
2026-04-25,17:16:00.000,2026-04-25 17:16:00,35355.97,1361.88,2404.75,35472.9,35355.36750000004,1363.4387500000014,2404.8518750000026,35472.41156250004
2026-04-25,17:17:00.000,2026-04-25 17:17:00,35355.91,1361.91,2404.81,35472.85,35355.30750000004,1363.4687500000011,2404.911875000002,35472.36156250004
2026-04-25,17:18:00.000,2026-04-25 17:18:00,35356.25,1362.01,2404.81,35473.18,35355.647500000036,1363.5687500000013,2404.911875000002,35472.69156250004
2026-04-25,17:19:00.000,2026-04-25 17:19:00,35356.41,1362.16,2404.82,35473.36,35355.80750000004,1363.7187500000014,2404.9218750000023,35472.87156250003
2026-04-25,17:20:00.000,2026-04-25 17:20:00,35356.92,1362.11,2404.47,35473.83,35355.82875000003,1362.967500000001,2404.6568750000015,35472.80406250004
2026-04-25,17:21:00.000,2026-04-25 17:21:00,35357.0,1362.24,2404.77,35473.96,35355.90875000003,1363.0975000000012,2404.9568750000017,35472.93406250003
2026-04-25,17:22:00.000,2026-04-25 17:22:00,35357.28,1362.24,2404.71,35474.23,35356.18875000004,1363.097500000001,2404.8968750000026,35473.20406250003
2026-04-25,17:23:00.000,2026-04-25 17:23:00,35357.01,1362.41,2404.85,35473.99,35355.91875000003,1363.267500000001,2405.036875000002,35472.964062500025
2026-04-25,17:24:00.000,2026-04-25 17:24:00,35356.61,1362.59,2404.88,35473.61,35355.51875000004,1363.4475000000018,2405.066875000003,35472.58406250004
2026-04-25,17:25:00.000,2026-04-25 17:25:00,35356.31,1362.73,2404.89,35473.31,35355.21875000004,1363.5875000000017,2405.0768750000025,35472.28406250004
2026-04-25,17:26:00.000,2026-04-25 17:26:00,35356.22,1362.86,2404.64,35473.22,35355.12875000003,1363.7175000000013,2404.8268750000025,35472.194062500035
2026-04-25,17:27:00.000,2026-04-25 17:27:00,35355.88,1363.15,2404.6,35472.89,35354.788750000036,1364.0075000000018,2404.7868750000025,35471.86406250003
2026-04-25,17:28:00.000,2026-04-25 17:28:00,35355.54,1363.15,2404.87,35472.57,35354.58000000003,1363.2937500000016,2404.7168750000023,35471.59906250003
2026-04-25,17:29:00.000,2026-04-25 17:29:00,35355.86,1363.24,2404.74,35472.87,35354.90000000002,1363.3837500000013,2404.5868750000022,35471.89906250003
2026-04-25,17:30:00.000,2026-04-25 17:30:00,35356.25,1363.49,2404.96,35473.29,35355.29000000004,1363.6337500000013,2404.8068750000025,35472.31906250003
2026-04-25,17:31:00.000,2026-04-25 17:31:00,35356.57,1363.47,2405.15,35473.64,35355.61000000003,1363.6137500000013,2404.996875000002,35472.669062500034
2026-04-25,17:32:00.000,2026-04-25 17:32:00,35356.72,1363.22,2405.29,35473.79,35355.76000000003,1363.3637500000011,2405.136875000002,35472.81906250004
2026-04-25,17:33:00.000,2026-04-25 17:33:00,35357.02,1363.17,2405.34,35474.09,35356.060000000034,1363.3137500000014,2405.186875000002,35473.11906250003
2026-04-25,17:34:00.000,2026-04-25 17:34:00,35357.14,1363.2,2405.38,35474.23,35356.18000000003,1363.3437500000016,2405.226875000002,35473.25906250005
2026-04-25,17:35:00.000,2026-04-25 17:35:00,35357.08,1363.1,2404.8,35474.12,35356.12000000003,1363.2437500000012,2404.646875000002,35473.14906250005
2026-04-25,17:36:00.000,2026-04-25 17:36:00,35356.21,1363.36,2404.95,35473.3,35356.225000000035,1362.7487500000013,2405.006875000002,35473.26906250004
2026-04-25,17:37:00.000,2026-04-25 17:37:00,35356.03,1363.57,2405.0,35473.11,35356.04500000003,1362.9587500000014,2405.056875000002,35473.07906250004
2026-04-25,17:38:00.000,2026-04-25 17:38:00,35356.25,1363.68,2404.89,35473.32,35356.265000000036,1363.0687500000015,2404.946875000002,35473.28906250004
2026-04-25,17:39:00.000,2026-04-25 17:39:00,35356.23,1364.26,2404.61,35473.3,35356.24500000003,1363.6487500000014,2404.666875000002,35473.26906250005
2026-04-25,17:40:00.000,2026-04-25 17:40:00,35355.97,1364.43,2404.91,35473.07,35355.98500000003,1363.8187500000015,2404.9668750000023,35473.03906250003
2026-04-25,17:41:00.000,2026-04-25 17:41:00,35355.01,1364.62,2405.14,35472.16,35355.02500000004,1364.0087500000016,2405.196875000003,35472.129062500026
2026-04-25,17:42:00.000,2026-04-25 17:42:00,35354.4,1364.25,2404.69,35471.47,35354.41500000003,1363.6387500000014,2404.7468750000025,35471.43906250003
2026-04-25,17:43:00.000,2026-04-25 17:43:00,35354.28,1363.91,2404.66,35471.35,35354.295000000035,1363.2987500000013,2404.716875000002,35471.319062500035
2026-04-25,17:44:00.000,2026-04-25 17:44:00,35354.18,1364.13,2404.76,35471.27,35354.77875000004,1362.9800000000012,2404.384375000002,35471.76281250005
2026-04-25,17:45:00.000,2026-04-25 17:45:00,35354.18,1364.41,2404.99,35471.31,35354.77875000004,1363.260000000001,2404.6143750000015,35471.80281250004
2026-04-25,17:46:00.000,2026-04-25 17:46:00,35354.26,1364.48,2405.14,35471.4,35354.858750000036,1363.3300000000013,2404.7643750000016,35471.89281250003
2026-04-25,17:47:00.000,2026-04-25 17:47:00,35354.65,1364.56,2405.17,35471.78,35355.248750000035,1363.4100000000012,2404.794375000002,35472.272812500036
2026-04-25,17:48:00.000,2026-04-25 17:48:00,35355.25,1364.71,2405.16,35472.39,35355.84875000003,1363.5600000000013,2404.7843750000025,35472.88281250003
2026-04-25,17:49:00.000,2026-04-25 17:49:00,35355.63,1364.74,2405.46,35472.8,35356.22875000003,1363.5900000000015,2405.0843750000026,35473.29281250003
2026-04-25,17:50:00.000,2026-04-25 17:50:00,35355.75,1364.7,2405.83,35472.94,35356.348750000034,1363.5500000000018,2405.4543750000025,35473.43281250004
2026-04-25,17:51:00.000,2026-04-25 17:51:00,35355.81,1364.66,2405.8,35473.0,35356.40875000003,1363.5100000000018,2405.424375000003,35473.49281250004
2026-04-25,17:52:00.000,2026-04-25 17:52:00,35355.59,1364.69,2405.78,35472.79,35356.32375000003,1363.3975000000014,2405.3018750000024,35473.394062500025
2026-04-25,17:53:00.000,2026-04-25 17:53:00,35355.36,1364.68,2405.72,35472.56,35356.09375000004,1363.3875000000012,2405.241875000002,35473.16406250003
2026-04-25,17:54:00.000,2026-04-25 17:54:00,35354.92,1364.73,2405.82,35472.13,35355.653750000034,1363.4375000000014,2405.341875000002,35472.734062500036
2026-04-25,17:55:00.000,2026-04-25 17:55:00,35354.73,1364.66,2405.45,35471.91,35355.463750000046,1363.3675000000017,2404.971875000002,35472.514062500035
2026-04-25,17:56:00.000,2026-04-25 17:56:00,35354.62,1364.7,2405.25,35471.76,35355.35375000004,1363.4075000000014,2404.771875000002,35472.36406250005
2026-04-25,17:57:00.000,2026-04-25 17:57:00,35354.38,1364.68,2405.36,35471.54,35355.11375000003,1363.3875000000014,2404.8818750000028,35472.14406250005
2026-04-25,17:58:00.000,2026-04-25 17:58:00,35354.49,1364.81,2404.87,35471.64,35355.223750000034,1363.5175000000015,2404.391875000002,35472.24406250004
2026-04-25,17:59:00.000,2026-04-25 17:59:00,35354.54,1364.58,2404.88,35471.67,35355.27375000004,1363.2875000000015,2404.4018750000023,35472.27406250004
2026-04-25,18:00:00.000,2026-04-25 18:00:00,35354.18,1364.26,2405.77,35471.35,35355.287500000035,1363.280000000001,2405.493125000002,35472.35406250004
2026-04-25,18:01:00.000,2026-04-25 18:01:00,35354.61,1364.19,2405.42,35471.76,35355.71750000003,1363.2100000000014,2405.1431250000023,35472.76406250004
2026-04-25,18:02:00.000,2026-04-25 18:02:00,35354.85,1364.18,2405.42,35472.0,35355.95750000003,1363.2000000000014,2405.1431250000014,35473.00406250003
2026-04-25,18:03:00.000,2026-04-25 18:03:00,35354.96,1364.04,2405.5,35472.1,35356.067500000034,1363.060000000001,2405.2231250000013,35473.10406250004
2026-04-25,18:04:00.000,2026-04-25 18:04:00,35355.22,1364.23,2404.57,35472.34,35356.327500000036,1363.2500000000014,2404.293125000003,35473.34406250004
2026-04-25,18:05:00.000,2026-04-25 18:05:00,35354.78,1364.17,2405.22,35471.92,35355.88750000003,1363.1900000000014,2404.9431250000025,35472.92406250004
2026-04-25,18:06:00.000,2026-04-25 18:06:00,35354.21,1364.63,2404.51,35471.3,35355.317500000034,1363.6500000000015,2404.233125000003,35472.304062500036
2026-04-25,18:07:00.000,2026-04-25 18:07:00,35352.83,1365.33,2405.11,35470.03,35353.93750000003,1364.3500000000013,2404.8331250000024,35471.03406250003
2026-04-25,18:08:00.000,2026-04-25 18:08:00,35352.89,1366.0,2405.18,35470.09,35349.54000000003,1367.6559375000013,2406.082343750002,35466.89078125002
2026-04-25,18:09:00.000,2026-04-25 18:09:00,35353.84,1365.94,2405.41,35471.06,35350.49000000003,1367.5959375000014,2406.3123437500017,35467.86078125002
2026-04-25,18:10:00.000,2026-04-25 18:10:00,35354.49,1365.35,2405.68,35471.7,35351.14000000003,1367.0059375000014,2406.5823437500026,35468.50078125002
2026-04-25,18:11:00.000,2026-04-25 18:11:00,35354.87,1364.63,2405.74,35472.06,35351.52000000003,1366.2859375000016,2406.642343750003,35468.86078125002
2026-04-25,18:12:00.000,2026-04-25 18:12:00,35355.01,1363.9,2405.7,35472.19,35351.66000000003,1365.5559375000014,2406.6023437500016,35468.99078125001
2026-04-25,18:13:00.000,2026-04-25 18:13:00,35353.76,1364.13,2405.28,35470.92,35350.41000000003,1365.7859375000014,2406.1823437500016,35467.720781250006
2026-04-25,18:14:00.000,2026-04-25 18:14:00,35351.77,1364.49,2405.54,35468.96,35348.42000000002,1366.1459375000013,2406.4423437500022,35465.76078125001
2026-04-25,18:15:00.000,2026-04-25 18:15:00,35351.36,1364.8,2404.86,35468.49,35348.01000000002,1366.4559375000013,2405.762343750002,35465.290781250005
2026-04-25,18:16:00.000,2026-04-25 18:16:00,35349.61,1365.59,2405.19,35466.84,35351.68250000003,1366.1484375000014,2406.157343750003,35469.013281250016
2026-04-25,18:17:00.000,2026-04-25 18:17:00,35347.57,1366.07,2404.53,35464.74,35349.64250000004,1366.6284375000014,2405.497343750003,35466.91328125001
2026-04-25,18:18:00.000,2026-04-25 18:18:00,35346.58,1365.73,2404.73,35463.77,35348.65250000002,1366.2884375000017,2405.697343750002,35465.94328125
2026-04-25,18:19:00.000,2026-04-25 18:19:00,35347.08,1365.79,2404.83,35464.28,35349.15250000002,1366.3484375000016,2405.7973437500023,35466.45328125001
2026-04-25,18:20:00.000,2026-04-25 18:20:00,35347.59,1366.0,2405.69,35464.84,35349.66250000002,1366.5584375000014,2406.6573437500015,35467.01328125002
2026-04-25,18:21:00.000,2026-04-25 18:21:00,35348.22,1366.17,2405.99,35465.49,35350.292500000025,1366.7284375000015,2406.9573437500017,35467.66328125002
2026-04-25,18:22:00.000,2026-04-25 18:22:00,35348.82,1366.34,2406.1,35466.11,35350.89250000004,1366.8984375000014,2407.067343750002,35468.28328125003
2026-04-25,18:23:00.000,2026-04-25 18:23:00,35349.14,1366.33,2405.81,35466.42,35351.21250000003,1366.8884375000011,2406.777343750002,35468.593281250025
2026-04-25,18:24:00.000,2026-04-25 18:24:00,35348.7,1366.17,2406.01,35466.0,35349.82000000003,1366.6671875000015,2406.1823437500025,35467.16453125001
2026-04-25,18:25:00.000,2026-04-25 18:25:00,35348.76,1366.2,2405.82,35466.02,35349.88000000004,1366.6971875000013,2405.992343750002,35467.184531250015
2026-04-25,18:26:00.000,2026-04-25 18:26:00,35349.13,1365.82,2405.98,35466.38,35350.25000000004,1366.317187500001,2406.152343750002,35467.54453125001
2026-04-25,18:27:00.000,2026-04-25 18:27:00,35349.52,1366.0,2406.44,35466.82,35350.640000000036,1366.4971875000012,2406.612343750002,35467.98453125001
2026-04-25,18:28:00.000,2026-04-25 18:28:00,35349.64,1366.19,2406.13,35466.94,35350.76000000002,1366.6871875000018,2406.302343750002,35468.10453125002
2026-04-25,18:29:00.000,2026-04-25 18:29:00,35349.04,1366.07,2406.54,35466.36,35350.16000000001,1366.5671875000014,2406.7123437500018,35467.52453125002
2026-04-25,18:30:00.000,2026-04-25 18:30:00,35348.8,1366.09,2406.18,35466.1,35349.92000000003,1366.5871875000014,2406.352343750002,35467.26453125
2026-04-25,18:31:00.000,2026-04-25 18:31:00,35348.64,1365.97,2406.13,35465.94,35349.760000000024,1366.4671875000015,2406.302343750002,35467.104531250014
2026-04-25,18:32:00.000,2026-04-25 18:32:00,35348.34,1366.01,2406.4,35465.66,35351.05500000003,1366.353437500001,2406.5273437500023,35468.39953125003
2026-04-25,18:33:00.000,2026-04-25 18:33:00,35348.39,1366.15,2406.26,35465.7,35351.10500000003,1366.4934375000014,2406.387343750002,35468.43953125002
2026-04-25,18:34:00.000,2026-04-25 18:34:00,35348.08,1366.19,2406.38,35465.41,35350.79500000003,1366.5334375000014,2406.5073437500023,35468.14953125001
2026-04-25,18:35:00.000,2026-04-25 18:35:00,35348.37,1366.18,2406.04,35465.67,35351.08500000002,1366.5234375000016,2406.167343750002,35468.40953125001
2026-04-25,18:36:00.000,2026-04-25 18:36:00,35347.97,1366.41,2405.81,35465.25,35350.68500000003,1366.7534375000014,2405.937343750002,35467.98953125002
2026-04-25,18:37:00.000,2026-04-25 18:37:00,35346.8,1366.51,2406.34,35464.13,35349.51500000003,1366.8534375000013,2406.467343750002,35466.86953125001
2026-04-25,18:38:00.000,2026-04-25 18:38:00,35345.87,1366.4,2405.98,35463.17,35348.58500000002,1366.7434375000016,2406.1073437500017,35465.909531250014
2026-04-25,18:39:00.000,2026-04-25 18:39:00,35345.65,1365.89,2406.38,35462.97,35348.36500000002,1366.2334375000014,2406.5073437500014,35465.70953125002
2026-04-25,18:40:00.000,2026-04-25 18:40:00,35346.17,1366.0,2406.26,35463.46,35347.667500000025,1366.4334375000012,2405.713593750002,35464.947031250005
2026-04-25,18:41:00.000,2026-04-25 18:41:00,35347.05,1366.57,2406.7,35464.41,35348.54750000003,1367.0034375000014,2406.1535937500016,35465.89703125002
2026-04-25,18:42:00.000,2026-04-25 18:42:00,35347.77,1366.72,2406.9,35465.14,35349.267500000016,1367.1534375000012,2406.3535937500023,35466.62703125002
2026-04-25,18:43:00.000,2026-04-25 18:43:00,35348.19,1366.48,2407.21,35465.57,35349.68750000003,1366.9134375000015,2406.6635937500027,35467.05703125001
2026-04-25,18:44:00.000,2026-04-25 18:44:00,35349.4,1366.15,2407.08,35466.77,35350.89750000002,1366.5834375000015,2406.5335937500017,35468.25703125001
2026-04-25,18:45:00.000,2026-04-25 18:45:00,35350.16,1365.91,2407.25,35467.52,35351.65750000003,1366.3434375000018,2406.703593750002,35469.00703125001
2026-04-25,18:46:00.000,2026-04-25 18:46:00,35350.51,1365.65,2406.68,35467.81,35352.007500000036,1366.0834375000018,2406.133593750002,35469.29703125001
2026-04-25,18:47:00.000,2026-04-25 18:47:00,35349.96,1365.54,2406.9,35467.3,35351.45750000003,1365.9734375000016,2406.3535937500023,35468.787031250016
2026-04-25,18:48:00.000,2026-04-25 18:48:00,35350.86,1365.6,2405.77,35468.07,35350.55875000003,1365.4859375000017,2405.483593750002,35467.74828125002
2026-04-25,18:49:00.000,2026-04-25 18:49:00,35350.46,1365.49,2406.17,35467.71,35350.158750000024,1365.3759375000016,2405.8835937500016,35467.388281250016
2026-04-25,18:50:00.000,2026-04-25 18:50:00,35350.5,1366.2,2406.49,35467.84,35350.19875000003,1366.0859375000018,2406.2035937500013,35467.51828125001
2026-04-25,18:51:00.000,2026-04-25 18:51:00,35349.97,1366.87,2406.64,35467.32,35349.66875000003,1366.755937500002,2406.353593750002,35466.99828125001
2026-04-25,18:52:00.000,2026-04-25 18:52:00,35350.63,1367.12,2406.39,35467.99,35350.32875000002,1367.005937500001,2406.1035937500023,35467.668281250015
2026-04-25,18:53:00.000,2026-04-25 18:53:00,35350.42,1367.28,2406.98,35467.85,35350.118750000016,1367.1659375000013,2406.6935937500025,35467.528281250015
2026-04-25,18:54:00.000,2026-04-25 18:54:00,35350.36,1367.45,2407.05,35467.8,35350.058750000026,1367.3359375000014,2406.7635937500027,35467.47828125001
2026-04-25,18:55:00.000,2026-04-25 18:55:00,35350.4,1367.39,2407.41,35467.87,35350.09875000002,1367.2759375000014,2407.1235937500023,35467.54828125002
2026-04-25,18:56:00.000,2026-04-25 18:56:00,35350.79,1367.77,2407.08,35468.24,35348.997500000034,1366.1784375000013,2406.3585937500015,35466.31078125001
2026-04-25,18:57:00.000,2026-04-25 18:57:00,35350.99,1367.89,2407.04,35468.44,35349.19750000003,1366.2984375000017,2406.3185937500016,35466.51078125001
2026-04-25,18:58:00.000,2026-04-25 18:58:00,35351.33,1367.99,2406.99,35468.79,35349.53750000003,1366.3984375000016,2406.268593750002,35466.86078125001
2026-04-25,18:59:00.000,2026-04-25 18:59:00,35352.36,1368.22,2406.49,35469.78,35350.56750000003,1366.6284375000016,2405.768593750002,35467.85078125
2026-04-25,19:00:00.000,2026-04-25 19:00:00,35352.35,1368.48,2407.14,35469.84,35350.557500000024,1366.8884375000014,2406.418593750003,35467.91078125002
2026-04-25,19:01:00.000,2026-04-25 19:01:00,35352.3,1368.35,2407.24,35469.8,35350.507500000036,1366.7584375000013,2406.5185937500023,35467.87078125003
2026-04-25,19:02:00.000,2026-04-25 19:02:00,35352.84,1368.23,2406.93,35470.32,35351.04750000002,1366.6384375000014,2406.2085937500024,35468.390781250026
2026-04-25,19:03:00.000,2026-04-25 19:03:00,35352.57,1368.29,2407.47,35470.1,35350.77750000002,1366.6984375000013,2406.7485937500023,35468.170781250024
2026-04-25,19:04:00.000,2026-04-25 19:04:00,35352.65,1368.28,2407.5,35470.18,35350.68875000004,1366.4971875000015,2406.8848437500014,35468.06578125002
2026-04-25,19:05:00.000,2026-04-25 19:05:00,35352.61,1368.18,2407.61,35470.12,35350.64875000003,1366.3971875000016,2406.994843750002,35468.00578125002
2026-04-25,19:06:00.000,2026-04-25 19:06:00,35352.35,1368.29,2406.84,35469.81,35350.38875000003,1366.5071875000017,2406.2248437500025,35467.69578125002
2026-04-25,19:07:00.000,2026-04-25 19:07:00,35351.75,1368.23,2407.02,35469.25,35349.788750000036,1366.4471875000017,2406.404843750002,35467.13578125002
2026-04-25,19:08:00.000,2026-04-25 19:08:00,35351.86,1368.28,2406.52,35469.33,35349.89875000002,1366.4971875000015,2405.904843750002,35467.21578125001
2026-04-25,19:09:00.000,2026-04-25 19:09:00,35352.25,1368.33,2406.44,35469.7,35350.28875000002,1366.5471875000012,2405.824843750002,35467.58578125
2026-04-25,19:10:00.000,2026-04-25 19:10:00,35352.11,1368.59,2406.55,35469.59,35350.14875000002,1366.8071875000014,2405.9348437500025,35467.47578125
2026-04-25,19:11:00.000,2026-04-25 19:11:00,35351.3,1368.57,2407.05,35468.81,35349.338750000024,1366.7871875000014,2406.4348437500025,35466.695781250004
2026-04-25,19:12:00.000,2026-04-25 19:12:00,35350.8,1368.7,2407.2,35468.33,35358.43656250003,1369.3021875000013,2407.220000000002,35476.037187500006
2026-04-25,19:13:00.000,2026-04-25 19:13:00,35350.82,1368.86,2407.11,35468.35,35358.45656250002,1369.4621875000012,2407.130000000002,35476.05718750001
2026-04-25,19:14:00.000,2026-04-25 19:14:00,35351.58,1369.11,2407.13,35469.1,35359.21656250003,1369.7121875000012,2407.1500000000024,35476.80718750001
2026-04-25,19:15:00.000,2026-04-25 19:15:00,35352.23,1368.96,2407.52,35469.79,35359.86656250002,1369.562187500001,2407.540000000002,35477.49718750001
2026-04-25,19:16:00.000,2026-04-25 19:16:00,35352.76,1368.86,2407.69,35470.33,35360.396562500006,1369.4621875000012,2407.7100000000023,35478.03718750002
2026-04-25,19:17:00.000,2026-04-25 19:17:00,35353.42,1368.74,2407.78,35470.99,35361.05656250001,1369.3421875000013,2407.8000000000025,35478.69718750001
2026-04-25,19:18:00.000,2026-04-25 19:18:00,35353.93,1368.75,2407.56,35471.5,35361.566562500004,1369.3521875000013,2407.5800000000017,35479.20718750002
2026-04-25,19:19:00.000,2026-04-25 19:19:00,35354.38,1368.59,2408.09,35471.97,35362.0165625,1369.192187500001,2408.1100000000015,35479.67718750002
2026-04-25,19:20:00.000,2026-04-25 19:20:00,35354.46,1368.6,2407.91,35472.04,35358.17531250002,1369.662187500001,2407.6537500000018,35475.83343750002
2026-04-25,19:21:00.000,2026-04-25 19:21:00,35355.03,1368.52,2407.69,35472.58,35358.74531250001,1369.582187500001,2407.4337500000015,35476.37343750003
2026-04-25,19:22:00.000,2026-04-25 19:22:00,35355.42,1368.47,2408.0,35472.97,35359.13531250002,1369.532187500001,2407.7437500000015,35476.76343750002
2026-04-25,19:23:00.000,2026-04-25 19:23:00,35356.48,1368.41,2407.81,35474.03,35360.195312500015,1369.4721875000012,2407.553750000002,35477.82343750002
2026-04-25,19:24:00.000,2026-04-25 19:24:00,35356.77,1368.38,2408.08,35474.35,35360.4853125,1369.4421875000014,2407.8237500000027,35478.1434375
2026-04-25,19:25:00.000,2026-04-25 19:25:00,35357.41,1368.18,2407.65,35474.94,35361.125312500015,1369.2421875000011,2407.3937500000025,35478.733437500014
2026-04-25,19:26:00.000,2026-04-25 19:26:00,35357.5,1368.2,2407.5,35475.02,35361.21531250002,1369.2621875000011,2407.243750000002,35478.8134375
2026-04-25,19:27:00.000,2026-04-25 19:27:00,35358.22,1368.13,2407.65,35475.74,35361.93531250002,1369.1921875000014,2407.3937500000025,35479.5334375
2026-04-25,19:28:00.000,2026-04-25 19:28:00,35358.46,1368.2,2408.04,35476.02,35358.811562500014,1369.4621875000014,2407.605000000002,35476.433437500025
2026-04-25,19:29:00.000,2026-04-25 19:29:00,35359.17,1368.11,2407.71,35476.7,35359.52156250002,1369.3721875000012,2407.275000000002,35477.11343750002
2026-04-25,19:30:00.000,2026-04-25 19:30:00,35359.35,1368.08,2408.18,35476.93,35359.70156250001,1369.342187500001,2407.7450000000013,35477.34343750002
2026-04-25,19:31:00.000,2026-04-25 19:31:00,35359.45,1368.24,2408.28,35477.03,35359.801562500004,1369.5021875000014,2407.8450000000016,35477.44343750001
2026-04-25,19:32:00.000,2026-04-25 19:32:00,35359.63,1368.18,2408.02,35477.22,35359.98156250001,1369.442187500001,2407.5850000000023,35477.633437500015
2026-04-25,19:33:00.000,2026-04-25 19:33:00,35360.14,1368.13,2407.97,35477.7,35360.49156250002,1369.3921875000012,2407.535000000002,35478.11343750001
2026-04-25,19:34:00.000,2026-04-25 19:34:00,35360.87,1368.1,2407.8,35478.42,35361.22156250002,1369.3621875000008,2407.365000000003,35478.83343750001
2026-04-25,19:35:00.000,2026-04-25 19:35:00,35361.13,1368.25,2407.72,35478.69,35361.48156250001,1369.512187500001,2407.285000000002,35479.103437500016
2026-04-25,19:36:00.000,2026-04-25 19:36:00,35361.7,1368.24,2407.8,35479.26,35358.72031250001,1369.4196875000011,2407.706250000002,35476.34218750002
2026-04-25,19:37:00.000,2026-04-25 19:37:00,35361.75,1368.34,2407.8,35479.33,35358.77031250001,1369.519687500001,2407.706250000002,35476.41218750001
2026-04-25,19:38:00.000,2026-04-25 19:38:00,35362.93,1368.17,2407.67,35480.5,35359.95031250001,1369.3496875000014,2407.576250000002,35477.58218750001
2026-04-25,19:39:00.000,2026-04-25 19:39:00,35363.01,1368.26,2407.79,35480.59,35360.030312500014,1369.4396875000011,2407.696250000002,35477.67218750001
2026-04-25,19:40:00.000,2026-04-25 19:40:00,35363.4,1368.39,2407.44,35480.95,35360.42031250001,1369.5696875000012,2407.346250000002,35478.032187500015
2026-04-25,19:41:00.000,2026-04-25 19:41:00,35363.69,1368.21,2407.65,35481.26,35360.71031250002,1369.3896875000014,2407.556250000002,35478.34218750001
2026-04-25,19:42:00.000,2026-04-25 19:42:00,35364.17,1368.04,2407.39,35481.72,35361.19031250001,1369.2196875000013,2407.2962500000017,35478.80218750002
2026-04-25,19:43:00.000,2026-04-25 19:43:00,35364.2,1368.3,2407.45,35481.75,35361.22031250001,1369.479687500001,2407.356250000001,35478.83218750002
2026-04-25,19:44:00.000,2026-04-25 19:44:00,35364.69,1368.36,2407.53,35482.26,35359.64281250002,1368.829687500001,2407.582500000002,35477.22718750001
2026-04-25,19:45:00.000,2026-04-25 19:45:00,35364.97,1368.45,2407.49,35482.55,35359.922812500015,1368.9196875000011,2407.542500000002,35477.517187500016
2026-04-25,19:46:00.000,2026-04-25 19:46:00,35365.38,1368.89,2407.03,35482.96,35360.33281250002,1369.3596875000014,2407.082500000002,35477.927187500005
2026-04-25,19:47:00.000,2026-04-25 19:47:00,35365.31,1369.03,2407.83,35482.95,35360.26281250001,1369.4996875000013,2407.882500000002,35477.91718750001
2026-04-25,19:48:00.000,2026-04-25 19:48:00,35364.95,1368.94,2407.86,35482.59,35359.90281250001,1369.4096875000012,2407.912500000002,35477.55718750002
2026-04-25,19:49:00.000,2026-04-25 19:49:00,35364.76,1369.08,2407.45,35482.39,35359.71281250001,1369.549687500001,2407.5025000000014,35477.35718750002
2026-04-25,19:50:00.000,2026-04-25 19:50:00,35365.18,1369.39,2407.53,35482.82,35360.132812500015,1369.8596875000014,2407.5825000000027,35477.78718750002
2026-04-25,19:51:00.000,2026-04-25 19:51:00,35366.15,1369.49,2407.1,35483.76,35361.102812500016,1369.9596875000013,2407.1525000000024,35478.72718750002
2026-04-25,19:52:00.000,2026-04-25 19:52:00,35365.95,1369.36,2407.18,35483.56,35361.85031250001,1369.4809375000013,2407.406250000002,35479.449687500004
2026-04-25,19:53:00.000,2026-04-25 19:53:00,35365.12,1369.33,2407.82,35482.79,35361.020312500026,1369.4509375000011,2408.046250000002,35478.679687500015
2026-04-25,19:54:00.000,2026-04-25 19:54:00,35364.61,1369.18,2407.4,35482.25,35360.510312500024,1369.3009375000015,2407.626250000001,35478.13968750001
2026-04-25,19:55:00.000,2026-04-25 19:55:00,35363.94,1369.05,2407.34,35481.58,35359.840312500026,1369.1709375000014,2407.5662500000017,35477.46968750001
2026-04-25,19:56:00.000,2026-04-25 19:56:00,35363.85,1369.08,2407.24,35481.47,35359.75031250001,1369.200937500001,2407.4662500000018,35477.359687500015
2026-04-25,19:57:00.000,2026-04-25 19:57:00,35363.76,1369.35,2407.22,35481.4,35359.66031250001,1369.470937500001,2407.4462500000022,35477.28968750001
2026-04-25,19:58:00.000,2026-04-25 19:58:00,35363.56,1369.48,2407.05,35481.19,35359.4603125,1369.6009375000008,2407.276250000002,35477.07968750002
2026-04-25,19:59:00.000,2026-04-25 19:59:00,35363.02,1369.59,2407.18,35480.66,35358.920312500006,1369.710937500001,2407.4062500000023,35476.549687500024
2026-04-25,20:00:00.000,2026-04-25 20:00:00,35362.68,1369.65,2407.17,35480.32,35360.860312500015,1368.5896875000012,2407.460000000002,35478.43593750001
2026-04-25,20:01:00.000,2026-04-25 20:01:00,35362.38,1369.73,2407.14,35480.03,35360.56031250001,1368.6696875000011,2407.430000000001,35478.14593750002
2026-04-25,20:02:00.000,2026-04-25 20:02:00,35362.44,1369.93,2406.99,35480.07,35360.62031250002,1368.869687500001,2407.280000000002,35478.18593750003
2026-04-25,20:03:00.000,2026-04-25 20:03:00,35362.24,1370.41,2407.26,35479.93,35360.420312500006,1369.349687500001,2407.5500000000025,35478.04593750003
2026-04-25,20:04:00.000,2026-04-25 20:04:00,35361.84,1370.64,2407.31,35479.56,35360.02031250002,1369.5796875000012,2407.600000000002,35477.675937500004
2026-04-25,20:05:00.000,2026-04-25 20:05:00,35361.61,1370.91,2407.31,35479.32,35359.79031250002,1369.8496875000012,2407.600000000002,35477.43593750001
2026-04-25,20:06:00.000,2026-04-25 20:06:00,35361.28,1371.21,2407.39,35479.02,35359.46031250002,1370.1496875000012,2407.6800000000017,35477.13593750001
2026-04-25,20:07:00.000,2026-04-25 20:07:00,35361.1,1371.39,2407.35,35478.84,35359.280312500014,1370.329687500001,2407.6400000000017,35476.9559375
2026-04-25,20:08:00.000,2026-04-25 20:08:00,35360.31,1371.7,2407.37,35478.08,35362.552812500006,1368.0634375000013,2407.5662500000017,35480.110937500016
2026-04-25,20:09:00.000,2026-04-25 20:09:00,35359.57,1371.98,2407.34,35477.35,35361.812812500015,1368.343437500001,2407.536250000002,35479.38093750002
2026-04-25,20:10:00.000,2026-04-25 20:10:00,35359.13,1372.43,2407.33,35476.94,35361.372812500005,1368.793437500001,2407.5262500000017,35478.970937500024
2026-04-25,20:11:00.000,2026-04-25 20:11:00,35358.63,1372.99,2407.36,35476.47,35360.872812500005,1369.3534375000008,2407.5562500000024,35478.50093750002
2026-04-25,20:12:00.000,2026-04-25 20:12:00,35357.96,1373.5,2407.4,35475.82,35360.202812500014,1369.8634375000013,2407.5962500000014,35477.85093750001
2026-04-25,20:13:00.000,2026-04-25 20:13:00,35356.82,1373.79,2407.34,35474.7,35359.062812500015,1370.1534375000012,2407.536250000002,35476.73093750001
2026-04-25,20:14:00.000,2026-04-25 20:14:00,35355.69,1373.94,2407.26,35473.57,35357.93281250002,1370.303437500001,2407.456250000002,35475.60093750002
2026-04-25,20:15:00.000,2026-04-25 20:15:00,35354.96,1374.15,2407.27,35472.84,35357.20281250002,1370.5134375000011,2407.4662500000013,35474.87093750001
2026-04-25,20:16:00.000,2026-04-25 20:16:00,35354.32,1374.21,2407.31,35472.2,35344.174491984835,1373.8835937500012,2407.506406250002,35462.24382412902
2026-04-25,20:17:00.000,2026-04-25 20:17:00,35353.9,1374.35,2407.34,35471.8,35343.75449198484,1374.023593750001,2407.5364062500025,35461.84382412903
2026-04-25,20:18:00.000,2026-04-25 20:18:00,35353.51,1374.61,2407.4,35471.41,35343.36449198483,1374.2835937500013,2407.5964062500025,35461.45382412903
2026-04-25,20:19:00.000,2026-04-25 20:19:00,35353.27,1374.64,2407.55,35471.2,35343.124491984825,1374.3135937500015,2407.746406250003,35461.24382412902
2026-04-25,20:20:00.000,2026-04-25 20:20:00,35353.09,1374.11,2407.63,35471.0,35342.94449198484,1373.783593750001,2407.826406250002,35461.043824129025
2026-04-25,20:21:00.000,2026-04-25 20:21:00,35353.1,1373.82,2407.69,35470.97,35342.954491984834,1373.493593750001,2407.8864062500024,35461.013824129026
2026-04-25,20:22:00.000,2026-04-25 20:22:00,35353.4,1373.91,2407.81,35471.3,35343.254491984844,1373.5835937500012,2408.006406250003,35461.34382412903
2026-04-25,20:23:00.000,2026-04-25 20:23:00,35353.63,1373.86,2407.9,35471.53,35343.48449198484,1373.533593750001,2408.096406250003,35461.573824129024
2026-04-25,20:24:00.000,2026-04-25 20:24:00,35353.57,1373.46,2407.93,35471.47,35342.23449198483,1374.893593750001,2407.6251562500024,35460.34632412903
2026-04-25,20:25:00.000,2026-04-25 20:25:00,35353.53,1373.2,2407.94,35471.43,35342.19449198484,1374.6335937500012,2407.6351562500026,35460.30632412904
2026-04-25,20:26:00.000,2026-04-25 20:26:00,35353.98,1373.14,2408.01,35471.87,35342.64449198485,1374.5735937500015,2407.705156250002,35460.74632412903
2026-04-25,20:27:00.000,2026-04-25 20:27:00,35354.55,1372.93,2408.11,35472.45,35343.21449198484,1374.3635937500014,2407.8051562500023,35461.32632412902
2026-04-25,20:28:00.000,2026-04-25 20:28:00,35355.01,1372.44,2408.19,35472.89,35343.674491984835,1373.8735937500012,2407.885156250003,35461.76632412902
2026-04-25,20:29:00.000,2026-04-25 20:29:00,35355.46,1371.79,2408.21,35473.31,35344.12449198483,1373.223593750001,2407.9051562500026,35462.18632412902
2026-04-25,20:30:00.000,2026-04-25 20:30:00,35355.77,1371.32,2408.16,35473.62,35344.43449198483,1372.7535937500013,2407.855156250002,35462.49632412903
2026-04-25,20:31:00.000,2026-04-25 20:31:00,35355.87,1371.15,2408.09,35473.71,35344.534491984836,1372.5835937500012,2407.7851562500023,35462.58632412903
2026-04-25,20:32:00.000,2026-04-25 20:32:00,35355.84,1371.09,2408.03,35473.67,35347.80548948296,1372.177343750001,2408.447656250002,35466.00338398818
2026-04-25,20:33:00.000,2026-04-25 20:33:00,35355.3,1371.2,2407.84,35473.13,35347.26548948297,1372.2873437500011,2408.2576562500017,35465.463383988186
2026-04-25,20:34:00.000,2026-04-25 20:34:00,35354.03,1371.74,2407.61,35471.88,35345.99548948296,1372.8273437500009,2408.0276562500026,35464.213383988186
2026-04-25,20:35:00.000,2026-04-25 20:35:00,35352.43,1372.29,2407.31,35470.27,35344.395489482966,1373.377343750001,2407.7276562500024,35462.603383988186
2026-04-25,20:36:00.000,2026-04-25 20:36:00,35350.91,1372.96,2407.13,35468.78,35342.875489482976,1374.0473437500013,2407.5476562500025,35461.11338398818
2026-04-25,20:37:00.000,2026-04-25 20:37:00,35349.43,1373.77,2406.99,35467.33,35341.395489482966,1374.8573437500013,2407.407656250002,35459.66338398818
2026-04-25,20:38:00.000,2026-04-25 20:38:00,35348.23,1374.42,2406.94,35466.15,35340.19548948297,1375.5073437500014,2407.3576562500025,35458.48338398819
2026-04-25,20:39:00.000,2026-04-25 20:39:00,35347.34,1374.73,2407.01,35465.27,35339.305489482955,1375.8173437500013,2407.427656250003,35457.603383988186
2026-04-25,20:40:00.000,2026-04-25 20:40:00,35346.44,1374.91,2407.05,35464.39,35345.64974448671,1373.159843750001,2407.537656250002,35463.53676426987
2026-04-25,20:41:00.000,2026-04-25 20:41:00,35345.75,1375.17,2407.12,35463.7,35344.95974448671,1373.4198437500013,2407.6076562500016,35462.84676426987
2026-04-25,20:42:00.000,2026-04-25 20:42:00,35344.92,1375.68,2407.18,35462.91,35344.129744486716,1373.9298437500013,2407.6676562500024,35462.056764269866
2026-04-25,20:43:00.000,2026-04-25 20:43:00,35344.09,1375.81,2407.25,35462.09,35343.299744486714,1374.059843750001,2407.737656250002,35461.23676426986
2026-04-25,20:44:00.000,2026-04-25 20:44:00,35343.6,1375.7,2407.36,35461.6,35342.80974448671,1373.9498437500013,2407.8476562500027,35460.746764269876
2026-04-25,20:45:00.000,2026-04-25 20:45:00,35343.09,1375.74,2407.45,35461.11,35342.2997444867,1373.9898437500012,2407.937656250003,35460.25676426987
2026-04-25,20:46:00.000,2026-04-25 20:46:00,35342.28,1375.91,2407.47,35460.32,35341.48974448671,1374.159843750001,2407.9576562500024,35459.46676426987
2026-04-25,20:47:00.000,2026-04-25 20:47:00,35341.03,1375.98,2407.42,35459.08,35340.23974448671,1374.2298437500012,2407.907656250002,35458.226764269864
2026-04-25,20:48:00.000,2026-04-25 20:48:00,35339.74,1375.87,2407.35,35457.78,35345.35613301523,1373.194176357487,2407.7439062500025,35463.140863371
2026-04-25,20:49:00.000,2026-04-25 20:49:00,35338.63,1376.07,2407.31,35456.69,35344.24613301523,1373.3941763574874,2407.7039062500025,35462.050863371005
2026-04-25,20:50:00.000,2026-04-25 20:50:00,35337.48,1376.45,2407.31,35455.55,35343.09613301523,1373.7741763574875,2407.7039062500025,35460.910863371006
2026-04-25,20:51:00.000,2026-04-25 20:51:00,35336.33,1376.92,2407.29,35454.43,35341.94613301523,1374.2441763574873,2407.683906250002,35459.790863370996
2026-04-25,20:52:00.000,2026-04-25 20:52:00,35335.12,1377.35,2407.31,35453.23,35340.73613301524,1374.674176357487,2407.7039062500025,35458.59086337102
2026-04-25,20:53:00.000,2026-04-25 20:53:00,35334.16,1377.46,2407.39,35452.28,35339.776133015235,1374.7841763574872,2407.7839062500025,35457.64086337101
2026-04-25,20:54:00.000,2026-04-25 20:54:00,35333.57,1377.22,2407.49,35451.67,35339.186133015224,1374.5441763574875,2407.883906250002,35457.030863371016
2026-04-25,20:55:00.000,2026-04-25 20:55:00,35333.03,1376.85,2407.6,35451.13,35338.64613301523,1374.174176357487,2407.9939062500025,35456.49086337102
2026-04-25,20:56:00.000,2026-04-25 20:56:00,35332.52,1376.45,2407.66,35450.59,35342.348633015215,1375.3204263574873,2407.5751562500027,35460.215863371006
2026-04-25,20:57:00.000,2026-04-25 20:57:00,35332.09,1375.98,2407.71,35450.14,35341.91863301522,1374.8504263574875,2407.625156250003,35459.76586337101
2026-04-25,20:58:00.000,2026-04-25 20:58:00,35331.66,1375.5,2407.74,35449.71,35341.48863301523,1374.3704263574873,2407.6551562500026,35459.335863371
2026-04-25,20:59:00.000,2026-04-25 20:59:00,35331.48,1375.14,2407.78,35449.5,35341.30863301522,1374.0104263574872,2407.6951562500026,35459.12586337101
2026-04-25,21:00:00.000,2026-04-25 21:00:00,35331.41,1374.91,2407.85,35449.42,35341.23863301524,1373.7804263574872,2407.765156250002,35459.04586337101
2026-04-25,21:01:00.000,2026-04-25 21:01:00,35331.49,1374.73,2407.94,35449.51,35341.31863301524,1373.6004263574873,2407.855156250002,35459.135863371004
2026-04-25,21:02:00.000,2026-04-25 21:02:00,35331.72,1374.62,2408.05,35449.75,35341.548633015234,1373.4904263574867,2407.965156250002,35459.37586337101
2026-04-25,21:03:00.000,2026-04-25 21:03:00,35331.99,1374.49,2408.15,35450.02,35341.81863301524,1373.360426357487,2408.0651562500025,35459.64586337101
2026-04-25,21:04:00.000,2026-04-25 21:04:00,35332.3,1374.19,2408.26,35450.32,35340.279883015224,1375.0380111425152,2407.6339062500024,35458.152113371005
2026-04-25,21:05:00.000,2026-04-25 21:05:00,35332.8,1373.79,2408.35,35450.81,35340.779883015224,1374.638011142515,2407.7239062500025,35458.64211337101
2026-04-25,21:06:00.000,2026-04-25 21:06:00,35333.27,1373.35,2408.44,35451.27,35341.24988301522,1374.1980111425148,2407.813906250002,35459.10211337102
2026-04-25,21:07:00.000,2026-04-25 21:07:00,35333.65,1372.86,2408.48,35451.63,35341.62988301522,1373.708011142515,2407.853906250002,35459.46211337102
2026-04-25,21:08:00.000,2026-04-25 21:08:00,35333.98,1372.43,2408.47,35451.96,35341.95988301523,1373.2780111425152,2407.843906250002,35459.792113371004
2026-04-25,21:09:00.000,2026-04-25 21:09:00,35334.2,1372.1,2408.44,35452.16,35342.17988301523,1372.9480111425148,2407.813906250002,35459.992113371
2026-04-25,21:10:00.000,2026-04-25 21:10:00,35334.37,1371.87,2408.4,35452.32,35342.349883015246,1372.718011142515,2407.773906250003,35460.15211337101
2026-04-25,21:11:00.000,2026-04-25 21:11:00,35334.58,1371.64,2408.37,35452.52,35342.55988301524,1372.4880111425155,2407.7439062500025,35460.35211337101
2026-04-25,21:12:00.000,2026-04-25 21:12:00,35334.76,1371.35,2408.35,35452.69,35341.64113301523,1373.8630111425152,2407.8701562500028,35459.470863371
2026-04-25,21:13:00.000,2026-04-25 21:13:00,35334.98,1371.23,2408.35,35452.91,35341.861133015234,1373.7430111425153,2407.8701562500028,35459.690863371005
2026-04-25,21:14:00.000,2026-04-25 21:14:00,35335.15,1371.23,2408.33,35453.09,35342.031133015225,1373.7430111425151,2407.8501562500023,35459.870863371005
2026-04-25,21:15:00.000,2026-04-25 21:15:00,35335.12,1371.34,2408.3,35453.05,35342.00113301523,1373.8530111425152,2407.8201562500026,35459.83086337101
2026-04-25,21:16:00.000,2026-04-25 21:16:00,35334.89,1371.28,2408.25,35452.83,35341.77113301522,1373.7930111425148,2407.7701562500024,35459.610863371
2026-04-25,21:17:00.000,2026-04-25 21:17:00,35334.58,1371.04,2408.18,35452.52,35341.461133015226,1373.553011142515,2407.700156250002,35459.300863371005
2026-04-25,21:18:00.000,2026-04-25 21:18:00,35334.34,1370.76,2408.13,35452.27,35341.22113301523,1373.2730111425146,2407.650156250002,35459.050863371
2026-04-25,21:19:00.000,2026-04-25 21:19:00,35334.12,1370.68,2408.15,35452.04,35341.00113301523,1373.1930111425147,2407.6701562500025,35458.820863371
2026-04-25,21:20:00.000,2026-04-25 21:20:00,35333.83,1370.46,2408.11,35451.75,35331.83359375003,1371.6342187500013,2408.9282812500023,35449.856093750044
2026-04-25,21:21:00.000,2026-04-25 21:21:00,35333.56,1370.27,2408.09,35451.48,35331.56359375003,1371.4442187500013,2408.908281250002,35449.58609375004
2026-04-25,21:22:00.000,2026-04-25 21:22:00,35333.33,1370.21,2408.04,35451.25,35331.33359375002,1371.384218750001,2408.858281250002,35449.35609375004
2026-04-25,21:23:00.000,2026-04-25 21:23:00,35333.13,1370.17,2408.04,35451.05,35331.133593750026,1371.3442187500011,2408.858281250002,35449.15609375004
2026-04-25,21:24:00.000,2026-04-25 21:24:00,35332.97,1370.12,2408.03,35450.9,35330.97359375002,1371.2942187500014,2408.8482812500024,35449.00609375003
2026-04-25,21:25:00.000,2026-04-25 21:25:00,35332.95,1370.1,2408.11,35450.89,35330.95359375002,1371.2742187500014,2408.9282812500023,35448.99609375004
2026-04-25,21:26:00.000,2026-04-25 21:26:00,35332.99,1370.1,2408.18,35450.92,35330.99359375002,1371.2742187500012,2408.998281250002,35449.02609375002
2026-04-25,21:27:00.000,2026-04-25 21:27:00,35333.18,1369.91,2408.26,35451.11,35331.18359375002,1371.0842187500016,2409.078281250002,35449.21609375002
2026-04-25,21:28:00.000,2026-04-25 21:28:00,35333.64,1369.64,2408.37,35451.56,35330.54234375003,1371.8679687500014,2408.723281250003,35448.57734375003
2026-04-25,21:29:00.000,2026-04-25 21:29:00,35334.11,1369.45,2408.49,35452.02,35331.01234375003,1371.6779687500014,2408.8432812500027,35449.037343750024
2026-04-25,21:30:00.000,2026-04-25 21:30:00,35334.43,1369.27,2408.56,35452.35,35331.33234375003,1371.4979687500013,2408.9132812500025,35449.36734375003
2026-04-25,21:31:00.000,2026-04-25 21:31:00,35334.59,1369.07,2408.61,35452.5,35331.49234375002,1371.2979687500015,2408.9632812500026,35449.51734375003
2026-04-25,21:32:00.000,2026-04-25 21:32:00,35334.54,1368.84,2408.61,35452.45,35331.44234375003,1371.067968750001,2408.9632812500017,35449.46734375003
2026-04-25,21:33:00.000,2026-04-25 21:33:00,35334.59,1368.68,2408.64,35452.5,35331.49234375002,1370.9079687500011,2408.9932812500015,35449.517343750034
2026-04-25,21:34:00.000,2026-04-25 21:34:00,35334.44,1368.86,2408.64,35452.35,35331.34234375004,1371.0879687500014,2408.993281250002,35449.367343750026
2026-04-25,21:35:00.000,2026-04-25 21:35:00,35334.41,1369.1,2408.66,35452.33,35331.31234375004,1371.3279687500012,2409.0132812500015,35449.347343750036
2026-04-25,21:36:00.000,2026-04-25 21:36:00,35334.33,1369.33,2408.71,35452.26,35331.46234375004,1370.7442187500012,2408.823281250002,35449.443593750024
2026-04-25,21:37:00.000,2026-04-25 21:37:00,35334.27,1369.51,2408.71,35452.21,35331.40234375003,1370.9242187500015,2408.823281250002,35449.39359375002
2026-04-25,21:38:00.000,2026-04-25 21:38:00,35334.32,1369.63,2408.76,35452.27,35331.45234375002,1371.0442187500016,2408.873281250003,35449.453593750026
2026-04-25,21:39:00.000,2026-04-25 21:39:00,35334.28,1369.81,2408.77,35452.26,35331.412343750024,1371.2242187500015,2408.8832812500023,35449.44359375003
2026-04-25,21:40:00.000,2026-04-25 21:40:00,35334.05,1370.06,2408.8,35452.05,35331.18234375003,1371.474218750001,2408.9132812500025,35449.23359375004
2026-04-25,21:41:00.000,2026-04-25 21:41:00,35333.96,1370.24,2408.86,35451.95,35331.09234375003,1371.6542187500013,2408.973281250002,35449.13359375003
2026-04-25,21:42:00.000,2026-04-25 21:42:00,35333.93,1370.31,2408.93,35451.94,35331.06234375003,1371.724218750001,2409.0432812500017,35449.12359375004
2026-04-25,21:43:00.000,2026-04-25 21:43:00,35333.77,1370.53,2408.96,35451.79,35330.90234375003,1371.9442187500013,2409.0732812500023,35448.973593750045
2026-04-25,21:44:00.000,2026-04-25 21:44:00,35333.59,1370.8,2408.97,35451.61,35332.22609375003,1371.0117187500014,2408.913281250002,35450.23859375004
2026-04-25,21:45:00.000,2026-04-25 21:45:00,35333.37,1370.95,2408.98,35451.4,35332.00609375003,1371.1617187500015,2408.923281250002,35450.02859375003
2026-04-25,21:46:00.000,2026-04-25 21:46:00,35333.09,1371.1,2409.0,35451.13,35331.72609375003,1371.3117187500015,2408.943281250002,35449.75859375003
2026-04-25,21:47:00.000,2026-04-25 21:47:00,35332.77,1371.13,2409.01,35450.81,35331.406093750025,1371.3417187500017,2408.9532812500024,35449.43859375003
2026-04-25,21:48:00.000,2026-04-25 21:48:00,35332.38,1371.05,2408.97,35450.42,35331.016093750026,1371.2617187500011,2408.9132812500025,35449.04859375004
2026-04-25,21:49:00.000,2026-04-25 21:49:00,35332.16,1371.12,2408.99,35450.2,35330.796093750025,1371.3317187500008,2408.933281250002,35448.82859375004
2026-04-25,21:50:00.000,2026-04-25 21:50:00,35331.89,1371.34,2409.0,35449.93,35330.52609375003,1371.5517187500009,2408.943281250002,35448.55859375004
2026-04-25,21:51:00.000,2026-04-25 21:51:00,35331.63,1371.55,2408.94,35449.67,35330.26609375002,1371.761718750001,2408.883281250002,35448.29859375003
2026-04-25,21:52:00.000,2026-04-25 21:52:00,35331.23,1371.66,2408.94,35449.27,35332.041093750035,1370.9854687500012,2408.8320312500023,35450.056093750034
2026-04-25,21:53:00.000,2026-04-25 21:53:00,35330.84,1371.7,2408.94,35448.88,35331.65109375002,1371.0254687500012,2408.8320312500023,35449.666093750035
2026-04-25,21:54:00.000,2026-04-25 21:54:00,35330.62,1371.87,2408.98,35448.67,35331.431093750034,1371.195468750001,2408.8720312500022,35449.45609375003
2026-04-25,21:55:00.000,2026-04-25 21:55:00,35330.39,1371.87,2409.02,35448.45,35331.20109375002,1371.195468750001,2408.912031250002,35449.23609375003
2026-04-25,21:56:00.000,2026-04-25 21:56:00,35330.32,1372.1,2409.05,35448.36,35331.13109375003,1371.4254687500013,2408.9420312500024,35449.14609375003
2026-04-25,21:57:00.000,2026-04-25 21:57:00,35330.15,1372.25,2409.07,35448.21,35330.96109375003,1371.5754687500014,2408.962031250002,35448.99609375004
2026-04-25,21:58:00.000,2026-04-25 21:58:00,35330.05,1372.31,2409.11,35448.12,35330.86109375003,1371.6354687500013,2409.002031250002,35448.90609375003
2026-04-25,21:59:00.000,2026-04-25 21:59:00,35329.88,1372.37,2409.16,35447.95,35330.69109375003,1371.6954687500013,2409.052031250002,35448.736093750034
2026-04-25,22:00:00.000,2026-04-25 22:00:00,35329.7,1372.25,2409.17,35447.78,35332.141093750026,1371.296718750001,2409.005781250002,35450.16734375002
2026-04-25,22:01:00.000,2026-04-25 22:01:00,35329.49,1372.11,2409.15,35447.55,35331.93109375002,1371.1567187500011,2408.9857812500018,35449.937343750025
2026-04-25,22:02:00.000,2026-04-25 22:02:00,35329.26,1371.95,2409.12,35447.32,35331.70109375003,1370.996718750001,2408.9557812500025,35449.707343750015
2026-04-25,22:03:00.000,2026-04-25 22:03:00,35328.91,1371.93,2409.07,35446.97,35331.35109375004,1370.976718750001,2408.9057812500023,35449.35734375002
2026-04-25,22:04:00.000,2026-04-25 22:04:00,35328.57,1372.21,2409.03,35446.65,35331.011093750014,1371.2567187500017,2408.865781250002,35449.03734375004
2026-04-25,22:05:00.000,2026-04-25 22:05:00,35328.42,1372.47,2409.05,35446.52,35330.86109375002,1371.5167187500015,2408.8857812500023,35448.907343750034
2026-04-25,22:06:00.000,2026-04-25 22:06:00,35328.19,1372.62,2409.06,35446.3,35330.63109375003,1371.6667187500013,2408.895781250002,35448.68734375003
2026-04-25,22:07:00.000,2026-04-25 22:07:00,35327.9,1372.82,2409.07,35446.01,35330.34109375002,1371.8667187500012,2408.9057812500023,35448.39734375004
2026-04-25,22:08:00.000,2026-04-25 22:08:00,35327.71,1372.98,2409.08,35445.83,35331.09484375002,1370.9642187500012,2408.7307812500017,35449.11609375003
2026-04-25,22:09:00.000,2026-04-25 22:09:00,35327.65,1373.14,2409.15,35445.78,35331.03484375002,1371.124218750001,2408.8007812500023,35449.06609375003
2026-04-25,22:10:00.000,2026-04-25 22:10:00,35327.51,1373.29,2409.16,35445.63,35330.89484375002,1371.2742187500012,2408.810781250002,35448.91609375003
2026-04-25,22:11:00.000,2026-04-25 22:11:00,35327.63,1373.49,2409.21,35445.76,35331.01484375002,1371.4742187500015,2408.860781250002,35449.04609375003
2026-04-25,22:12:00.000,2026-04-25 22:12:00,35327.59,1373.69,2409.26,35445.72,35330.974843750024,1371.6742187500013,2408.9107812500024,35449.00609375003
2026-04-25,22:13:00.000,2026-04-25 22:13:00,35327.86,1373.67,2409.34,35446.0,35331.24484375003,1371.6542187500013,2408.9907812500023,35449.28609375003
2026-04-25,22:14:00.000,2026-04-25 22:14:00,35328.27,1373.44,2409.45,35446.39,35331.65484375002,1371.424218750001,2409.100781250002,35449.67609375002
2026-04-25,22:15:00.000,2026-04-25 22:15:00,35328.67,1373.16,2409.55,35446.8,35332.054843750026,1371.1442187500013,2409.2007812500024,35450.086093750026
2026-04-25,22:16:00.000,2026-04-25 22:16:00,35328.97,1372.94,2409.61,35447.08,35331.658593750035,1371.5554687500016,2409.0032812500026,35449.68484375004
2026-04-25,22:17:00.000,2026-04-25 22:17:00,35329.26,1372.78,2409.69,35447.37,35331.94859375003,1371.3954687500013,2409.0832812500025,35449.974843750046
2026-04-25,22:18:00.000,2026-04-25 22:18:00,35329.38,1372.59,2409.69,35447.49,35332.06859375002,1371.205468750001,2409.083281250002,35450.09484375003
2026-04-25,22:19:00.000,2026-04-25 22:19:00,35329.28,1372.52,2409.67,35447.39,35331.968593750025,1371.1354687500013,2409.0632812500016,35449.994843750035
2026-04-25,22:20:00.000,2026-04-25 22:20:00,35328.91,1372.53,2409.58,35447.02,35331.59859375002,1371.1454687500013,2408.973281250002,35449.624843750025
2026-04-25,22:21:00.000,2026-04-25 22:21:00,35328.35,1372.56,2409.46,35446.46,35331.038593750025,1371.175468750001,2408.853281250002,35449.06484375003
2026-04-25,22:22:00.000,2026-04-25 22:22:00,35327.62,1372.84,2409.34,35445.74,35330.30859375003,1371.455468750001,2408.7332812500026,35448.34484375002
2026-04-25,22:23:00.000,2026-04-25 22:23:00,35326.69,1373.05,2409.22,35444.81,35329.37859375002,1371.665468750001,2408.613281250002,35447.414843750026
2026-04-25,22:24:00.000,2026-04-25 22:24:00,35326.12,1373.33,2409.16,35444.25,35326.59250000004,1375.6707812500015,2409.563750000002,35444.86203125002
2026-04-25,22:25:00.000,2026-04-25 22:25:00,35325.87,1373.79,2409.19,35444.01,35326.34250000004,1376.1307812500015,2409.5937500000027,35444.62203125003
2026-04-25,22:26:00.000,2026-04-25 22:26:00,35325.52,1374.18,2409.23,35443.68,35325.99250000004,1376.5207812500014,2409.6337500000027,35444.29203125002
2026-04-25,22:27:00.000,2026-04-25 22:27:00,35325.14,1374.52,2409.3,35443.32,35325.61250000003,1376.8607812500015,2409.7037500000033,35443.93203125002
2026-04-25,22:28:00.000,2026-04-25 22:28:00,35324.87,1374.82,2409.35,35443.07,35325.342500000035,1377.160781250001,2409.7537500000026,35443.68203125003
2026-04-25,22:29:00.000,2026-04-25 22:29:00,35324.7,1375.13,2409.42,35442.9,35325.17250000004,1377.4707812500014,2409.8237500000023,35443.51203125003
2026-04-25,22:30:00.000,2026-04-25 22:30:00,35324.5,1375.34,2409.48,35442.71,35324.97250000004,1377.680781250001,2409.8837500000027,35443.32203125003
2026-04-25,22:31:00.000,2026-04-25 22:31:00,35324.28,1375.57,2409.59,35442.5,35324.75250000004,1377.910781250001,2409.9937500000024,35443.112031250035
2026-04-25,22:32:00.000,2026-04-25 22:32:00,35324.24,1375.75,2409.69,35442.47,35326.05750000003,1376.5470312500015,2409.655000000003,35444.34328125003
2026-04-25,22:33:00.000,2026-04-25 22:33:00,35324.21,1375.95,2409.76,35442.46,35326.02750000003,1376.7470312500013,2409.7250000000035,35444.33328125002
2026-04-25,22:34:00.000,2026-04-25 22:34:00,35324.03,1376.11,2409.79,35442.3,35325.84750000004,1376.9070312500012,2409.755000000003,35444.17328125002
2026-04-25,22:35:00.000,2026-04-25 22:35:00,35323.97,1376.12,2409.79,35442.23,35325.78750000004,1376.9170312500014,2409.755000000003,35444.10328125003
2026-04-25,22:36:00.000,2026-04-25 22:36:00,35323.81,1376.06,2409.83,35442.06,35325.62750000004,1376.8570312500015,2409.7950000000023,35443.93328125002
2026-04-25,22:37:00.000,2026-04-25 22:37:00,35323.63,1376.11,2409.82,35441.9,35325.44750000003,1376.9070312500012,2409.785000000003,35443.77328125003
2026-04-25,22:38:00.000,2026-04-25 22:38:00,35323.3,1376.36,2409.78,35441.58,35325.117500000044,1377.1570312500014,2409.745000000002,35443.453281250026
2026-04-25,22:39:00.000,2026-04-25 22:39:00,35323.05,1376.57,2409.77,35441.35,35324.867500000044,1377.3670312500014,2409.735000000002,35443.22328125003
2026-04-25,22:40:00.000,2026-04-25 22:40:00,35322.78,1376.76,2409.76,35441.09,35326.288750000036,1376.6120312500013,2409.742500000003,35444.589531250014
2026-04-25,22:41:00.000,2026-04-25 22:41:00,35322.55,1377.01,2409.77,35440.87,35326.05875000004,1376.8620312500013,2409.7525000000023,35444.36953125003
2026-04-25,22:42:00.000,2026-04-25 22:42:00,35322.24,1377.07,2409.76,35440.56,35325.74875000003,1376.9220312500015,2409.742500000003,35444.059531250015
2026-04-25,22:43:00.000,2026-04-25 22:43:00,35322.0,1377.1,2409.75,35440.32,35325.50875000004,1376.9520312500013,2409.732500000003,35443.819531250025
2026-04-25,22:44:00.000,2026-04-25 22:44:00,35321.84,1377.12,2409.75,35440.18,35325.34875000004,1376.9720312500012,2409.732500000003,35443.679531250025
2026-04-25,22:45:00.000,2026-04-25 22:45:00,35321.7,1377.01,2409.75,35440.03,35325.20875000004,1376.862031250001,2409.732500000003,35443.52953125003
2026-04-25,22:46:00.000,2026-04-25 22:46:00,35321.6,1377.23,2409.72,35439.94,35325.10875000004,1377.0820312500014,2409.702500000002,35443.439531250035
2026-04-25,22:47:00.000,2026-04-25 22:47:00,35322.0,1377.29,2409.83,35440.35,35325.50875000004,1377.1420312500013,2409.8125000000027,35443.84953125004
2026-04-25,22:48:00.000,2026-04-25 22:48:00,35322.52,1377.19,2409.95,35440.85,35324.04375000003,1377.8820312500015,2409.6550000000025,35442.37703125003
2026-04-25,22:49:00.000,2026-04-25 22:49:00,35323.17,1376.84,2410.09,35441.51,35324.69375000003,1377.5320312500016,2409.795000000003,35443.03703125003
2026-04-25,22:50:00.000,2026-04-25 22:50:00,35323.77,1376.29,2410.12,35442.08,35325.29375000004,1376.9820312500017,2409.825000000003,35443.60703125002
2026-04-25,22:51:00.000,2026-04-25 22:51:00,35324.23,1375.95,2410.1,35442.54,35325.75375000005,1376.6420312500015,2409.8050000000026,35444.06703125003
2026-04-25,22:52:00.000,2026-04-25 22:52:00,35324.54,1375.85,2410.08,35442.84,35326.06375000004,1376.542031250001,2409.785000000003,35444.36703125002
2026-04-25,22:53:00.000,2026-04-25 22:53:00,35324.7,1375.8,2410.06,35443.02,35326.22375000004,1376.4920312500012,2409.7650000000026,35444.547031250026
2026-04-25,22:54:00.000,2026-04-25 22:54:00,35324.85,1375.79,2409.99,35443.16,35326.37375000005,1376.482031250001,2409.695000000003,35444.68703125002
2026-04-25,22:55:00.000,2026-04-25 22:55:00,35324.81,1376.16,2409.92,35443.12,35326.33375000004,1376.852031250001,2409.625000000003,35444.647031250024
2026-04-25,22:56:00.000,2026-04-25 22:56:00,35324.9,1376.55,2409.93,35443.23,35325.53000000005,1375.807031250001,2409.7575000000024,35443.804531250025
2026-04-25,22:57:00.000,2026-04-25 22:57:00,35324.92,1377.03,2409.93,35443.26,35325.55000000004,1376.287031250001,2409.7575000000024,35443.834531250024
2026-04-25,22:58:00.000,2026-04-25 22:58:00,35325.07,1377.39,2409.94,35443.44,35325.70000000004,1376.6470312500014,2409.7675000000027,35444.014531250024
2026-04-25,22:59:00.000,2026-04-25 22:59:00,35325.15,1377.66,2409.95,35443.53,35325.78000000004,1376.9170312500014,2409.777500000002,35444.10453125002
2026-04-25,23:00:00.000,2026-04-25 23:00:00,35324.96,1378.0,2409.92,35443.35,35325.59000000003,1377.257031250001,2409.7475000000027,35443.92453125002
2026-04-25,23:01:00.000,2026-04-25 23:01:00,35324.82,1378.2,2409.9,35443.22,35325.45000000003,1377.4570312500014,2409.727500000003,35443.79453125003
2026-04-25,23:02:00.000,2026-04-25 23:02:00,35324.84,1378.17,2409.89,35443.23,35325.47000000003,1377.4270312500014,2409.7175000000025,35443.80453125003
2026-04-25,23:03:00.000,2026-04-25 23:03:00,35325.08,1378.35,2409.87,35443.48,35325.710000000036,1377.6070312500012,2409.697500000003,35444.05453125003
2026-04-25,23:04:00.000,2026-04-25 23:04:00,35325.51,1378.72,2409.96,35443.92,35324.47750000004,1375.9695312500014,2409.596250000003,35442.75328125003
2026-04-25,23:05:00.000,2026-04-25 23:05:00,35325.94,1379.11,2410.03,35444.36,35324.907500000045,1376.3595312500013,2409.6662500000034,35443.19328125003
2026-04-25,23:06:00.000,2026-04-25 23:06:00,35326.16,1379.6,2410.05,35444.6,35325.127500000046,1376.8495312500015,2409.686250000003,35443.43328125003
2026-04-25,23:07:00.000,2026-04-25 23:07:00,35326.5,1380.13,2410.12,35444.98,35325.46750000004,1377.3795312500017,2409.7562500000026,35443.81328125003
2026-04-25,23:08:00.000,2026-04-25 23:08:00,35326.88,1380.3,2410.21,35445.36,35325.84750000003,1377.549531250001,2409.8462500000023,35444.19328125002
2026-04-25,23:09:00.000,2026-04-25 23:09:00,35327.21,1380.2,2410.21,35445.69,35326.177500000034,1377.4495312500012,2409.8462500000023,35444.523281250025
2026-04-25,23:10:00.000,2026-04-25 23:10:00,35327.32,1379.87,2410.17,35445.79,35326.287500000035,1377.119531250001,2409.8062500000024,35444.62328125002
2026-04-25,23:11:00.000,2026-04-25 23:11:00,35327.52,1379.48,2410.11,35445.97,35326.48750000003,1376.7295312500012,2409.746250000003,35444.80328125001
2026-04-25,23:12:00.000,2026-04-25 23:12:00,35327.78,1379.03,2410.05,35446.2,35324.616250000036,1378.3520312500013,2409.9912500000023,35443.008281250026
2026-04-25,23:13:00.000,2026-04-25 23:13:00,35328.18,1378.58,2409.99,35446.59,35325.016250000044,1377.902031250001,2409.931250000002,35443.398281250025
2026-04-25,23:14:00.000,2026-04-25 23:14:00,35328.5,1378.02,2409.91,35446.86,35325.336250000044,1377.3420312500011,2409.851250000003,35443.66828125002
2026-04-25,23:15:00.000,2026-04-25 23:15:00,35328.72,1377.53,2409.84,35447.06,35325.556250000045,1376.8520312500013,2409.781250000003,35443.86828125002
2026-04-25,23:16:00.000,2026-04-25 23:16:00,35329.0,1377.3,2409.74,35447.32,35325.83625000004,1376.6220312500013,2409.6812500000024,35444.12828125003
2026-04-25,23:17:00.000,2026-04-25 23:17:00,35329.14,1377.06,2409.69,35447.46,35325.976250000036,1376.3820312500015,2409.631250000002,35444.26828125003
2026-04-25,23:18:00.000,2026-04-25 23:18:00,35329.26,1376.82,2409.61,35447.57,35326.09625000004,1376.1420312500013,2409.551250000003,35444.378281250036
2026-04-25,23:19:00.000,2026-04-25 23:19:00,35329.51,1376.49,2409.59,35447.81,35326.34625000004,1375.8120312500014,2409.5312500000027,35444.61828125003
2026-04-25,23:20:00.000,2026-04-25 23:20:00,35329.86,1376.12,2409.55,35448.13,35326.10375000003,1376.6095312500013,2410.088750000003,35444.40203125002
2026-04-25,23:21:00.000,2026-04-25 23:21:00,35330.12,1375.97,2409.5,35448.39,35326.36375000004,1376.4595312500012,2410.038750000003,35444.66203125003
2026-04-25,23:22:00.000,2026-04-25 23:22:00,35330.01,1376.03,2409.4,35448.29,35326.25375000003,1376.5195312500014,2409.938750000003,35444.56203125003
2026-04-25,23:23:00.000,2026-04-25 23:23:00,35329.73,1376.18,2409.24,35448.02,35325.973750000034,1376.6695312500015,2409.778750000003,35444.29203125003
2026-04-25,23:24:00.000,2026-04-25 23:24:00,35329.44,1376.33,2409.12,35447.73,35325.68375000004,1376.819531250001,2409.6587500000023,35444.002031250035
2026-04-25,23:25:00.000,2026-04-25 23:25:00,35329.06,1376.5,2409.04,35447.36,35325.303750000036,1376.9895312500012,2409.5787500000024,35443.632031250025
2026-04-25,23:26:00.000,2026-04-25 23:26:00,35328.56,1376.86,2408.93,35446.86,35324.803750000036,1377.3495312500015,2409.4687500000023,35443.132031250025
2026-04-25,23:27:00.000,2026-04-25 23:27:00,35328.05,1377.5,2408.86,35446.38,35324.29375000004,1377.9895312500014,2409.3987500000026,35442.652031250014
2026-04-25,23:28:00.000,2026-04-25 23:28:00,35327.69,1378.2,2408.84,35446.05,35330.03687500004,1376.4265625000012,2408.592187500003,35448.29062500003
2026-04-25,23:29:00.000,2026-04-25 23:29:00,35327.48,1378.84,2408.88,35445.88,35329.826875000035,1377.066562500001,2408.632187500003,35448.12062500002
2026-04-25,23:30:00.000,2026-04-25 23:30:00,35327.34,1379.11,2408.89,35445.74,35329.68687500003,1377.3365625000008,2408.642187500003,35447.98062500002
2026-04-25,23:31:00.000,2026-04-25 23:31:00,35327.22,1379.27,2408.94,35445.63,35329.56687500003,1377.4965625000011,2408.692187500003,35447.87062500002
2026-04-25,23:32:00.000,2026-04-25 23:32:00,35327.09,1379.25,2408.97,35445.5,35329.43687500002,1377.4765625000011,2408.7221875000023,35447.74062500002
2026-04-25,23:33:00.000,2026-04-25 23:33:00,35327.1,1378.94,2409.0,35445.51,35329.446875000016,1377.1665625000012,2408.752187500003,35447.750625000015
2026-04-25,23:34:00.000,2026-04-25 23:34:00,35327.44,1378.38,2409.07,35445.83,35329.78687500002,1376.6065625000012,2408.8221875000027,35448.07062500002
2026-04-25,23:35:00.000,2026-04-25 23:35:00,35327.86,1377.71,2409.09,35446.21,35330.20687500002,1375.9365625000012,2408.842187500003,35448.45062500003
2026-04-25,23:36:00.000,2026-04-25 23:36:00,35328.37,1377.14,2409.11,35446.69,35328.17062500002,1377.8640625000012,2408.7509375000027,35446.49187500002
2026-04-25,23:37:00.000,2026-04-25 23:37:00,35328.89,1376.72,2409.13,35447.2,35328.690625000025,1377.444062500001,2408.770937500003,35447.001875000016
2026-04-25,23:38:00.000,2026-04-25 23:38:00,35329.27,1376.45,2409.12,35447.56,35329.07062500002,1377.1740625000011,2408.7609375000025,35447.36187500002
2026-04-25,23:39:00.000,2026-04-25 23:39:00,35329.9,1376.18,2409.15,35448.19,35329.70062500003,1376.9040625000011,2408.790937500003,35447.99187500002
2026-04-25,23:40:00.000,2026-04-25 23:40:00,35330.42,1376.02,2409.13,35448.71,35330.22062500003,1376.7440625000008,2408.770937500003,35448.511875000026
2026-04-25,23:41:00.000,2026-04-25 23:41:00,35330.8,1375.84,2409.08,35449.07,35330.600625000036,1376.564062500001,2408.720937500003,35448.871875000026
2026-04-25,23:42:00.000,2026-04-25 23:42:00,35331.02,1375.68,2409.01,35449.28,35330.82062500003,1376.4040625000014,2408.650937500003,35449.081875000025
2026-04-25,23:43:00.000,2026-04-25 23:43:00,35330.92,1375.69,2408.84,35449.16,35330.72062500002,1376.4140625000011,2408.4809375000027,35448.96187500003
2026-04-25,23:44:00.000,2026-04-25 23:44:00,35330.97,1375.84,2408.75,35449.21,35329.98437500003,1376.6715625000013,2408.938437500003,35448.268125000024
2026-04-25,23:45:00.000,2026-04-25 23:45:00,35330.97,1375.99,2408.68,35449.21,35329.98437500003,1376.8215625000014,2408.8684375000025,35448.268125000024
2026-04-25,23:46:00.000,2026-04-25 23:46:00,35330.92,1376.06,2408.62,35449.15,35329.93437500001,1376.8915625000009,2408.808437500003,35448.20812500003
2026-04-25,23:47:00.000,2026-04-25 23:47:00,35330.83,1376.03,2408.55,35449.08,35329.844375000015,1376.8615625000011,2408.7384375000033,35448.13812500002
2026-04-25,23:48:00.000,2026-04-25 23:48:00,35330.68,1375.98,2408.47,35448.92,35329.694375000036,1376.8115625000014,2408.658437500003,35447.978125000016
2026-04-25,23:49:00.000,2026-04-25 23:49:00,35330.46,1376.1,2408.42,35448.7,35329.474375000034,1376.9315625000013,2408.6084375000028,35447.758125000015
2026-04-25,23:50:00.000,2026-04-25 23:50:00,35330.5,1376.37,2408.35,35448.74,35329.51437500003,1377.2015625000013,2408.5384375000026,35447.79812500003
2026-04-25,23:51:00.000,2026-04-25 23:51:00,35330.55,1376.49,2408.35,35448.8,35329.56437500003,1377.3215625000012,2408.5384375000026,35447.85812500003
2026-04-25,23:52:00.000,2026-04-25 23:52:00,35330.63,1376.46,2408.35,35448.87,35329.46812500003,1376.6778125000014,2408.7684375000026,35447.769375000025
2026-04-25,23:53:00.000,2026-04-25 23:53:00,35330.62,1376.49,2408.33,35448.85,35329.458125000034,1376.7078125000012,2408.748437500003,35447.74937500002
2026-04-25,23:54:00.000,2026-04-25 23:54:00,35330.7,1376.53,2408.29,35448.93,35329.53812500002,1376.7478125000014,2408.7084375000027,35447.82937500002
2026-04-25,23:55:00.000,2026-04-25 23:55:00,35330.77,1376.59,2408.26,35448.99,35329.60812500003,1376.8078125000013,2408.678437500003,35447.88937500002
2026-04-25,23:56:00.000,2026-04-25 23:56:00,35330.78,1376.73,2408.26,35449.01,35329.61812500002,1376.9478125000012,2408.6784375000025,35447.909375000025
2026-04-25,23:57:00.000,2026-04-25 23:57:00,35330.98,1376.89,2408.28,35449.19,35329.81812500002,1377.107812500001,2408.698437500003,35448.08937500003
2026-04-25,23:58:00.000,2026-04-25 23:58:00,35331.32,1377.05,2408.29,35449.54,35330.15812500003,1377.2678125000011,2408.708437500003,35448.43937500002
2026-04-25,23:59:00.000,2026-04-25 23:59:00,35331.49,1377.03,2408.29,35449.7,35330.32812500003,1377.2478125000011,2408.708437500003,35448.59937500001
